clip_name,label,index
train1,0,0
train2,0,1
train3,0,2
train4,0,3
train5,0,4
train6,1,5
train7,1,6
train8,0,7
train9,1,8
train10,0,9
train11,0,10
train12,1,11
train13,0,12
train14,0,13
train15,0,14
train16,0,15
train17,0,16
train18,0,17
train19,0,18
train20,0,19
train21,0,20
train22,0,21
train23,0,22
train24,0,23
train25,0,24
train26,0,25
train27,0,26
train28,1,27
train29,0,28
train30,0,29
train31,1,30
train32,1,31
train33,0,32
train34,0,33
train35,0,34
train36,0,35
train37,0,36
train38,0,37
train39,0,38
train40,0,39
train41,0,40
train42,0,41
train43,0,42
train44,0,43
train45,0,44
train46,0,45
train47,0,46
train48,0,47
train49,0,48
train50,0,49
train51,0,50
train52,0,51
train53,0,52
train54,0,53
train55,1,54
train56,0,55
train57,0,56
train58,0,57
train59,0,58
train60,0,59
train61,0,60
train62,0,61
train63,0,62
train64,1,63
train65,0,64
train66,0,65
train67,0,66
train68,0,67
train69,0,68
train70,0,69
train71,0,70
train72,0,71
train73,1,72
train74,1,73
train75,1,74
train76,0,75
train77,1,76
train78,1,77
train79,1,78
train80,1,79
train81,1,80
train82,1,81
train83,0,82
train84,1,83
train85,0,84
train86,0,85
train87,0,86
train88,0,87
train89,0,88
train90,0,89
train91,0,90
train92,0,91
train93,0,92
train94,0,93
train95,0,94
train96,0,95
train97,0,96
train98,0,97
train99,0,98
train100,0,99
train101,0,100
train102,0,101
train103,0,102
train104,0,103
train105,0,104
train106,0,105
train107,0,106
train108,0,107
train109,0,108
train110,0,109
train111,0,110
train112,0,111
train113,0,112
train114,0,113
train115,0,114
train116,0,115
train117,0,116
train118,0,117
train119,0,118
train120,0,119
train121,0,120
train122,0,121
train123,0,122
train124,0,123
train125,0,124
train126,0,125
train127,0,126
train128,0,127
train129,0,128
train130,0,129
train131,0,130
train132,0,131
train133,1,132
train134,0,133
train135,0,134
train136,0,135
train137,0,136
train138,0,137
train139,0,138
train140,0,139
train141,0,140
train142,0,141
train143,0,142
train144,0,143
train145,0,144
train146,0,145
train147,0,146
train148,0,147
train149,0,148
train150,0,149
train151,0,150
train152,0,151
train153,0,152
train154,0,153
train155,0,154
train156,0,155
train157,0,156
train158,0,157
train159,0,158
train160,0,159
train161,0,160
train162,0,161
train163,0,162
train164,0,163
train165,0,164
train166,0,165
train167,0,166
train168,1,167
train169,0,168
train170,0,169
train171,0,170
train172,0,171
train173,0,172
train174,0,173
train175,0,174
train176,0,175
train177,0,176
train178,0,177
train179,0,178
train180,1,179
train181,0,180
train182,0,181
train183,0,182
train184,0,183
train185,0,184
train186,0,185
train187,0,186
train188,0,187
train189,0,188
train190,0,189
train191,0,190
train192,0,191
train193,0,192
train194,0,193
train195,0,194
train196,0,195
train197,0,196
train198,0,197
train199,0,198
train200,0,199
train201,0,200
train202,0,201
train203,0,202
train204,0,203
train205,0,204
train206,0,205
train207,0,206
train208,0,207
train209,0,208
train210,0,209
train211,0,210
train212,0,211
train213,0,212
train214,0,213
train215,0,214
train216,0,215
train217,0,216
train218,0,217
train219,0,218
train220,0,219
train221,0,220
train222,0,221
train223,0,222
train224,0,223
train225,0,224
train226,1,225
train227,1,226
train228,1,227
train229,1,228
train230,1,229
train231,0,230
train232,0,231
train233,0,232
train234,0,233
train235,0,234
train236,0,235
train237,0,236
train238,0,237
train239,0,238
train240,0,239
train241,0,240
train242,0,241
train243,0,242
train244,0,243
train245,0,244
train246,0,245
train247,0,246
train248,0,247
train249,0,248
train250,0,249
train251,0,250
train252,0,251
train253,0,252
train254,0,253
train255,0,254
train256,0,255
train257,0,256
train258,0,257
train259,0,258
train260,0,259
train261,0,260
train262,0,261
train263,0,262
train264,0,263
train265,0,264
train266,0,265
train267,0,266
train268,0,267
train269,0,268
train270,0,269
train271,0,270
train272,0,271
train273,1,272
train274,0,273
train275,0,274
train276,0,275
train277,0,276
train278,0,277
train279,0,278
train280,0,279
train281,0,280
train282,0,281
train283,0,282
train284,0,283
train285,0,284
train286,0,285
train287,0,286
train288,0,287
train289,0,288
train290,0,289
train291,0,290
train292,0,291
train293,0,292
train294,0,293
train295,0,294
train296,0,295
train297,0,296
train298,0,297
train299,0,298
train300,0,299
train301,0,300
train302,0,301
train303,0,302
train304,0,303
train305,0,304
train306,0,305
train307,0,306
train308,0,307
train309,0,308
train310,1,309
train311,0,310
train312,0,311
train313,0,312
train314,0,313
train315,0,314
train316,0,315
train317,0,316
train318,0,317
train319,0,318
train320,0,319
train321,0,320
train322,0,321
train323,0,322
train324,0,323
train325,0,324
train326,0,325
train327,0,326
train328,0,327
train329,0,328
train330,0,329
train331,0,330
train332,0,331
train333,0,332
train334,0,333
train335,0,334
train336,0,335
train337,0,336
train338,0,337
train339,0,338
train340,0,339
train341,0,340
train342,0,341
train343,0,342
train344,0,343
train345,0,344
train346,0,345
train347,0,346
train348,0,347
train349,1,348
train350,1,349
train351,1,350
train352,1,351
train353,0,352
train354,0,353
train355,0,354
train356,0,355
train357,0,356
train358,0,357
train359,0,358
train360,0,359
train361,0,360
train362,0,361
train363,0,362
train364,0,363
train365,0,364
train366,0,365
train367,0,366
train368,0,367
train369,0,368
train370,0,369
train371,0,370
train372,0,371
train373,1,372
train374,0,373
train375,0,374
train376,0,375
train377,0,376
train378,1,377
train379,1,378
train380,1,379
train381,0,380
train382,0,381
train383,0,382
train384,0,383
train385,0,384
train386,1,385
train387,0,386
train388,0,387
train389,0,388
train390,0,389
train391,0,390
train392,0,391
train393,0,392
train394,0,393
train395,0,394
train396,0,395
train397,0,396
train398,0,397
train399,0,398
train400,0,399
train401,1,400
train402,0,401
train403,0,402
train404,0,403
train405,0,404
train406,0,405
train407,0,406
train408,0,407
train409,1,408
train410,0,409
train411,0,410
train412,0,411
train413,0,412
train414,0,413
train415,0,414
train416,0,415
train417,0,416
train418,1,417
train419,0,418
train420,0,419
train421,0,420
train422,0,421
train423,0,422
train424,0,423
train425,0,424
train426,0,425
train427,0,426
train428,0,427
train429,0,428
train430,0,429
train431,0,430
train432,0,431
train433,0,432
train434,1,433
train435,0,434
train436,0,435
train437,0,436
train438,0,437
train439,0,438
train440,0,439
train441,0,440
train442,0,441
train443,0,442
train444,0,443
train445,0,444
train446,0,445
train447,0,446
train448,0,447
train449,0,448
train450,0,449
train451,0,450
train452,0,451
train453,0,452
train454,0,453
train455,0,454
train456,0,455
train457,0,456
train458,0,457
train459,0,458
train460,0,459
train461,0,460
train462,0,461
train463,0,462
train464,0,463
train465,0,464
train466,0,465
train467,0,466
train468,0,467
train469,0,468
train470,0,469
train471,0,470
train472,0,471
train473,0,472
train474,0,473
train475,0,474
train476,0,475
train477,0,476
train478,0,477
train479,0,478
train480,0,479
train481,0,480
train482,0,481
train483,0,482
train484,0,483
train485,0,484
train486,0,485
train487,0,486
train488,0,487
train489,0,488
train490,0,489
train491,0,490
train492,0,491
train493,0,492
train494,0,493
train495,0,494
train496,0,495
train497,0,496
train498,0,497
train499,0,498
train500,0,499
train501,0,500
train502,0,501
train503,0,502
train504,0,503
train505,0,504
train506,0,505
train507,1,506
train508,1,507
train509,1,508
train510,1,509
train511,0,510
train512,0,511
train513,0,512
train514,0,513
train515,0,514
train516,0,515
train517,0,516
train518,0,517
train519,0,518
train520,0,519
train521,0,520
train522,0,521
train523,0,522
train524,0,523
train525,0,524
train526,0,525
train527,0,526
train528,0,527
train529,0,528
train530,0,529
train531,0,530
train532,0,531
train533,0,532
train534,0,533
train535,0,534
train536,0,535
train537,0,536
train538,0,537
train539,0,538
train540,0,539
train541,0,540
train542,0,541
train543,0,542
train544,0,543
train545,0,544
train546,0,545
train547,0,546
train548,0,547
train549,0,548
train550,0,549
train551,0,550
train552,0,551
train553,0,552
train554,0,553
train555,0,554
train556,0,555
train557,0,556
train558,0,557
train559,0,558
train560,0,559
train561,0,560
train562,0,561
train563,0,562
train564,0,563
train565,0,564
train566,1,565
train567,0,566
train568,0,567
train569,0,568
train570,0,569
train571,0,570
train572,0,571
train573,0,572
train574,0,573
train575,0,574
train576,0,575
train577,0,576
train578,0,577
train579,0,578
train580,0,579
train581,0,580
train582,0,581
train583,0,582
train584,0,583
train585,0,584
train586,0,585
train587,0,586
train588,0,587
train589,0,588
train590,0,589
train591,0,590
train592,0,591
train593,0,592
train594,0,593
train595,0,594
train596,0,595
train597,0,596
train598,0,597
train599,0,598
train600,0,599
train601,1,600
train602,0,601
train603,0,602
train604,0,603
train605,0,604
train606,0,605
train607,0,606
train608,0,607
train609,0,608
train610,0,609
train611,0,610
train612,0,611
train613,0,612
train614,0,613
train615,0,614
train616,0,615
train617,0,616
train618,0,617
train619,0,618
train620,0,619
train621,0,620
train622,0,621
train623,0,622
train624,0,623
train625,0,624
train626,0,625
train627,0,626
train628,0,627
train629,0,628
train630,0,629
train631,0,630
train632,0,631
train633,0,632
train634,0,633
train635,0,634
train636,0,635
train637,0,636
train638,0,637
train639,0,638
train640,0,639
train641,0,640
train642,0,641
train643,0,642
train644,0,643
train645,0,644
train646,0,645
train647,0,646
train648,0,647
train649,0,648
train650,0,649
train651,1,650
train652,0,651
train653,0,652
train654,0,653
train655,0,654
train656,0,655
train657,0,656
train658,0,657
train659,0,658
train660,0,659
train661,0,660
train662,0,661
train663,0,662
train664,0,663
train665,0,664
train666,0,665
train667,0,666
train668,0,667
train669,0,668
train670,0,669
train671,0,670
train672,0,671
train673,1,672
train674,0,673
train675,0,674
train676,0,675
train677,0,676
train678,0,677
train679,0,678
train680,0,679
train681,0,680
train682,0,681
train683,1,682
train684,1,683
train685,1,684
train686,0,685
train687,0,686
train688,0,687
train689,0,688
train690,0,689
train691,0,690
train692,0,691
train693,0,692
train694,0,693
train695,0,694
train696,0,695
train697,0,696
train698,0,697
train699,0,698
train700,1,699
train701,1,700
train702,0,701
train703,0,702
train704,0,703
train705,0,704
train706,0,705
train707,0,706
train708,0,707
train709,0,708
train710,0,709
train711,0,710
train712,0,711
train713,0,712
train714,0,713
train715,0,714
train716,0,715
train717,0,716
train718,0,717
train719,0,718
train720,0,719
train721,0,720
train722,0,721
train723,0,722
train724,0,723
train725,0,724
train726,0,725
train727,1,726
train728,0,727
train729,0,728
train730,1,729
train731,0,730
train732,1,731
train733,0,732
train734,1,733
train735,0,734
train736,1,735
train737,1,736
train738,1,737
train739,1,738
train740,0,739
train741,0,740
train742,0,741
train743,0,742
train744,0,743
train745,0,744
train746,0,745
train747,0,746
train748,0,747
train749,0,748
train750,0,749
train751,0,750
train752,0,751
train753,0,752
train754,0,753
train755,0,754
train756,0,755
train757,0,756
train758,0,757
train759,0,758
train760,0,759
train761,0,760
train762,0,761
train763,0,762
train764,0,763
train765,1,764
train766,0,765
train767,0,766
train768,0,767
train769,0,768
train770,0,769
train771,0,770
train772,0,771
train773,0,772
train774,0,773
train775,0,774
train776,0,775
train777,0,776
train778,0,777
train779,0,778
train780,0,779
train781,0,780
train782,0,781
train783,0,782
train784,0,783
train785,0,784
train786,0,785
train787,0,786
train788,0,787
train789,0,788
train790,0,789
train791,0,790
train792,0,791
train793,0,792
train794,0,793
train795,1,794
train796,0,795
train797,0,796
train798,0,797
train799,0,798
train800,0,799
train801,0,800
train802,0,801
train803,0,802
train804,0,803
train805,0,804
train806,0,805
train807,0,806
train808,0,807
train809,0,808
train810,0,809
train811,0,810
train812,0,811
train813,0,812
train814,0,813
train815,0,814
train816,0,815
train817,0,816
train818,0,817
train819,0,818
train820,0,819
train821,0,820
train822,0,821
train823,0,822
train824,0,823
train825,0,824
train826,0,825
train827,0,826
train828,0,827
train829,0,828
train830,0,829
train831,0,830
train832,0,831
train833,0,832
train834,0,833
train835,0,834
train836,0,835
train837,0,836
train838,0,837
train839,0,838
train840,0,839
train841,0,840
train842,0,841
train843,0,842
train844,0,843
train845,0,844
train846,0,845
train847,0,846
train848,0,847
train849,0,848
train850,0,849
train851,0,850
train852,0,851
train853,0,852
train854,0,853
train855,0,854
train856,0,855
train857,0,856
train858,0,857
train859,0,858
train860,1,859
train861,0,860
train862,0,861
train863,0,862
train864,0,863
train865,0,864
train866,0,865
train867,0,866
train868,0,867
train869,0,868
train870,0,869
train871,0,870
train872,0,871
train873,0,872
train874,0,873
train875,0,874
train876,0,875
train877,0,876
train878,0,877
train879,0,878
train880,1,879
train881,0,880
train882,0,881
train883,0,882
train884,0,883
train885,0,884
train886,0,885
train887,0,886
train888,0,887
train889,0,888
train890,0,889
train891,0,890
train892,1,891
train893,1,892
train894,0,893
train895,0,894
train896,0,895
train897,0,896
train898,0,897
train899,0,898
train900,0,899
train901,0,900
train902,0,901
train903,0,902
train904,0,903
train905,0,904
train906,0,905
train907,0,906
train908,0,907
train909,0,908
train910,0,909
train911,0,910
train912,0,911
train913,0,912
train914,0,913
train915,0,914
train916,0,915
train917,0,916
train918,0,917
train919,0,918
train920,0,919
train921,0,920
train922,0,921
train923,0,922
train924,0,923
train925,0,924
train926,0,925
train927,0,926
train928,0,927
train929,0,928
train930,0,929
train931,1,930
train932,1,931
train933,0,932
train934,1,933
train935,0,934
train936,0,935
train937,0,936
train938,0,937
train939,0,938
train940,0,939
train941,0,940
train942,0,941
train943,0,942
train944,1,943
train945,0,944
train946,0,945
train947,0,946
train948,0,947
train949,0,948
train950,0,949
train951,0,950
train952,0,951
train953,0,952
train954,0,953
train955,0,954
train956,0,955
train957,0,956
train958,1,957
train959,0,958
train960,1,959
train961,1,960
train962,1,961
train963,1,962
train964,0,963
train965,0,964
train966,0,965
train967,1,966
train968,1,967
train969,1,968
train970,0,969
train971,0,970
train972,0,971
train973,0,972
train974,0,973
train975,1,974
train976,1,975
train977,0,976
train978,0,977
train979,0,978
train980,0,979
train981,1,980
train982,0,981
train983,0,982
train984,0,983
train985,0,984
train986,0,985
train987,0,986
train988,0,987
train989,0,988
train990,0,989
train991,1,990
train992,0,991
train993,0,992
train994,0,993
train995,0,994
train996,0,995
train997,1,996
train998,0,997
train999,0,998
train1000,1,999
train1001,0,1000
train1002,0,1001
train1003,0,1002
train1004,0,1003
train1005,0,1004
train1006,0,1005
train1007,1,1006
train1008,0,1007
train1009,0,1008
train1010,0,1009
train1011,0,1010
train1012,0,1011
train1013,0,1012
train1014,0,1013
train1015,0,1014
train1016,0,1015
train1017,0,1016
train1018,0,1017
train1019,0,1018
train1020,0,1019
train1021,0,1020
train1022,0,1021
train1023,0,1022
train1024,0,1023
train1025,0,1024
train1026,0,1025
train1027,0,1026
train1028,0,1027
train1029,0,1028
train1030,1,1029
train1031,0,1030
train1032,0,1031
train1033,0,1032
train1034,0,1033
train1035,0,1034
train1036,0,1035
train1037,0,1036
train1038,0,1037
train1039,0,1038
train1040,0,1039
train1041,0,1040
train1042,0,1041
train1043,0,1042
train1044,0,1043
train1045,0,1044
train1046,1,1045
train1047,1,1046
train1048,0,1047
train1049,1,1048
train1050,0,1049
train1051,1,1050
train1052,0,1051
train1053,0,1052
train1054,0,1053
train1055,1,1054
train1056,0,1055
train1057,1,1056
train1058,0,1057
train1059,1,1058
train1060,1,1059
train1061,0,1060
train1062,0,1061
train1063,0,1062
train1064,0,1063
train1065,0,1064
train1066,1,1065
train1067,0,1066
train1068,0,1067
train1069,0,1068
train1070,0,1069
train1071,0,1070
train1072,0,1071
train1073,0,1072
train1074,0,1073
train1075,1,1074
train1076,0,1075
train1077,1,1076
train1078,0,1077
train1079,1,1078
train1080,1,1079
train1081,0,1080
train1082,1,1081
train1083,0,1082
train1084,0,1083
train1085,0,1084
train1086,0,1085
train1087,0,1086
train1088,0,1087
train1089,1,1088
train1090,0,1089
train1091,1,1090
train1092,1,1091
train1093,1,1092
train1094,0,1093
train1095,0,1094
train1096,0,1095
train1097,0,1096
train1098,0,1097
train1099,0,1098
train1100,0,1099
train1101,1,1100
train1102,1,1101
train1103,1,1102
train1104,1,1103
train1105,0,1104
train1106,0,1105
train1107,0,1106
train1108,0,1107
train1109,0,1108
train1110,0,1109
train1111,0,1110
train1112,1,1111
train1113,0,1112
train1114,0,1113
train1115,0,1114
train1116,0,1115
train1117,0,1116
train1118,0,1117
train1119,0,1118
train1120,0,1119
train1121,0,1120
train1122,1,1121
train1123,0,1122
train1124,0,1123
train1125,0,1124
train1126,0,1125
train1127,1,1126
train1128,0,1127
train1129,0,1128
train1130,1,1129
train1131,0,1130
train1132,0,1131
train1133,0,1132
train1134,0,1133
train1135,0,1134
train1136,0,1135
train1137,0,1136
train1138,0,1137
train1139,0,1138
train1140,0,1139
train1141,0,1140
train1142,1,1141
train1143,1,1142
train1144,0,1143
train1145,0,1144
train1146,0,1145
train1147,0,1146
train1148,1,1147
train1149,1,1148
train1150,1,1149
train1151,0,1150
train1152,0,1151
train1153,0,1152
train1154,0,1153
train1155,0,1154
train1156,0,1155
train1157,0,1156
train1158,0,1157
train1159,0,1158
train1160,0,1159
train1161,1,1160
train1162,1,1161
train1163,0,1162
train1164,0,1163
train1165,0,1164
train1166,0,1165
train1167,0,1166
train1168,0,1167
train1169,0,1168
train1170,0,1169
train1171,0,1170
train1172,1,1171
train1173,1,1172
train1174,1,1173
train1175,0,1174
train1176,0,1175
train1177,0,1176
train1178,0,1177
train1179,0,1178
train1180,0,1179
train1181,0,1180
train1182,0,1181
train1183,0,1182
train1184,0,1183
train1185,0,1184
train1186,0,1185
train1187,0,1186
train1188,0,1187
train1189,0,1188
train1190,0,1189
train1191,0,1190
train1192,0,1191
train1193,0,1192
train1194,0,1193
train1195,0,1194
train1196,0,1195
train1197,0,1196
train1198,0,1197
train1199,0,1198
train1200,0,1199
train1201,0,1200
train1202,0,1201
train1203,0,1202
train1204,0,1203
train1205,0,1204
train1206,0,1205
train1207,0,1206
train1208,0,1207
train1209,0,1208
train1210,0,1209
train1211,0,1210
train1212,0,1211
train1213,0,1212
train1214,0,1213
train1215,0,1214
train1216,0,1215
train1217,0,1216
train1218,0,1217
train1219,0,1218
train1220,0,1219
train1221,0,1220
train1222,0,1221
train1223,0,1222
train1224,1,1223
train1225,1,1224
train1226,1,1225
train1227,0,1226
train1228,0,1227
train1229,0,1228
train1230,0,1229
train1231,0,1230
train1232,0,1231
train1233,0,1232
train1234,0,1233
train1235,0,1234
train1236,0,1235
train1237,0,1236
train1238,0,1237
train1239,0,1238
train1240,0,1239
train1241,0,1240
train1242,0,1241
train1243,0,1242
train1244,0,1243
train1245,0,1244
train1246,0,1245
train1247,0,1246
train1248,0,1247
train1249,0,1248
train1250,0,1249
train1251,0,1250
train1252,0,1251
train1253,0,1252
train1254,0,1253
train1255,0,1254
train1256,0,1255
train1257,0,1256
train1258,0,1257
train1259,0,1258
train1260,0,1259
train1261,0,1260
train1262,0,1261
train1263,0,1262
train1264,0,1263
train1265,0,1264
train1266,0,1265
train1267,0,1266
train1268,0,1267
train1269,0,1268
train1270,0,1269
train1271,0,1270
train1272,0,1271
train1273,0,1272
train1274,0,1273
train1275,0,1274
train1276,0,1275
train1277,0,1276
train1278,0,1277
train1279,0,1278
train1280,0,1279
train1281,0,1280
train1282,0,1281
train1283,0,1282
train1284,0,1283
train1285,0,1284
train1286,0,1285
train1287,0,1286
train1288,0,1287
train1289,0,1288
train1290,0,1289
train1291,0,1290
train1292,0,1291
train1293,0,1292
train1294,0,1293
train1295,0,1294
train1296,0,1295
train1297,0,1296
train1298,0,1297
train1299,0,1298
train1300,0,1299
train1301,0,1300
train1302,0,1301
train1303,0,1302
train1304,0,1303
train1305,0,1304
train1306,0,1305
train1307,0,1306
train1308,0,1307
train1309,0,1308
train1310,0,1309
train1311,0,1310
train1312,0,1311
train1313,0,1312
train1314,0,1313
train1315,0,1314
train1316,0,1315
train1317,0,1316
train1318,0,1317
train1319,0,1318
train1320,0,1319
train1321,0,1320
train1322,0,1321
train1323,0,1322
train1324,0,1323
train1325,0,1324
train1326,1,1325
train1327,1,1326
train1328,1,1327
train1329,1,1328
train1330,1,1329
train1331,1,1330
train1332,0,1331
train1333,0,1332
train1334,0,1333
train1335,0,1334
train1336,0,1335
train1337,0,1336
train1338,0,1337
train1339,0,1338
train1340,0,1339
train1341,1,1340
train1342,1,1341
train1343,0,1342
train1344,0,1343
train1345,0,1344
train1346,0,1345
train1347,0,1346
train1348,0,1347
train1349,0,1348
train1350,0,1349
train1351,0,1350
train1352,0,1351
train1353,0,1352
train1354,0,1353
train1355,0,1354
train1356,0,1355
train1357,1,1356
train1358,0,1357
train1359,1,1358
train1360,1,1359
train1361,1,1360
train1362,0,1361
train1363,1,1362
train1364,1,1363
train1365,1,1364
train1366,1,1365
train1367,1,1366
train1368,0,1367
train1369,0,1368
train1370,0,1369
train1371,1,1370
train1372,0,1371
train1373,0,1372
train1374,0,1373
train1375,0,1374
train1376,1,1375
train1377,1,1376
train1378,1,1377
train1379,0,1378
train1380,0,1379
train1381,0,1380
train1382,0,1381
train1383,0,1382
train1384,0,1383
train1385,0,1384
train1386,0,1385
train1387,0,1386
train1388,0,1387
train1389,0,1388
train1390,0,1389
train1391,0,1390
train1392,0,1391
train1393,0,1392
train1394,0,1393
train1395,0,1394
train1396,0,1395
train1397,0,1396
train1398,0,1397
train1399,0,1398
train1400,0,1399
train1401,0,1400
train1402,0,1401
train1403,0,1402
train1404,0,1403
train1405,0,1404
train1406,0,1405
train1407,0,1406
train1408,0,1407
train1409,0,1408
train1410,0,1409
train1411,0,1410
train1412,0,1411
train1413,0,1412
train1414,0,1413
train1415,0,1414
train1416,0,1415
train1417,0,1416
train1418,0,1417
train1419,0,1418
train1420,0,1419
train1421,1,1420
train1422,0,1421
train1423,0,1422
train1424,0,1423
train1425,0,1424
train1426,0,1425
train1427,0,1426
train1428,0,1427
train1429,0,1428
train1430,0,1429
train1431,0,1430
train1432,0,1431
train1433,0,1432
train1434,0,1433
train1435,0,1434
train1436,0,1435
train1437,0,1436
train1438,0,1437
train1439,0,1438
train1440,0,1439
train1441,1,1440
train1442,1,1441
train1443,1,1442
train1444,1,1443
train1445,0,1444
train1446,0,1445
train1447,0,1446
train1448,0,1447
train1449,0,1448
train1450,0,1449
train1451,0,1450
train1452,0,1451
train1453,0,1452
train1454,0,1453
train1455,0,1454
train1456,0,1455
train1457,0,1456
train1458,0,1457
train1459,0,1458
train1460,0,1459
train1461,0,1460
train1462,0,1461
train1463,0,1462
train1464,0,1463
train1465,0,1464
train1466,0,1465
train1467,0,1466
train1468,0,1467
train1469,0,1468
train1470,0,1469
train1471,0,1470
train1472,0,1471
train1473,0,1472
train1474,0,1473
train1475,0,1474
train1476,1,1475
train1477,1,1476
train1478,0,1477
train1479,0,1478
train1480,0,1479
train1481,0,1480
train1482,0,1481
train1483,0,1482
train1484,0,1483
train1485,0,1484
train1486,0,1485
train1487,0,1486
train1488,0,1487
train1489,0,1488
train1490,0,1489
train1491,0,1490
train1492,0,1491
train1493,0,1492
train1494,0,1493
train1495,0,1494
train1496,0,1495
train1497,0,1496
train1498,0,1497
train1499,0,1498
train1500,0,1499
train1501,0,1500
train1502,0,1501
train1503,0,1502
train1504,0,1503
train1505,0,1504
train1506,0,1505
train1507,0,1506
train1508,1,1507
train1509,0,1508
train1510,0,1509
train1511,0,1510
train1512,0,1511
train1513,0,1512
train1514,1,1513
train1515,0,1514
train1516,0,1515
train1517,0,1516
train1518,0,1517
train1519,0,1518
train1520,0,1519
train1521,0,1520
train1522,0,1521
train1523,0,1522
train1524,0,1523
train1525,0,1524
train1526,0,1525
train1527,0,1526
train1528,0,1527
train1529,0,1528
train1530,0,1529
train1531,0,1530
train1532,0,1531
train1533,0,1532
train1534,0,1533
train1535,0,1534
train1536,0,1535
train1537,0,1536
train1538,0,1537
train1539,0,1538
train1540,0,1539
train1541,0,1540
train1542,0,1541
train1543,0,1542
train1544,0,1543
train1545,0,1544
train1546,0,1545
train1547,0,1546
train1548,0,1547
train1549,0,1548
train1550,0,1549
train1551,0,1550
train1552,0,1551
train1553,0,1552
train1554,0,1553
train1555,0,1554
train1556,0,1555
train1557,0,1556
train1558,0,1557
train1559,0,1558
train1560,0,1559
train1561,0,1560
train1562,0,1561
train1563,0,1562
train1564,0,1563
train1565,0,1564
train1566,0,1565
train1567,0,1566
train1568,0,1567
train1569,0,1568
train1570,0,1569
train1571,0,1570
train1572,0,1571
train1573,0,1572
train1574,0,1573
train1575,0,1574
train1576,0,1575
train1577,0,1576
train1578,0,1577
train1579,0,1578
train1580,0,1579
train1581,0,1580
train1582,0,1581
train1583,0,1582
train1584,0,1583
train1585,0,1584
train1586,0,1585
train1587,0,1586
train1588,0,1587
train1589,0,1588
train1590,0,1589
train1591,0,1590
train1592,0,1591
train1593,0,1592
train1594,0,1593
train1595,0,1594
train1596,0,1595
train1597,0,1596
train1598,0,1597
train1599,0,1598
train1600,0,1599
train1601,0,1600
train1602,0,1601
train1603,0,1602
train1604,0,1603
train1605,0,1604
train1606,0,1605
train1607,0,1606
train1608,0,1607
train1609,0,1608
train1610,0,1609
train1611,0,1610
train1612,0,1611
train1613,0,1612
train1614,0,1613
train1615,0,1614
train1616,0,1615
train1617,0,1616
train1618,0,1617
train1619,0,1618
train1620,0,1619
train1621,0,1620
train1622,0,1621
train1623,0,1622
train1624,0,1623
train1625,0,1624
train1626,0,1625
train1627,0,1626
train1628,0,1627
train1629,0,1628
train1630,0,1629
train1631,0,1630
train1632,0,1631
train1633,0,1632
train1634,1,1633
train1635,1,1634
train1636,1,1635
train1637,1,1636
train1638,0,1637
train1639,1,1638
train1640,1,1639
train1641,1,1640
train1642,1,1641
train1643,0,1642
train1644,0,1643
train1645,0,1644
train1646,0,1645
train1647,0,1646
train1648,0,1647
train1649,0,1648
train1650,0,1649
train1651,0,1650
train1652,1,1651
train1653,1,1652
train1654,1,1653
train1655,1,1654
train1656,1,1655
train1657,1,1656
train1658,0,1657
train1659,0,1658
train1660,0,1659
train1661,0,1660
train1662,0,1661
train1663,0,1662
train1664,0,1663
train1665,0,1664
train1666,0,1665
train1667,1,1666
train1668,0,1667
train1669,0,1668
train1670,0,1669
train1671,0,1670
train1672,0,1671
train1673,0,1672
train1674,0,1673
train1675,0,1674
train1676,0,1675
train1677,0,1676
train1678,0,1677
train1679,0,1678
train1680,0,1679
train1681,0,1680
train1682,0,1681
train1683,0,1682
train1684,0,1683
train1685,0,1684
train1686,0,1685
train1687,0,1686
train1688,0,1687
train1689,0,1688
train1690,0,1689
train1691,0,1690
train1692,0,1691
train1693,0,1692
train1694,0,1693
train1695,0,1694
train1696,0,1695
train1697,0,1696
train1698,0,1697
train1699,0,1698
train1700,0,1699
train1701,0,1700
train1702,0,1701
train1703,0,1702
train1704,0,1703
train1705,0,1704
train1706,0,1705
train1707,0,1706
train1708,0,1707
train1709,0,1708
train1710,0,1709
train1711,0,1710
train1712,0,1711
train1713,0,1712
train1714,0,1713
train1715,0,1714
train1716,0,1715
train1717,0,1716
train1718,0,1717
train1719,0,1718
train1720,0,1719
train1721,0,1720
train1722,0,1721
train1723,0,1722
train1724,0,1723
train1725,0,1724
train1726,0,1725
train1727,0,1726
train1728,0,1727
train1729,0,1728
train1730,0,1729
train1731,0,1730
train1732,0,1731
train1733,0,1732
train1734,0,1733
train1735,0,1734
train1736,0,1735
train1737,0,1736
train1738,0,1737
train1739,0,1738
train1740,0,1739
train1741,0,1740
train1742,0,1741
train1743,0,1742
train1744,0,1743
train1745,0,1744
train1746,0,1745
train1747,0,1746
train1748,0,1747
train1749,0,1748
train1750,1,1749
train1751,0,1750
train1752,0,1751
train1753,0,1752
train1754,0,1753
train1755,0,1754
train1756,0,1755
train1757,0,1756
train1758,0,1757
train1759,0,1758
train1760,0,1759
train1761,0,1760
train1762,0,1761
train1763,0,1762
train1764,0,1763
train1765,0,1764
train1766,0,1765
train1767,0,1766
train1768,0,1767
train1769,0,1768
train1770,0,1769
train1771,0,1770
train1772,0,1771
train1773,0,1772
train1774,0,1773
train1775,0,1774
train1776,0,1775
train1777,0,1776
train1778,0,1777
train1779,0,1778
train1780,0,1779
train1781,0,1780
train1782,0,1781
train1783,0,1782
train1784,0,1783
train1785,0,1784
train1786,0,1785
train1787,0,1786
train1788,0,1787
train1789,0,1788
train1790,0,1789
train1791,0,1790
train1792,0,1791
train1793,0,1792
train1794,0,1793
train1795,0,1794
train1796,0,1795
train1797,0,1796
train1798,0,1797
train1799,0,1798
train1800,0,1799
train1801,0,1800
train1802,0,1801
train1803,0,1802
train1804,0,1803
train1805,0,1804
train1806,0,1805
train1807,0,1806
train1808,0,1807
train1809,0,1808
train1810,0,1809
train1811,0,1810
train1812,0,1811
train1813,0,1812
train1814,0,1813
train1815,0,1814
train1816,0,1815
train1817,0,1816
train1818,0,1817
train1819,0,1818
train1820,0,1819
train1821,0,1820
train1822,0,1821
train1823,1,1822
train1824,1,1823
train1825,1,1824
train1826,1,1825
train1827,0,1826
train1828,0,1827
train1829,0,1828
train1830,0,1829
train1831,0,1830
train1832,0,1831
train1833,0,1832
train1834,0,1833
train1835,0,1834
train1836,0,1835
train1837,0,1836
train1838,1,1837
train1839,1,1838
train1840,1,1839
train1841,1,1840
train1842,0,1841
train1843,0,1842
train1844,0,1843
train1845,1,1844
train1846,1,1845
train1847,1,1846
train1848,1,1847
train1849,0,1848
train1850,0,1849
train1851,0,1850
train1852,0,1851
train1853,0,1852
train1854,0,1853
train1855,0,1854
train1856,0,1855
train1857,0,1856
train1858,0,1857
train1859,0,1858
train1860,0,1859
train1861,0,1860
train1862,0,1861
train1863,0,1862
train1864,0,1863
train1865,1,1864
train1866,1,1865
train1867,1,1866
train1868,0,1867
train1869,0,1868
train1870,0,1869
train1871,1,1870
train1872,0,1871
train1873,0,1872
train1874,0,1873
train1875,0,1874
train1876,0,1875
train1877,0,1876
train1878,0,1877
train1879,0,1878
train1880,0,1879
train1881,0,1880
train1882,0,1881
train1883,0,1882
train1884,0,1883
train1885,0,1884
train1886,0,1885
train1887,0,1886
train1888,0,1887
train1889,0,1888
train1890,0,1889
train1891,0,1890
train1892,0,1891
train1893,0,1892
train1894,0,1893
train1895,0,1894
train1896,0,1895
train1897,0,1896
train1898,0,1897
train1899,0,1898
train1900,1,1899
train1901,1,1900
train1902,1,1901
train1903,1,1902
train1904,1,1903
train1905,0,1904
train1906,0,1905
train1907,0,1906
train1908,0,1907
train1909,0,1908
train1910,0,1909
train1911,0,1910
train1912,0,1911
train1913,0,1912
train1914,0,1913
train1915,0,1914
train1916,0,1915
train1917,0,1916
train1918,0,1917
train1919,0,1918
train1920,0,1919
train1921,0,1920
train1922,1,1921
train1923,0,1922
train1924,0,1923
train1925,0,1924
train1926,0,1925
train1927,0,1926
train1928,0,1927
train1929,0,1928
train1930,0,1929
train1931,0,1930
train1932,0,1931
train1933,0,1932
train1934,0,1933
train1935,0,1934
train1936,0,1935
train1937,0,1936
train1938,0,1937
train1939,0,1938
train1940,0,1939
train1941,0,1940
train1942,0,1941
train1943,0,1942
train1944,0,1943
train1945,0,1944
train1946,0,1945
train1947,0,1946
train1948,0,1947
train1949,0,1948
train1950,0,1949
train1951,0,1950
train1952,0,1951
train1953,0,1952
train1954,0,1953
train1955,0,1954
train1956,0,1955
train1957,0,1956
train1958,0,1957
train1959,0,1958
train1960,0,1959
train1961,0,1960
train1962,0,1961
train1963,0,1962
train1964,0,1963
train1965,0,1964
train1966,0,1965
train1967,0,1966
train1968,0,1967
train1969,0,1968
train1970,0,1969
train1971,0,1970
train1972,0,1971
train1973,0,1972
train1974,0,1973
train1975,0,1974
train1976,0,1975
train1977,0,1976
train1978,0,1977
train1979,0,1978
train1980,0,1979
train1981,0,1980
train1982,0,1981
train1983,0,1982
train1984,0,1983
train1985,0,1984
train1986,0,1985
train1987,0,1986
train1988,0,1987
train1989,0,1988
train1990,0,1989
train1991,0,1990
train1992,0,1991
train1993,0,1992
train1994,0,1993
train1995,0,1994
train1996,0,1995
train1997,0,1996
train1998,0,1997
train1999,0,1998
train2000,0,1999
train2001,0,2000
train2002,0,2001
train2003,0,2002
train2004,0,2003
train2005,0,2004
train2006,0,2005
train2007,0,2006
train2008,0,2007
train2009,0,2008
train2010,0,2009
train2011,0,2010
train2012,0,2011
train2013,0,2012
train2014,0,2013
train2015,0,2014
train2016,0,2015
train2017,0,2016
train2018,0,2017
train2019,0,2018
train2020,0,2019
train2021,0,2020
train2022,0,2021
train2023,0,2022
train2024,0,2023
train2025,0,2024
train2026,0,2025
train2027,0,2026
train2028,0,2027
train2029,0,2028
train2030,0,2029
train2031,0,2030
train2032,0,2031
train2033,0,2032
train2034,0,2033
train2035,0,2034
train2036,0,2035
train2037,0,2036
train2038,0,2037
train2039,0,2038
train2040,0,2039
train2041,0,2040
train2042,0,2041
train2043,0,2042
train2044,0,2043
train2045,0,2044
train2046,0,2045
train2047,0,2046
train2048,0,2047
train2049,0,2048
train2050,0,2049
train2051,0,2050
train2052,0,2051
train2053,0,2052
train2054,0,2053
train2055,0,2054
train2056,0,2055
train2057,0,2056
train2058,0,2057
train2059,0,2058
train2060,0,2059
train2061,0,2060
train2062,0,2061
train2063,0,2062
train2064,0,2063
train2065,0,2064
train2066,0,2065
train2067,0,2066
train2068,0,2067
train2069,0,2068
train2070,0,2069
train2071,0,2070
train2072,0,2071
train2073,0,2072
train2074,0,2073
train2075,0,2074
train2076,0,2075
train2077,0,2076
train2078,0,2077
train2079,0,2078
train2080,0,2079
train2081,0,2080
train2082,0,2081
train2083,0,2082
train2084,0,2083
train2085,0,2084
train2086,0,2085
train2087,0,2086
train2088,0,2087
train2089,0,2088
train2090,0,2089
train2091,0,2090
train2092,0,2091
train2093,0,2092
train2094,0,2093
train2095,0,2094
train2096,0,2095
train2097,0,2096
train2098,0,2097
train2099,0,2098
train2100,0,2099
train2101,0,2100
train2102,0,2101
train2103,0,2102
train2104,0,2103
train2105,0,2104
train2106,0,2105
train2107,0,2106
train2108,0,2107
train2109,0,2108
train2110,0,2109
train2111,0,2110
train2112,0,2111
train2113,0,2112
train2114,0,2113
train2115,0,2114
train2116,0,2115
train2117,0,2116
train2118,0,2117
train2119,0,2118
train2120,0,2119
train2121,0,2120
train2122,0,2121
train2123,0,2122
train2124,0,2123
train2125,0,2124
train2126,0,2125
train2127,0,2126
train2128,0,2127
train2129,0,2128
train2130,0,2129
train2131,0,2130
train2132,0,2131
train2133,0,2132
train2134,0,2133
train2135,0,2134
train2136,0,2135
train2137,0,2136
train2138,0,2137
train2139,0,2138
train2140,0,2139
train2141,0,2140
train2142,0,2141
train2143,0,2142
train2144,0,2143
train2145,0,2144
train2146,0,2145
train2147,0,2146
train2148,0,2147
train2149,0,2148
train2150,0,2149
train2151,0,2150
train2152,0,2151
train2153,0,2152
train2154,0,2153
train2155,0,2154
train2156,0,2155
train2157,0,2156
train2158,0,2157
train2159,1,2158
train2160,1,2159
train2161,0,2160
train2162,0,2161
train2163,0,2162
train2164,0,2163
train2165,0,2164
train2166,1,2165
train2167,0,2166
train2168,1,2167
train2169,1,2168
train2170,1,2169
train2171,1,2170
train2172,1,2171
train2173,1,2172
train2174,1,2173
train2175,0,2174
train2176,0,2175
train2177,0,2176
train2178,0,2177
train2179,1,2178
train2180,1,2179
train2181,0,2180
train2182,1,2181
train2183,1,2182
train2184,1,2183
train2185,0,2184
train2186,0,2185
train2187,1,2186
train2188,1,2187
train2189,0,2188
train2190,0,2189
train2191,1,2190
train2192,0,2191
train2193,0,2192
train2194,0,2193
train2195,0,2194
train2196,0,2195
train2197,0,2196
train2198,0,2197
train2199,0,2198
train2200,0,2199
train2201,0,2200
train2202,0,2201
train2203,0,2202
train2204,0,2203
train2205,0,2204
train2206,0,2205
train2207,0,2206
train2208,0,2207
train2209,0,2208
train2210,0,2209
train2211,0,2210
train2212,1,2211
train2213,1,2212
train2214,1,2213
train2215,0,2214
train2216,0,2215
train2217,0,2216
train2218,0,2217
train2219,1,2218
train2220,1,2219
train2221,1,2220
train2222,0,2221
train2223,0,2222
train2224,0,2223
train2225,0,2224
train2226,0,2225
train2227,0,2226
train2228,0,2227
train2229,0,2228
train2230,0,2229
train2231,0,2230
train2232,1,2231
train2233,1,2232
train2234,1,2233
train2235,0,2234
train2236,0,2235
train2237,0,2236
train2238,0,2237
train2239,0,2238
train2240,0,2239
train2241,0,2240
train2242,0,2241
train2243,0,2242
train2244,0,2243
train2245,0,2244
train2246,0,2245
train2247,0,2246
train2248,0,2247
train2249,0,2248
train2250,0,2249
train2251,0,2250
train2252,0,2251
train2253,0,2252
train2254,0,2253
train2255,0,2254
train2256,0,2255
train2257,1,2256
train2258,0,2257
train2259,0,2258
train2260,0,2259
train2261,0,2260
train2262,0,2261
train2263,0,2262
train2264,0,2263
train2265,0,2264
train2266,0,2265
train2267,0,2266
train2268,0,2267
train2269,0,2268
train2270,0,2269
train2271,0,2270
train2272,0,2271
train2273,0,2272
train2274,0,2273
train2275,0,2274
train2276,0,2275
train2277,0,2276
train2278,0,2277
train2279,0,2278
train2280,0,2279
train2281,0,2280
train2282,0,2281
train2283,0,2282
train2284,0,2283
train2285,0,2284
train2286,0,2285
train2287,0,2286
train2288,0,2287
train2289,0,2288
train2290,0,2289
train2291,0,2290
train2292,0,2291
train2293,0,2292
train2294,0,2293
train2295,0,2294
train2296,0,2295
train2297,0,2296
train2298,0,2297
train2299,0,2298
train2300,0,2299
train2301,0,2300
train2302,0,2301
train2303,0,2302
train2304,0,2303
train2305,0,2304
train2306,0,2305
train2307,0,2306
train2308,0,2307
train2309,0,2308
train2310,0,2309
train2311,0,2310
train2312,0,2311
train2313,0,2312
train2314,0,2313
train2315,0,2314
train2316,0,2315
train2317,0,2316
train2318,0,2317
train2319,0,2318
train2320,0,2319
train2321,0,2320
train2322,0,2321
train2323,0,2322
train2324,0,2323
train2325,0,2324
train2326,0,2325
train2327,0,2326
train2328,0,2327
train2329,0,2328
train2330,0,2329
train2331,0,2330
train2332,0,2331
train2333,0,2332
train2334,0,2333
train2335,0,2334
train2336,0,2335
train2337,0,2336
train2338,0,2337
train2339,0,2338
train2340,0,2339
train2341,0,2340
train2342,0,2341
train2343,0,2342
train2344,0,2343
train2345,0,2344
train2346,0,2345
train2347,0,2346
train2348,0,2347
train2349,0,2348
train2350,0,2349
train2351,0,2350
train2352,0,2351
train2353,0,2352
train2354,0,2353
train2355,0,2354
train2356,0,2355
train2357,0,2356
train2358,0,2357
train2359,1,2358
train2360,1,2359
train2361,1,2360
train2362,0,2361
train2363,0,2362
train2364,0,2363
train2365,0,2364
train2366,0,2365
train2367,0,2366
train2368,0,2367
train2369,0,2368
train2370,0,2369
train2371,0,2370
train2372,0,2371
train2373,0,2372
train2374,0,2373
train2375,0,2374
train2376,1,2375
train2377,1,2376
train2378,1,2377
train2379,0,2378
train2380,0,2379
train2381,0,2380
train2382,0,2381
train2383,0,2382
train2384,0,2383
train2385,0,2384
train2386,0,2385
train2387,0,2386
train2388,0,2387
train2389,0,2388
train2390,0,2389
train2391,0,2390
train2392,0,2391
train2393,0,2392
train2394,0,2393
train2395,0,2394
train2396,0,2395
train2397,0,2396
train2398,0,2397
train2399,0,2398
train2400,0,2399
train2401,0,2400
train2402,0,2401
train2403,0,2402
train2404,0,2403
train2405,0,2404
train2406,0,2405
train2407,0,2406
train2408,1,2407
train2409,0,2408
train2410,0,2409
train2411,1,2410
train2412,0,2411
train2413,0,2412
train2414,0,2413
train2415,0,2414
train2416,0,2415
train2417,0,2416
train2418,1,2417
train2419,1,2418
train2420,1,2419
train2421,1,2420
train2422,0,2421
train2423,0,2422
train2424,0,2423
train2425,0,2424
train2426,0,2425
train2427,0,2426
train2428,0,2427
train2429,0,2428
train2430,0,2429
train2431,0,2430
train2432,0,2431
train2433,0,2432
train2434,0,2433
train2435,0,2434
train2436,0,2435
train2437,0,2436
train2438,0,2437
train2439,0,2438
train2440,0,2439
train2441,0,2440
train2442,0,2441
train2443,0,2442
train2444,0,2443
train2445,0,2444
train2446,0,2445
train2447,0,2446
train2448,0,2447
train2449,0,2448
train2450,0,2449
train2451,0,2450
train2452,0,2451
train2453,0,2452
train2454,0,2453
train2455,0,2454
train2456,0,2455
train2457,0,2456
train2458,0,2457
train2459,0,2458
train2460,0,2459
train2461,1,2460
train2462,1,2461
train2463,1,2462
train2464,0,2463
train2465,1,2464
train2466,0,2465
train2467,0,2466
train2468,0,2467
train2469,0,2468
train2470,0,2469
train2471,0,2470
train2472,0,2471
train2473,0,2472
train2474,0,2473
train2475,0,2474
train2476,0,2475
train2477,0,2476
train2478,0,2477
train2479,0,2478
train2480,1,2479
train2481,0,2480
train2482,0,2481
train2483,0,2482
train2484,0,2483
train2485,0,2484
train2486,0,2485
train2487,0,2486
train2488,0,2487
train2489,0,2488
train2490,0,2489
train2491,0,2490
train2492,0,2491
train2493,0,2492
train2494,0,2493
train2495,0,2494
train2496,0,2495
train2497,0,2496
train2498,0,2497
train2499,0,2498
train2500,0,2499
train2501,0,2500
train2502,0,2501
train2503,0,2502
train2504,0,2503
train2505,0,2504
train2506,0,2505
train2507,0,2506
train2508,0,2507
train2509,0,2508
train2510,0,2509
train2511,0,2510
train2512,0,2511
train2513,0,2512
train2514,0,2513
train2515,0,2514
train2516,0,2515
train2517,0,2516
train2518,0,2517
train2519,0,2518
train2520,0,2519
train2521,0,2520
train2522,0,2521
train2523,0,2522
train2524,0,2523
train2525,0,2524
train2526,0,2525
train2527,0,2526
train2528,0,2527
train2529,0,2528
train2530,0,2529
train2531,0,2530
train2532,0,2531
train2533,0,2532
train2534,0,2533
train2535,0,2534
train2536,0,2535
train2537,0,2536
train2538,0,2537
train2539,0,2538
train2540,0,2539
train2541,0,2540
train2542,0,2541
train2543,0,2542
train2544,0,2543
train2545,0,2544
train2546,0,2545
train2547,0,2546
train2548,0,2547
train2549,0,2548
train2550,0,2549
train2551,0,2550
train2552,0,2551
train2553,0,2552
train2554,0,2553
train2555,0,2554
train2556,0,2555
train2557,0,2556
train2558,0,2557
train2559,0,2558
train2560,0,2559
train2561,0,2560
train2562,0,2561
train2563,0,2562
train2564,0,2563
train2565,0,2564
train2566,0,2565
train2567,0,2566
train2568,0,2567
train2569,0,2568
train2570,0,2569
train2571,0,2570
train2572,0,2571
train2573,0,2572
train2574,0,2573
train2575,0,2574
train2576,0,2575
train2577,0,2576
train2578,0,2577
train2579,0,2578
train2580,0,2579
train2581,1,2580
train2582,0,2581
train2583,0,2582
train2584,0,2583
train2585,0,2584
train2586,1,2585
train2587,0,2586
train2588,1,2587
train2589,0,2588
train2590,1,2589
train2591,1,2590
train2592,0,2591
train2593,0,2592
train2594,1,2593
train2595,1,2594
train2596,1,2595
train2597,0,2596
train2598,0,2597
train2599,0,2598
train2600,1,2599
train2601,1,2600
train2602,0,2601
train2603,0,2602
train2604,0,2603
train2605,0,2604
train2606,1,2605
train2607,1,2606
train2608,0,2607
train2609,0,2608
train2610,0,2609
train2611,0,2610
train2612,0,2611
train2613,1,2612
train2614,1,2613
train2615,0,2614
train2616,0,2615
train2617,0,2616
train2618,0,2617
train2619,0,2618
train2620,0,2619
train2621,1,2620
train2622,0,2621
train2623,0,2622
train2624,0,2623
train2625,0,2624
train2626,0,2625
train2627,0,2626
train2628,0,2627
train2629,0,2628
train2630,0,2629
train2631,0,2630
train2632,0,2631
train2633,0,2632
train2634,0,2633
train2635,0,2634
train2636,0,2635
train2637,0,2636
train2638,0,2637
train2639,0,2638
train2640,0,2639
train2641,0,2640
train2642,0,2641
train2643,0,2642
train2644,0,2643
train2645,0,2644
train2646,0,2645
train2647,0,2646
train2648,1,2647
train2649,0,2648
train2650,0,2649
train2651,0,2650
train2652,0,2651
train2653,1,2652
train2654,0,2653
train2655,0,2654
train2656,0,2655
train2657,1,2656
train2658,1,2657
train2659,0,2658
train2660,1,2659
train2661,1,2660
train2662,0,2661
train2663,0,2662
train2664,0,2663
train2665,0,2664
train2666,0,2665
train2667,0,2666
train2668,0,2667
train2669,0,2668
train2670,0,2669
train2671,0,2670
train2672,0,2671
train2673,0,2672
train2674,0,2673
train2675,0,2674
train2676,0,2675
train2677,0,2676
train2678,0,2677
train2679,0,2678
train2680,0,2679
train2681,0,2680
train2682,0,2681
train2683,0,2682
train2684,0,2683
train2685,0,2684
train2686,0,2685
train2687,1,2686
train2688,1,2687
train2689,1,2688
train2690,0,2689
train2691,0,2690
train2692,0,2691
train2693,0,2692
train2694,0,2693
train2695,0,2694
train2696,0,2695
train2697,1,2696
train2698,1,2697
train2699,0,2698
train2700,0,2699
train2701,0,2700
train2702,0,2701
train2703,0,2702
train2704,0,2703
train2705,0,2704
train2706,0,2705
train2707,0,2706
train2708,0,2707
train2709,0,2708
train2710,0,2709
train2711,0,2710
train2712,0,2711
train2713,0,2712
train2714,0,2713
train2715,0,2714
train2716,0,2715
train2717,0,2716
train2718,0,2717
train2719,1,2718
train2720,1,2719
train2721,1,2720
train2722,1,2721
train2723,1,2722
train2724,1,2723
train2725,0,2724
train2726,1,2725
train2727,0,2726
train2728,1,2727
train2729,1,2728
train2730,1,2729
train2731,0,2730
train2732,1,2731
train2733,0,2732
train2734,0,2733
train2735,0,2734
train2736,1,2735
train2737,1,2736
train2738,1,2737
train2739,0,2738
train2740,0,2739
train2741,0,2740
train2742,1,2741
train2743,0,2742
train2744,0,2743
train2745,1,2744
train2746,1,2745
train2747,1,2746
train2748,0,2747
train2749,0,2748
train2750,0,2749
train2751,0,2750
train2752,0,2751
train2753,0,2752
train2754,0,2753
train2755,0,2754
train2756,0,2755
train2757,1,2756
train2758,0,2757
train2759,0,2758
train2760,0,2759
train2761,0,2760
train2762,0,2761
train2763,0,2762
train2764,1,2763
train2765,0,2764
train2766,0,2765
train2767,0,2766
train2768,1,2767
train2769,1,2768
train2770,0,2769
train2771,1,2770
train2772,1,2771
train2773,1,2772
train2774,0,2773
train2775,0,2774
train2776,0,2775
train2777,0,2776
train2778,0,2777
train2779,0,2778
train2780,0,2779
train2781,0,2780
train2782,0,2781
train2783,0,2782
train2784,0,2783
train2785,0,2784
train2786,0,2785
train2787,0,2786
train2788,0,2787
train2789,0,2788
train2790,0,2789
train2791,0,2790
train2792,0,2791
train2793,0,2792
train2794,0,2793
train2795,0,2794
train2796,0,2795
train2797,0,2796
train2798,0,2797
train2799,0,2798
train2800,0,2799
train2801,0,2800
train2802,0,2801
train2803,0,2802
train2804,0,2803
train2805,0,2804
train2806,0,2805
train2807,0,2806
train2808,0,2807
train2809,0,2808
train2810,1,2809
train2811,1,2810
train2812,1,2811
train2813,1,2812
train2814,0,2813
train2815,0,2814
train2816,0,2815
train2817,0,2816
train2818,0,2817
train2819,0,2818
train2820,0,2819
train2821,0,2820
train2822,0,2821
train2823,0,2822
train2824,0,2823
train2825,0,2824
train2826,0,2825
train2827,0,2826
train2828,0,2827
train2829,0,2828
train2830,0,2829
train2831,0,2830
train2832,0,2831
train2833,0,2832
train2834,0,2833
train2835,0,2834
train2836,0,2835
train2837,0,2836
train2838,0,2837
train2839,0,2838
train2840,0,2839
train2841,0,2840
train2842,0,2841
train2843,0,2842
train2844,0,2843
train2845,0,2844
train2846,0,2845
train2847,0,2846
train2848,0,2847
train2849,0,2848
train2850,0,2849
train2851,0,2850
train2852,0,2851
train2853,0,2852
train2854,0,2853
train2855,0,2854
train2856,0,2855
train2857,0,2856
train2858,1,2857
train2859,1,2858
train2860,1,2859
train2861,1,2860
train2862,0,2861
train2863,0,2862
train2864,0,2863
train2865,0,2864
train2866,0,2865
train2867,0,2866
train2868,0,2867
train2869,0,2868
train2870,0,2869
train2871,0,2870
train2872,0,2871
train2873,0,2872
train2874,0,2873
train2875,0,2874
train2876,0,2875
train2877,0,2876
train2878,0,2877
train2879,0,2878
train2880,0,2879
train2881,0,2880
train2882,0,2881
train2883,0,2882
train2884,0,2883
train2885,0,2884
train2886,0,2885
train2887,0,2886
train2888,0,2887
train2889,0,2888
train2890,0,2889
train2891,0,2890
train2892,0,2891
train2893,0,2892
train2894,0,2893
train2895,0,2894
train2896,0,2895
train2897,0,2896
train2898,0,2897
train2899,0,2898
train2900,0,2899
train2901,0,2900
train2902,0,2901
train2903,0,2902
train2904,0,2903
train2905,0,2904
train2906,0,2905
train2907,0,2906
train2908,0,2907
train2909,0,2908
train2910,0,2909
train2911,0,2910
train2912,0,2911
train2913,0,2912
train2914,0,2913
train2915,0,2914
train2916,0,2915
train2917,0,2916
train2918,0,2917
train2919,0,2918
train2920,0,2919
train2921,0,2920
train2922,0,2921
train2923,0,2922
train2924,0,2923
train2925,0,2924
train2926,0,2925
train2927,0,2926
train2928,0,2927
train2929,0,2928
train2930,0,2929
train2931,0,2930
train2932,0,2931
train2933,0,2932
train2934,0,2933
train2935,0,2934
train2936,0,2935
train2937,0,2936
train2938,0,2937
train2939,0,2938
train2940,0,2939
train2941,0,2940
train2942,0,2941
train2943,0,2942
train2944,0,2943
train2945,0,2944
train2946,0,2945
train2947,0,2946
train2948,0,2947
train2949,0,2948
train2950,0,2949
train2951,0,2950
train2952,0,2951
train2953,0,2952
train2954,0,2953
train2955,0,2954
train2956,0,2955
train2957,0,2956
train2958,0,2957
train2959,0,2958
train2960,0,2959
train2961,0,2960
train2962,0,2961
train2963,0,2962
train2964,0,2963
train2965,0,2964
train2966,0,2965
train2967,0,2966
train2968,0,2967
train2969,0,2968
train2970,0,2969
train2971,0,2970
train2972,0,2971
train2973,0,2972
train2974,0,2973
train2975,0,2974
train2976,0,2975
train2977,0,2976
train2978,0,2977
train2979,0,2978
train2980,0,2979
train2981,0,2980
train2982,0,2981
train2983,0,2982
train2984,0,2983
train2985,0,2984
train2986,0,2985
train2987,0,2986
train2988,0,2987
train2989,0,2988
train2990,0,2989
train2991,0,2990
train2992,0,2991
train2993,0,2992
train2994,0,2993
train2995,0,2994
train2996,0,2995
train2997,0,2996
train2998,0,2997
train2999,0,2998
train3000,0,2999
train3001,0,3000
train3002,0,3001
train3003,0,3002
train3004,0,3003
train3005,0,3004
train3006,0,3005
train3007,0,3006
train3008,0,3007
train3009,0,3008
train3010,0,3009
train3011,0,3010
train3012,0,3011
train3013,0,3012
train3014,0,3013
train3015,0,3014
train3016,0,3015
train3017,0,3016
train3018,0,3017
train3019,0,3018
train3020,0,3019
train3021,0,3020
train3022,0,3021
train3023,0,3022
train3024,0,3023
train3025,0,3024
train3026,0,3025
train3027,0,3026
train3028,0,3027
train3029,0,3028
train3030,0,3029
train3031,0,3030
train3032,1,3031
train3033,0,3032
train3034,0,3033
train3035,0,3034
train3036,0,3035
train3037,0,3036
train3038,0,3037
train3039,0,3038
train3040,0,3039
train3041,0,3040
train3042,0,3041
train3043,0,3042
train3044,0,3043
train3045,0,3044
train3046,0,3045
train3047,0,3046
train3048,0,3047
train3049,0,3048
train3050,0,3049
train3051,0,3050
train3052,0,3051
train3053,0,3052
train3054,0,3053
train3055,0,3054
train3056,0,3055
train3057,0,3056
train3058,0,3057
train3059,0,3058
train3060,0,3059
train3061,0,3060
train3062,0,3061
train3063,0,3062
train3064,0,3063
train3065,0,3064
train3066,0,3065
train3067,0,3066
train3068,0,3067
train3069,0,3068
train3070,0,3069
train3071,0,3070
train3072,0,3071
train3073,0,3072
train3074,0,3073
train3075,0,3074
train3076,0,3075
train3077,0,3076
train3078,0,3077
train3079,1,3078
train3080,1,3079
train3081,0,3080
train3082,1,3081
train3083,0,3082
train3084,1,3083
train3085,1,3084
train3086,1,3085
train3087,1,3086
train3088,0,3087
train3089,0,3088
train3090,0,3089
train3091,0,3090
train3092,0,3091
train3093,0,3092
train3094,1,3093
train3095,1,3094
train3096,1,3095
train3097,1,3096
train3098,1,3097
train3099,1,3098
train3100,0,3099
train3101,0,3100
train3102,0,3101
train3103,0,3102
train3104,0,3103
train3105,0,3104
train3106,0,3105
train3107,0,3106
train3108,0,3107
train3109,0,3108
train3110,0,3109
train3111,0,3110
train3112,0,3111
train3113,0,3112
train3114,0,3113
train3115,0,3114
train3116,0,3115
train3117,0,3116
train3118,0,3117
train3119,0,3118
train3120,0,3119
train3121,0,3120
train3122,0,3121
train3123,0,3122
train3124,0,3123
train3125,0,3124
train3126,0,3125
train3127,0,3126
train3128,0,3127
train3129,0,3128
train3130,0,3129
train3131,0,3130
train3132,0,3131
train3133,0,3132
train3134,0,3133
train3135,0,3134
train3136,0,3135
train3137,0,3136
train3138,0,3137
train3139,0,3138
train3140,0,3139
train3141,0,3140
train3142,0,3141
train3143,1,3142
train3144,1,3143
train3145,1,3144
train3146,1,3145
train3147,1,3146
train3148,0,3147
train3149,0,3148
train3150,0,3149
train3151,0,3150
train3152,0,3151
train3153,0,3152
train3154,0,3153
train3155,0,3154
train3156,0,3155
train3157,0,3156
train3158,0,3157
train3159,0,3158
train3160,0,3159
train3161,0,3160
train3162,1,3161
train3163,1,3162
train3164,0,3163
train3165,0,3164
train3166,0,3165
train3167,0,3166
train3168,0,3167
train3169,0,3168
train3170,0,3169
train3171,0,3170
train3172,0,3171
train3173,0,3172
train3174,0,3173
train3175,0,3174
train3176,0,3175
train3177,0,3176
train3178,0,3177
train3179,0,3178
train3180,0,3179
train3181,1,3180
train3182,1,3181
train3183,1,3182
train3184,0,3183
train3185,0,3184
train3186,0,3185
train3187,1,3186
train3188,0,3187
train3189,0,3188
train3190,0,3189
train3191,0,3190
train3192,0,3191
train3193,0,3192
train3194,0,3193
train3195,0,3194
train3196,0,3195
train3197,0,3196
train3198,0,3197
train3199,0,3198
train3200,0,3199
train3201,0,3200
train3202,0,3201
train3203,0,3202
train3204,0,3203
train3205,0,3204
train3206,0,3205
train3207,0,3206
train3208,0,3207
train3209,0,3208
train3210,0,3209
train3211,0,3210
train3212,0,3211
train3213,0,3212
train3214,0,3213
train3215,0,3214
train3216,0,3215
train3217,0,3216
train3218,0,3217
train3219,0,3218
train3220,0,3219
train3221,0,3220
train3222,0,3221
train3223,0,3222
train3224,0,3223
train3225,0,3224
train3226,1,3225
train3227,1,3226
train3228,1,3227
train3229,1,3228
train3230,0,3229
train3231,0,3230
train3232,0,3231
train3233,0,3232
train3234,0,3233
train3235,0,3234
train3236,0,3235
train3237,0,3236
train3238,1,3237
train3239,0,3238
train3240,0,3239
train3241,0,3240
train3242,0,3241
train3243,0,3242
train3244,0,3243
train3245,0,3244
train3246,0,3245
train3247,0,3246
train3248,0,3247
train3249,0,3248
train3250,0,3249
train3251,0,3250
train3252,0,3251
train3253,0,3252
train3254,1,3253
train3255,0,3254
train3256,0,3255
train3257,0,3256
train3258,0,3257
train3259,0,3258
train3260,0,3259
train3261,0,3260
train3262,0,3261
train3263,0,3262
train3264,1,3263
train3265,0,3264
train3266,0,3265
train3267,0,3266
train3268,0,3267
train3269,0,3268
train3270,0,3269
train3271,0,3270
train3272,0,3271
train3273,0,3272
train3274,0,3273
train3275,0,3274
train3276,0,3275
train3277,0,3276
train3278,0,3277
train3279,0,3278
train3280,0,3279
train3281,0,3280
train3282,0,3281
train3283,0,3282
train3284,0,3283
train3285,0,3284
train3286,1,3285
train3287,1,3286
train3288,1,3287
train3289,1,3288
train3290,0,3289
train3291,0,3290
train3292,0,3291
train3293,0,3292
train3294,0,3293
train3295,0,3294
train3296,0,3295
train3297,0,3296
train3298,0,3297
train3299,0,3298
train3300,0,3299
train3301,0,3300
train3302,0,3301
train3303,0,3302
train3304,0,3303
train3305,0,3304
train3306,0,3305
train3307,0,3306
train3308,0,3307
train3309,0,3308
train3310,0,3309
train3311,0,3310
train3312,0,3311
train3313,0,3312
train3314,0,3313
train3315,0,3314
train3316,0,3315
train3317,0,3316
train3318,0,3317
train3319,0,3318
train3320,0,3319
train3321,0,3320
train3322,0,3321
train3323,0,3322
train3324,1,3323
train3325,1,3324
train3326,1,3325
train3327,0,3326
train3328,0,3327
train3329,0,3328
train3330,0,3329
train3331,0,3330
train3332,0,3331
train3333,0,3332
train3334,0,3333
train3335,0,3334
train3336,0,3335
train3337,0,3336
train3338,0,3337
train3339,0,3338
train3340,0,3339
train3341,0,3340
train3342,0,3341
train3343,0,3342
train3344,0,3343
train3345,0,3344
train3346,0,3345
train3347,0,3346
train3348,0,3347
train3349,0,3348
train3350,0,3349
train3351,0,3350
train3352,0,3351
train3353,0,3352
train3354,0,3353
train3355,0,3354
train3356,0,3355
train3357,0,3356
train3358,0,3357
train3359,0,3358
train3360,0,3359
train3361,0,3360
train3362,0,3361
train3363,0,3362
train3364,0,3363
train3365,0,3364
train3366,0,3365
train3367,0,3366
train3368,0,3367
train3369,0,3368
train3370,0,3369
train3371,0,3370
train3372,0,3371
train3373,0,3372
train3374,0,3373
train3375,0,3374
train3376,0,3375
train3377,0,3376
train3378,0,3377
train3379,0,3378
train3380,0,3379
train3381,0,3380
train3382,0,3381
train3383,0,3382
train3384,0,3383
train3385,0,3384
train3386,0,3385
train3387,0,3386
train3388,0,3387
train3389,0,3388
train3390,0,3389
train3391,0,3390
train3392,0,3391
train3393,0,3392
train3394,0,3393
train3395,0,3394
train3396,0,3395
train3397,0,3396
train3398,0,3397
train3399,1,3398
train3400,0,3399
train3401,0,3400
train3402,0,3401
train3403,0,3402
train3404,0,3403
train3405,0,3404
train3406,0,3405
train3407,0,3406
train3408,0,3407
train3409,0,3408
train3410,0,3409
train3411,0,3410
train3412,1,3411
train3413,1,3412
train3414,1,3413
train3415,1,3414
train3416,1,3415
train3417,0,3416
train3418,1,3417
train3419,0,3418
train3420,0,3419
train3421,0,3420
train3422,0,3421
train3423,0,3422
train3424,1,3423
train3425,0,3424
train3426,0,3425
train3427,0,3426
train3428,0,3427
train3429,0,3428
train3430,1,3429
train3431,1,3430
train3432,0,3431
train3433,0,3432
train3434,0,3433
train3435,0,3434
train3436,0,3435
train3437,0,3436
train3438,0,3437
train3439,0,3438
train3440,0,3439
train3441,0,3440
train3442,0,3441
train3443,1,3442
train3444,1,3443
train3445,0,3444
train3446,0,3445
train3447,0,3446
train3448,0,3447
train3449,0,3448
train3450,0,3449
train3451,0,3450
train3452,0,3451
train3453,0,3452
train3454,0,3453
train3455,0,3454
train3456,1,3455
train3457,1,3456
train3458,1,3457
train3459,0,3458
train3460,0,3459
train3461,0,3460
train3462,0,3461
train3463,0,3462
train3464,1,3463
train3465,1,3464
train3466,1,3465
train3467,1,3466
train3468,0,3467
train3469,0,3468
train3470,0,3469
train3471,0,3470
train3472,0,3471
train3473,0,3472
train3474,0,3473
train3475,0,3474
train3476,0,3475
train3477,0,3476
train3478,0,3477
train3479,1,3478
train3480,1,3479
train3481,0,3480
train3482,0,3481
train3483,0,3482
train3484,0,3483
train3485,0,3484
train3486,0,3485
train3487,0,3486
train3488,0,3487
train3489,0,3488
train3490,0,3489
train3491,1,3490
train3492,1,3491
train3493,1,3492
train3494,1,3493
train3495,0,3494
train3496,0,3495
train3497,0,3496
train3498,0,3497
train3499,0,3498
train3500,0,3499
train3501,1,3500
train3502,1,3501
train3503,0,3502
train3504,0,3503
train3505,0,3504
train3506,0,3505
train3507,0,3506
train3508,0,3507
train3509,0,3508
train3510,1,3509
train3511,0,3510
train3512,0,3511
train3513,0,3512
train3514,0,3513
train3515,0,3514
train3516,0,3515
train3517,0,3516
train3518,0,3517
train3519,0,3518
train3520,0,3519
train3521,0,3520
train3522,0,3521
train3523,0,3522
train3524,0,3523
train3525,0,3524
train3526,0,3525
train3527,0,3526
train3528,0,3527
train3529,0,3528
train3530,0,3529
train3531,0,3530
train3532,0,3531
train3533,0,3532
train3534,0,3533
train3535,0,3534
train3536,0,3535
train3537,0,3536
train3538,0,3537
train3539,0,3538
train3540,0,3539
train3541,1,3540
train3542,0,3541
train3543,0,3542
train3544,0,3543
train3545,0,3544
train3546,0,3545
train3547,0,3546
train3548,1,3547
train3549,0,3548
train3550,0,3549
train3551,0,3550
train3552,0,3551
train3553,0,3552
train3554,0,3553
train3555,0,3554
train3556,0,3555
train3557,0,3556
train3558,1,3557
train3559,1,3558
train3560,1,3559
train3561,0,3560
train3562,0,3561
train3563,0,3562
train3564,0,3563
train3565,0,3564
train3566,0,3565
train3567,0,3566
train3568,0,3567
train3569,0,3568
train3570,0,3569
train3571,0,3570
train3572,0,3571
train3573,0,3572
train3574,0,3573
train3575,0,3574
train3576,0,3575
train3577,1,3576
train3578,0,3577
train3579,0,3578
train3580,0,3579
train3581,0,3580
train3582,0,3581
train3583,0,3582
train3584,0,3583
train3585,0,3584
train3586,0,3585
train3587,0,3586
train3588,0,3587
train3589,0,3588
train3590,0,3589
train3591,0,3590
train3592,0,3591
train3593,0,3592
train3594,0,3593
train3595,0,3594
train3596,0,3595
train3597,0,3596
train3598,0,3597
train3599,0,3598
train3600,0,3599
train3601,0,3600
train3602,0,3601
train3603,0,3602
train3604,1,3603
train3605,1,3604
train3606,0,3605
train3607,0,3606
train3608,0,3607
train3609,0,3608
train3610,1,3609
train3611,0,3610
train3612,0,3611
train3613,1,3612
train3614,1,3613
train3615,1,3614
train3616,1,3615
train3617,1,3616
train3618,1,3617
train3619,0,3618
train3620,0,3619
train3621,0,3620
train3622,1,3621
train3623,1,3622
train3624,0,3623
train3625,0,3624
train3626,0,3625
train3627,0,3626
train3628,0,3627
train3629,0,3628
train3630,0,3629
train3631,0,3630
train3632,0,3631
train3633,0,3632
train3634,0,3633
train3635,0,3634
train3636,0,3635
train3637,0,3636
train3638,0,3637
train3639,0,3638
train3640,0,3639
train3641,0,3640
train3642,0,3641
train3643,0,3642
train3644,0,3643
train3645,0,3644
train3646,0,3645
train3647,0,3646
train3648,0,3647
train3649,0,3648
train3650,0,3649
train3651,0,3650
train3652,0,3651
train3653,0,3652
train3654,0,3653
train3655,0,3654
train3656,1,3655
train3657,0,3656
train3658,0,3657
train3659,1,3658
train3660,0,3659
train3661,0,3660
train3662,0,3661
train3663,1,3662
train3664,1,3663
train3665,1,3664
train3666,1,3665
train3667,1,3666
train3668,1,3667
train3669,1,3668
train3670,1,3669
train3671,1,3670
train3672,1,3671
train3673,1,3672
train3674,1,3673
train3675,1,3674
train3676,1,3675
train3677,0,3676
train3678,1,3677
train3679,1,3678
train3680,1,3679
train3681,1,3680
train3682,1,3681
train3683,0,3682
train3684,1,3683
train3685,0,3684
train3686,0,3685
train3687,0,3686
train3688,0,3687
train3689,0,3688
train3690,0,3689
train3691,0,3690
train3692,0,3691
train3693,0,3692
train3694,0,3693
train3695,0,3694
train3696,0,3695
train3697,0,3696
train3698,0,3697
train3699,0,3698
train3700,0,3699
train3701,0,3700
train3702,0,3701
train3703,0,3702
train3704,0,3703
train3705,0,3704
train3706,0,3705
train3707,0,3706
train3708,0,3707
train3709,0,3708
train3710,0,3709
train3711,0,3710
train3712,0,3711
train3713,0,3712
train3714,0,3713
train3715,0,3714
train3716,0,3715
train3717,0,3716
train3718,0,3717
train3719,0,3718
train3720,0,3719
train3721,0,3720
train3722,0,3721
train3723,0,3722
train3724,1,3723
train3725,1,3724
train3726,0,3725
train3727,0,3726
train3728,0,3727
train3729,0,3728
train3730,0,3729
train3731,0,3730
train3732,0,3731
train3733,0,3732
train3734,0,3733
train3735,0,3734
train3736,0,3735
train3737,0,3736
train3738,0,3737
train3739,0,3738
train3740,0,3739
train3741,0,3740
train3742,0,3741
train3743,0,3742
train3744,0,3743
train3745,0,3744
train3746,0,3745
train3747,0,3746
train3748,0,3747
train3749,0,3748
train3750,0,3749
train3751,0,3750
train3752,0,3751
train3753,0,3752
train3754,0,3753
train3755,0,3754
train3756,0,3755
train3757,0,3756
train3758,0,3757
train3759,0,3758
train3760,0,3759
train3761,0,3760
train3762,0,3761
train3763,0,3762
train3764,0,3763
train3765,0,3764
train3766,0,3765
train3767,0,3766
train3768,0,3767
train3769,0,3768
train3770,0,3769
train3771,0,3770
train3772,0,3771
train3773,0,3772
train3774,0,3773
train3775,1,3774
train3776,0,3775
train3777,0,3776
train3778,1,3777
train3779,0,3778
train3780,0,3779
train3781,1,3780
train3782,1,3781
train3783,1,3782
train3784,0,3783
train3785,0,3784
train3786,1,3785
train3787,1,3786
train3788,1,3787
train3789,1,3788
train3790,1,3789
train3791,0,3790
train3792,1,3791
train3793,1,3792
train3794,1,3793
train3795,0,3794
train3796,0,3795
train3797,1,3796
train3798,1,3797
train3799,1,3798
train3800,1,3799
train3801,1,3800
train3802,1,3801
train3803,1,3802
train3804,1,3803
train3805,1,3804
train3806,1,3805
train3807,1,3806
train3808,1,3807
train3809,0,3808
train3810,1,3809
train3811,1,3810
train3812,1,3811
train3813,1,3812
train3814,1,3813
train3815,0,3814
train3816,0,3815
train3817,1,3816
train3818,0,3817
train3819,0,3818
train3820,0,3819
train3821,1,3820
train3822,0,3821
train3823,1,3822
train3824,1,3823
train3825,1,3824
train3826,1,3825
train3827,1,3826
train3828,1,3827
train3829,1,3828
train3830,1,3829
train3831,1,3830
train3832,1,3831
train3833,1,3832
train3834,1,3833
train3835,1,3834
train3836,1,3835
train3837,1,3836
train3838,1,3837
train3839,1,3838
train3840,0,3839
train3841,1,3840
train3842,1,3841
train3843,1,3842
train3844,1,3843
train3845,0,3844
train3846,0,3845
train3847,0,3846
train3848,0,3847
train3849,0,3848
train3850,0,3849
train3851,0,3850
train3852,0,3851
train3853,0,3852
train3854,0,3853
train3855,0,3854
train3856,0,3855
train3857,0,3856
train3858,0,3857
train3859,0,3858
train3860,0,3859
train3861,0,3860
train3862,0,3861
train3863,0,3862
train3864,0,3863
train3865,0,3864
train3866,0,3865
train3867,0,3866
train3868,0,3867
train3869,0,3868
train3870,0,3869
train3871,0,3870
train3872,0,3871
train3873,0,3872
train3874,0,3873
train3875,0,3874
train3876,0,3875
train3877,0,3876
train3878,0,3877
train3879,0,3878
train3880,0,3879
train3881,0,3880
train3882,0,3881
train3883,0,3882
train3884,0,3883
train3885,0,3884
train3886,0,3885
train3887,0,3886
train3888,0,3887
train3889,0,3888
train3890,0,3889
train3891,0,3890
train3892,0,3891
train3893,0,3892
train3894,0,3893
train3895,0,3894
train3896,0,3895
train3897,0,3896
train3898,0,3897
train3899,0,3898
train3900,0,3899
train3901,0,3900
train3902,0,3901
train3903,0,3902
train3904,0,3903
train3905,0,3904
train3906,0,3905
train3907,0,3906
train3908,0,3907
train3909,0,3908
train3910,0,3909
train3911,0,3910
train3912,0,3911
train3913,0,3912
train3914,0,3913
train3915,0,3914
train3916,0,3915
train3917,0,3916
train3918,0,3917
train3919,1,3918
train3920,0,3919
train3921,0,3920
train3922,0,3921
train3923,0,3922
train3924,0,3923
train3925,0,3924
train3926,0,3925
train3927,0,3926
train3928,0,3927
train3929,0,3928
train3930,0,3929
train3931,0,3930
train3932,0,3931
train3933,0,3932
train3934,0,3933
train3935,0,3934
train3936,0,3935
train3937,0,3936
train3938,0,3937
train3939,0,3938
train3940,0,3939
train3941,0,3940
train3942,0,3941
train3943,0,3942
train3944,0,3943
train3945,0,3944
train3946,0,3945
train3947,0,3946
train3948,0,3947
train3949,0,3948
train3950,0,3949
train3951,0,3950
train3952,0,3951
train3953,0,3952
train3954,0,3953
train3955,0,3954
train3956,0,3955
train3957,0,3956
train3958,1,3957
train3959,0,3958
train3960,0,3959
train3961,0,3960
train3962,0,3961
train3963,0,3962
train3964,0,3963
train3965,0,3964
train3966,0,3965
train3967,0,3966
train3968,0,3967
train3969,0,3968
train3970,0,3969
train3971,0,3970
train3972,0,3971
train3973,1,3972
train3974,0,3973
train3975,0,3974
train3976,0,3975
train3977,0,3976
train3978,0,3977
train3979,0,3978
train3980,0,3979
train3981,0,3980
train3982,0,3981
train3983,0,3982
train3984,0,3983
train3985,0,3984
train3986,0,3985
train3987,0,3986
train3988,1,3987
train3989,0,3988
train3990,1,3989
train3991,1,3990
train3992,0,3991
train3993,1,3992
train3994,1,3993
train3995,1,3994
train3996,0,3995
train3997,1,3996
train3998,1,3997
train3999,1,3998
train4000,1,3999
train4001,1,4000
train4002,1,4001
train4003,1,4002
train4004,1,4003
train4005,1,4004
train4006,1,4005
train4007,1,4006
train4008,1,4007
train4009,1,4008
train4010,1,4009
train4011,0,4010
train4012,0,4011
train4013,1,4012
train4014,1,4013
train4015,1,4014
train4016,1,4015
train4017,1,4016
train4018,1,4017
train4019,1,4018
train4020,1,4019
train4021,0,4020
train4022,0,4021
train4023,1,4022
train4024,0,4023
train4025,1,4024
train4026,1,4025
train4027,1,4026
train4028,1,4027
train4029,1,4028
train4030,1,4029
train4031,1,4030
train4032,1,4031
train4033,0,4032
train4034,1,4033
train4035,1,4034
train4036,1,4035
train4037,1,4036
train4038,1,4037
train4039,1,4038
train4040,1,4039
train4041,1,4040
train4042,1,4041
train4043,1,4042
train4044,1,4043
train4045,1,4044
train4046,1,4045
train4047,1,4046
train4048,0,4047
train4049,0,4048
train4050,1,4049
train4051,1,4050
train4052,1,4051
train4053,1,4052
train4054,1,4053
train4055,1,4054
train4056,1,4055
train4057,1,4056
train4058,0,4057
train4059,1,4058
train4060,1,4059
train4061,1,4060
train4062,1,4061
train4063,1,4062
train4064,0,4063
train4065,0,4064
train4066,0,4065
train4067,1,4066
train4068,1,4067
train4069,1,4068
train4070,1,4069
train4071,1,4070
train4072,1,4071
train4073,1,4072
train4074,1,4073
train4075,0,4074
train4076,1,4075
train4077,1,4076
train4078,1,4077
train4079,1,4078
train4080,0,4079
train4081,1,4080
train4082,1,4081
train4083,1,4082
train4084,1,4083
train4085,0,4084
train4086,1,4085
train4087,0,4086
train4088,0,4087
train4089,0,4088
train4090,0,4089
train4091,0,4090
train4092,0,4091
train4093,0,4092
train4094,0,4093
train4095,0,4094
train4096,0,4095
train4097,0,4096
train4098,0,4097
train4099,0,4098
train4100,0,4099
train4101,0,4100
train4102,0,4101
train4103,0,4102
train4104,1,4103
train4105,0,4104
train4106,1,4105
train4107,1,4106
train4108,1,4107
train4109,1,4108
train4110,1,4109
train4111,1,4110
train4112,1,4111
train4113,1,4112
train4114,1,4113
train4115,1,4114
train4116,1,4115
train4117,1,4116
train4118,0,4117
train4119,1,4118
train4120,1,4119
train4121,1,4120
train4122,1,4121
train4123,1,4122
train4124,0,4123
train4125,1,4124
train4126,0,4125
train4127,0,4126
train4128,0,4127
train4129,1,4128
train4130,1,4129
train4131,1,4130
train4132,0,4131
train4133,0,4132
train4134,0,4133
train4135,0,4134
train4136,1,4135
train4137,1,4136
train4138,1,4137
train4139,1,4138
train4140,0,4139
train4141,1,4140
train4142,0,4141
train4143,0,4142
train4144,1,4143
train4145,0,4144
train4146,0,4145
train4147,1,4146
train4148,0,4147
train4149,0,4148
train4150,0,4149
train4151,0,4150
train4152,0,4151
train4153,0,4152
train4154,0,4153
train4155,0,4154
train4156,0,4155
train4157,0,4156
train4158,0,4157
train4159,0,4158
train4160,0,4159
train4161,0,4160
train4162,0,4161
train4163,0,4162
train4164,0,4163
train4165,0,4164
train4166,0,4165
train4167,0,4166
train4168,0,4167
train4169,0,4168
train4170,0,4169
train4171,0,4170
train4172,0,4171
train4173,0,4172
train4174,0,4173
train4175,0,4174
train4176,1,4175
train4177,0,4176
train4178,1,4177
train4179,0,4178
train4180,0,4179
train4181,0,4180
train4182,0,4181
train4183,0,4182
train4184,0,4183
train4185,0,4184
train4186,0,4185
train4187,0,4186
train4188,0,4187
train4189,0,4188
train4190,1,4189
train4191,0,4190
train4192,1,4191
train4193,0,4192
train4194,0,4193
train4195,0,4194
train4196,0,4195
train4197,0,4196
train4198,0,4197
train4199,0,4198
train4200,0,4199
train4201,0,4200
train4202,0,4201
train4203,0,4202
train4204,0,4203
train4205,0,4204
train4206,0,4205
train4207,0,4206
train4208,0,4207
train4209,0,4208
train4210,0,4209
train4211,0,4210
train4212,0,4211
train4213,0,4212
train4214,0,4213
train4215,0,4214
train4216,0,4215
train4217,0,4216
train4218,0,4217
train4219,0,4218
train4220,0,4219
train4221,0,4220
train4222,0,4221
train4223,0,4222
train4224,0,4223
train4225,0,4224
train4226,0,4225
train4227,0,4226
train4228,0,4227
train4229,0,4228
train4230,0,4229
train4231,0,4230
train4232,0,4231
train4233,0,4232
train4234,0,4233
train4235,1,4234
train4236,1,4235
train4237,1,4236
train4238,0,4237
train4239,0,4238
train4240,0,4239
train4241,0,4240
train4242,0,4241
train4243,0,4242
train4244,0,4243
train4245,0,4244
train4246,0,4245
train4247,0,4246
train4248,0,4247
train4249,0,4248
train4250,0,4249
train4251,0,4250
train4252,0,4251
train4253,0,4252
train4254,0,4253
train4255,0,4254
train4256,0,4255
train4257,0,4256
train4258,1,4257
train4259,0,4258
train4260,1,4259
train4261,1,4260
train4262,1,4261
train4263,0,4262
train4264,1,4263
train4265,0,4264
train4266,1,4265
train4267,1,4266
train4268,1,4267
train4269,1,4268
train4270,1,4269
train4271,1,4270
train4272,1,4271
train4273,1,4272
train4274,1,4273
train4275,1,4274
train4276,1,4275
train4277,1,4276
train4278,1,4277
train4279,1,4278
train4280,1,4279
train4281,1,4280
train4282,1,4281
train4283,1,4282
train4284,1,4283
train4285,1,4284
train4286,1,4285
train4287,1,4286
train4288,1,4287
train4289,1,4288
train4290,1,4289
train4291,0,4290
train4292,0,4291
train4293,0,4292
train4294,0,4293
train4295,0,4294
train4296,0,4295
train4297,1,4296
train4298,0,4297
train4299,0,4298
train4300,0,4299
train4301,0,4300
train4302,0,4301
train4303,0,4302
train4304,0,4303
train4305,0,4304
train4306,0,4305
train4307,0,4306
train4308,0,4307
train4309,0,4308
train4310,0,4309
train4311,0,4310
train4312,0,4311
train4313,0,4312
train4314,0,4313
train4315,0,4314
train4316,0,4315
train4317,0,4316
train4318,0,4317
train4319,0,4318
train4320,0,4319
train4321,0,4320
train4322,0,4321
train4323,0,4322
train4324,0,4323
train4325,0,4324
train4326,0,4325
train4327,0,4326
train4328,0,4327
train4329,0,4328
train4330,0,4329
train4331,0,4330
train4332,0,4331
train4333,0,4332
train4334,0,4333
train4335,0,4334
train4336,0,4335
train4337,0,4336
train4338,0,4337
train4339,0,4338
train4340,0,4339
train4341,0,4340
train4342,0,4341
train4343,0,4342
train4344,0,4343
train4345,0,4344
train4346,0,4345
train4347,0,4346
train4348,0,4347
train4349,0,4348
train4350,0,4349
train4351,0,4350
train4352,0,4351
train4353,0,4352
train4354,0,4353
train4355,0,4354
train4356,0,4355
train4357,0,4356
train4358,0,4357
train4359,0,4358
train4360,0,4359
train4361,0,4360
train4362,0,4361
train4363,0,4362
train4364,0,4363
train4365,0,4364
train4366,1,4365
train4367,0,4366
train4368,1,4367
train4369,0,4368
train4370,0,4369
train4371,0,4370
train4372,1,4371
train4373,0,4372
train4374,0,4373
train4375,0,4374
train4376,0,4375
train4377,0,4376
train4378,0,4377
train4379,0,4378
train4380,0,4379
train4381,0,4380
train4382,0,4381
train4383,0,4382
train4384,0,4383
train4385,0,4384
train4386,0,4385
train4387,0,4386
train4388,0,4387
train4389,0,4388
train4390,0,4389
train4391,0,4390
train4392,0,4391
train4393,0,4392
train4394,0,4393
train4395,0,4394
train4396,0,4395
train4397,0,4396
train4398,0,4397
train4399,0,4398
train4400,0,4399
train4401,0,4400
train4402,0,4401
train4403,0,4402
train4404,0,4403
train4405,0,4404
train4406,0,4405
train4407,0,4406
train4408,0,4407
train4409,0,4408
train4410,0,4409
train4411,0,4410
train4412,0,4411
train4413,0,4412
train4414,0,4413
train4415,0,4414
train4416,0,4415
train4417,0,4416
train4418,0,4417
train4419,0,4418
train4420,0,4419
train4421,0,4420
train4422,0,4421
train4423,0,4422
train4424,0,4423
train4425,0,4424
train4426,0,4425
train4427,0,4426
train4428,0,4427
train4429,0,4428
train4430,0,4429
train4431,0,4430
train4432,0,4431
train4433,1,4432
train4434,0,4433
train4435,0,4434
train4436,0,4435
train4437,0,4436
train4438,0,4437
train4439,0,4438
train4440,0,4439
train4441,0,4440
train4442,0,4441
train4443,0,4442
train4444,0,4443
train4445,0,4444
train4446,0,4445
train4447,0,4446
train4448,0,4447
train4449,0,4448
train4450,1,4449
train4451,1,4450
train4452,1,4451
train4453,1,4452
train4454,1,4453
train4455,1,4454
train4456,1,4455
train4457,0,4456
train4458,0,4457
train4459,0,4458
train4460,0,4459
train4461,0,4460
train4462,0,4461
train4463,0,4462
train4464,0,4463
train4465,0,4464
train4466,0,4465
train4467,0,4466
train4468,0,4467
train4469,0,4468
train4470,0,4469
train4471,0,4470
train4472,0,4471
train4473,0,4472
train4474,0,4473
train4475,0,4474
train4476,0,4475
train4477,0,4476
train4478,0,4477
train4479,0,4478
train4480,0,4479
train4481,0,4480
train4482,0,4481
train4483,1,4482
train4484,1,4483
train4485,1,4484
train4486,0,4485
train4487,0,4486
train4488,0,4487
train4489,0,4488
train4490,0,4489
train4491,0,4490
train4492,0,4491
train4493,0,4492
train4494,0,4493
train4495,0,4494
train4496,0,4495
train4497,0,4496
train4498,0,4497
train4499,0,4498
train4500,0,4499
train4501,0,4500
train4502,0,4501
train4503,0,4502
train4504,0,4503
train4505,0,4504
train4506,0,4505
train4507,0,4506
train4508,0,4507
train4509,0,4508
train4510,0,4509
train4511,0,4510
train4512,0,4511
train4513,0,4512
train4514,0,4513
train4515,0,4514
train4516,0,4515
train4517,1,4516
train4518,1,4517
train4519,1,4518
train4520,0,4519
train4521,0,4520
train4522,0,4521
train4523,0,4522
train4524,0,4523
train4525,0,4524
train4526,1,4525
train4527,1,4526
train4528,0,4527
train4529,0,4528
train4530,0,4529
train4531,0,4530
train4532,0,4531
train4533,0,4532
train4534,0,4533
train4535,0,4534
train4536,0,4535
train4537,0,4536
train4538,0,4537
train4539,0,4538
train4540,0,4539
train4541,0,4540
train4542,0,4541
train4543,0,4542
train4544,0,4543
train4545,0,4544
train4546,1,4545
train4547,1,4546
train4548,1,4547
train4549,0,4548
train4550,0,4549
train4551,0,4550
train4552,0,4551
train4553,0,4552
train4554,0,4553
train4555,0,4554
train4556,0,4555
train4557,0,4556
train4558,0,4557
train4559,0,4558
train4560,0,4559
train4561,0,4560
train4562,0,4561
train4563,0,4562
train4564,0,4563
train4565,0,4564
train4566,0,4565
train4567,0,4566
train4568,0,4567
train4569,0,4568
train4570,0,4569
train4571,0,4570
train4572,0,4571
train4573,0,4572
train4574,0,4573
train4575,0,4574
train4576,0,4575
train4577,0,4576
train4578,0,4577
train4579,0,4578
train4580,0,4579
train4581,0,4580
train4582,0,4581
train4583,0,4582
train4584,0,4583
train4585,0,4584
train4586,0,4585
train4587,0,4586
train4588,0,4587
train4589,0,4588
train4590,0,4589
train4591,0,4590
train4592,0,4591
train4593,0,4592
train4594,0,4593
train4595,0,4594
train4596,0,4595
train4597,0,4596
train4598,1,4597
train4599,0,4598
train4600,0,4599
train4601,1,4600
train4602,0,4601
train4603,1,4602
train4604,0,4603
train4605,0,4604
train4606,0,4605
train4607,0,4606
train4608,0,4607
train4609,0,4608
train4610,1,4609
train4611,1,4610
train4612,0,4611
train4613,0,4612
train4614,0,4613
train4615,0,4614
train4616,1,4615
train4617,1,4616
train4618,0,4617
train4619,0,4618
train4620,0,4619
train4621,0,4620
train4622,0,4621
train4623,0,4622
train4624,0,4623
train4625,0,4624
train4626,0,4625
train4627,0,4626
train4628,1,4627
train4629,1,4628
train4630,1,4629
train4631,0,4630
train4632,0,4631
train4633,0,4632
train4634,0,4633
train4635,0,4634
train4636,0,4635
train4637,0,4636
train4638,1,4637
train4639,1,4638
train4640,1,4639
train4641,1,4640
train4642,1,4641
train4643,1,4642
train4644,1,4643
train4645,0,4644
train4646,1,4645
train4647,1,4646
train4648,1,4647
train4649,1,4648
train4650,0,4649
train4651,1,4650
train4652,0,4651
train4653,0,4652
train4654,1,4653
train4655,1,4654
train4656,0,4655
train4657,0,4656
train4658,0,4657
train4659,0,4658
train4660,0,4659
train4661,0,4660
train4662,0,4661
train4663,0,4662
train4664,0,4663
train4665,0,4664
train4666,0,4665
train4667,0,4666
train4668,0,4667
train4669,0,4668
train4670,0,4669
train4671,0,4670
train4672,0,4671
train4673,0,4672
train4674,0,4673
train4675,0,4674
train4676,0,4675
train4677,0,4676
train4678,0,4677
train4679,0,4678
train4680,0,4679
train4681,1,4680
train4682,0,4681
train4683,0,4682
train4684,0,4683
train4685,0,4684
train4686,0,4685
train4687,1,4686
train4688,1,4687
train4689,1,4688
train4690,1,4689
train4691,1,4690
train4692,1,4691
train4693,1,4692
train4694,0,4693
train4695,1,4694
train4696,1,4695
train4697,1,4696
train4698,1,4697
train4699,1,4698
train4700,1,4699
train4701,1,4700
train4702,0,4701
train4703,0,4702
train4704,1,4703
train4705,0,4704
train4706,0,4705
train4707,0,4706
train4708,0,4707
train4709,0,4708
train4710,0,4709
train4711,1,4710
train4712,1,4711
train4713,0,4712
train4714,1,4713
train4715,1,4714
train4716,1,4715
train4717,1,4716
train4718,1,4717
train4719,1,4718
train4720,1,4719
train4721,1,4720
train4722,1,4721
train4723,1,4722
train4724,0,4723
train4725,1,4724
train4726,0,4725
train4727,0,4726
train4728,1,4727
train4729,1,4728
train4730,1,4729
train4731,1,4730
train4732,1,4731
train4733,1,4732
train4734,1,4733
train4735,0,4734
train4736,1,4735
train4737,0,4736
train4738,0,4737
train4739,0,4738
train4740,1,4739
train4741,1,4740
train4742,0,4741
train4743,1,4742
train4744,0,4743
train4745,0,4744
train4746,1,4745
train4747,1,4746
train4748,0,4747
train4749,0,4748
train4750,0,4749
train4751,1,4750
train4752,0,4751
train4753,0,4752
train4754,0,4753
train4755,0,4754
train4756,0,4755
train4757,0,4756
train4758,0,4757
train4759,1,4758
train4760,1,4759
train4761,1,4760
train4762,1,4761
train4763,1,4762
train4764,1,4763
train4765,1,4764
train4766,0,4765
train4767,1,4766
train4768,1,4767
train4769,1,4768
train4770,1,4769
train4771,1,4770
train4772,1,4771
train4773,1,4772
train4774,1,4773
train4775,1,4774
train4776,0,4775
train4777,1,4776
train4778,1,4777
train4779,1,4778
train4780,1,4779
train4781,1,4780
train4782,1,4781
train4783,1,4782
train4784,1,4783
train4785,0,4784
train4786,0,4785
train4787,0,4786
train4788,1,4787
train4789,0,4788
train4790,1,4789
train4791,1,4790
train4792,1,4791
train4793,1,4792
train4794,1,4793
train4795,0,4794
train4796,1,4795
train4797,1,4796
train4798,0,4797
train4799,1,4798
train4800,1,4799
train4801,0,4800
train4802,1,4801
train4803,0,4802
train4804,1,4803
train4805,1,4804
train4806,1,4805
train4807,1,4806
train4808,1,4807
train4809,0,4808
train4810,0,4809
train4811,0,4810
train4812,0,4811
train4813,0,4812
train4814,0,4813
train4815,1,4814
train4816,1,4815
train4817,0,4816
train4818,0,4817
train4819,0,4818
train4820,1,4819
train4821,0,4820
train4822,1,4821
train4823,0,4822
train4824,0,4823
train4825,1,4824
train4826,1,4825
train4827,1,4826
train4828,1,4827
train4829,1,4828
train4830,1,4829
train4831,1,4830
train4832,1,4831
train4833,1,4832
train4834,1,4833
train4835,1,4834
train4836,1,4835
train4837,0,4836
train4838,0,4837
train4839,0,4838
train4840,0,4839
train4841,1,4840
train4842,1,4841
train4843,1,4842
train4844,1,4843
train4845,1,4844
train4846,1,4845
train4847,1,4846
train4848,1,4847
train4849,1,4848
train4850,1,4849
train4851,0,4850
train4852,0,4851
train4853,1,4852
train4854,1,4853
train4855,1,4854
train4856,1,4855
train4857,1,4856
train4858,1,4857
train4859,1,4858
train4860,1,4859
train4861,0,4860
train4862,1,4861
train4863,1,4862
train4864,1,4863
train4865,1,4864
train4866,0,4865
train4867,1,4866
train4868,0,4867
train4869,1,4868
train4870,1,4869
train4871,1,4870
train4872,0,4871
train4873,1,4872
train4874,1,4873
train4875,1,4874
train4876,1,4875
train4877,1,4876
train4878,1,4877
train4879,1,4878
train4880,1,4879
train4881,1,4880
train4882,1,4881
train4883,0,4882
train4884,1,4883
train4885,1,4884
train4886,1,4885
train4887,1,4886
train4888,1,4887
train4889,1,4888
train4890,1,4889
train4891,1,4890
train4892,1,4891
train4893,1,4892
train4894,1,4893
train4895,1,4894
train4896,1,4895
train4897,1,4896
train4898,1,4897
train4899,1,4898
train4900,1,4899
train4901,1,4900
train4902,1,4901
train4903,1,4902
train4904,1,4903
train4905,1,4904
train4906,1,4905
train4907,1,4906
train4908,1,4907
train4909,1,4908
train4910,1,4909
train4911,1,4910
train4912,1,4911
train4913,1,4912
train4914,1,4913
train4915,1,4914
train4916,1,4915
train4917,1,4916
train4918,1,4917
train4919,1,4918
train4920,1,4919
train4921,1,4920
train4922,1,4921
train4923,1,4922
train4924,1,4923
train4925,1,4924
train4926,0,4925
train4927,0,4926
train4928,0,4927
train4929,1,4928
train4930,1,4929
train4931,1,4930
train4932,1,4931
train4933,1,4932
train4934,1,4933
train4935,1,4934
train4936,1,4935
train4937,0,4936
train4938,1,4937
train4939,1,4938
train4940,0,4939
train4941,1,4940
train4942,1,4941
train4943,1,4942
train4944,1,4943
train4945,1,4944
train4946,1,4945
train4947,1,4946
train4948,1,4947
train4949,1,4948
train4950,1,4949
train4951,0,4950
train4952,0,4951
train4953,0,4952
train4954,1,4953
train4955,1,4954
train4956,1,4955
train4957,0,4956
train4958,1,4957
train4959,1,4958
train4960,1,4959
train4961,1,4960
train4962,1,4961
train4963,1,4962
train4964,1,4963
train4965,1,4964
train4966,1,4965
train4967,1,4966
train4968,1,4967
train4969,1,4968
train4970,1,4969
train4971,1,4970
train4972,1,4971
train4973,1,4972
train4974,1,4973
train4975,1,4974
train4976,1,4975
train4977,1,4976
train4978,1,4977
train4979,1,4978
train4980,1,4979
train4981,1,4980
train4982,0,4981
train4983,1,4982
train4984,0,4983
train4985,1,4984
train4986,1,4985
train4987,1,4986
train4988,1,4987
train4989,1,4988
train4990,0,4989
train4991,1,4990
train4992,0,4991
train4993,0,4992
train4994,1,4993
train4995,1,4994
train4996,0,4995
train4997,1,4996
train4998,1,4997
train4999,1,4998
train5000,1,4999
train5001,1,5000
train5002,0,5001
train5003,1,5002
train5004,0,5003
train5005,0,5004
train5006,0,5005
train5007,0,5006
train5008,1,5007
train5009,1,5008
train5010,1,5009
train5011,1,5010
train5012,0,5011
train5013,1,5012
train5014,1,5013
train5015,0,5014
train5016,0,5015
train5017,0,5016
train5018,1,5017
train5019,1,5018
train5020,1,5019
train5021,0,5020
train5022,1,5021
train5023,1,5022
train5024,1,5023
train5025,1,5024
train5026,0,5025
train5027,0,5026
train5028,0,5027
train5029,1,5028
train5030,0,5029
train5031,1,5030
train5032,1,5031
train5033,1,5032
train5034,0,5033
train5035,0,5034
train5036,1,5035
train5037,1,5036
train5038,1,5037
train5039,1,5038
train5040,0,5039
train5041,0,5040
train5042,0,5041
train5043,0,5042
train5044,0,5043
train5045,1,5044
train5046,0,5045
train5047,0,5046
train5048,1,5047
train5049,1,5048
train5050,1,5049
train5051,0,5050
train5052,0,5051
train5053,0,5052
train5054,0,5053
train5055,1,5054
train5056,0,5055
train5057,1,5056
train5058,1,5057
train5059,0,5058
train5060,1,5059
train5061,0,5060
train5062,0,5061
train5063,0,5062
train5064,1,5063
train5065,0,5064
train5066,1,5065
train5067,0,5066
train5068,1,5067
train5069,1,5068
train5070,0,5069
train5071,0,5070
train5072,1,5071
train5073,0,5072
train5074,1,5073
train5075,1,5074
train5076,1,5075
train5077,0,5076
train5078,0,5077
train5079,1,5078
train5080,1,5079
train5081,1,5080
train5082,1,5081
train5083,0,5082
train5084,0,5083
train5085,1,5084
train5086,0,5085
train5087,0,5086
train5088,0,5087
train5089,1,5088
train5090,0,5089
train5091,0,5090
train5092,0,5091
train5093,0,5092
train5094,0,5093
train5095,0,5094
train5096,1,5095
train5097,0,5096
train5098,0,5097
train5099,0,5098
train5100,1,5099
train5101,1,5100
train5102,1,5101
train5103,0,5102
train5104,1,5103
train5105,1,5104
train5106,0,5105
train5107,0,5106
train5108,0,5107
train5109,0,5108
train5110,0,5109
train5111,0,5110
train5112,0,5111
train5113,0,5112
train5114,0,5113
train5115,0,5114
train5116,0,5115
train5117,0,5116
train5118,0,5117
train5119,0,5118
train5120,0,5119
train5121,0,5120
train5122,0,5121
train5123,0,5122
train5124,0,5123
train5125,0,5124
train5126,0,5125
train5127,0,5126
train5128,0,5127
train5129,0,5128
train5130,0,5129
train5131,0,5130
train5132,0,5131
train5133,0,5132
train5134,0,5133
train5135,0,5134
train5136,0,5135
train5137,0,5136
train5138,0,5137
train5139,0,5138
train5140,0,5139
train5141,1,5140
train5142,0,5141
train5143,0,5142
train5144,0,5143
train5145,0,5144
train5146,0,5145
train5147,0,5146
train5148,0,5147
train5149,0,5148
train5150,0,5149
train5151,0,5150
train5152,0,5151
train5153,0,5152
train5154,0,5153
train5155,0,5154
train5156,0,5155
train5157,0,5156
train5158,0,5157
train5159,0,5158
train5160,0,5159
train5161,0,5160
train5162,0,5161
train5163,0,5162
train5164,0,5163
train5165,0,5164
train5166,0,5165
train5167,0,5166
train5168,0,5167
train5169,0,5168
train5170,0,5169
train5171,0,5170
train5172,0,5171
train5173,0,5172
train5174,0,5173
train5175,0,5174
train5176,0,5175
train5177,0,5176
train5178,0,5177
train5179,1,5178
train5180,0,5179
train5181,0,5180
train5182,0,5181
train5183,0,5182
train5184,0,5183
train5185,1,5184
train5186,1,5185
train5187,1,5186
train5188,0,5187
train5189,0,5188
train5190,0,5189
train5191,0,5190
train5192,0,5191
train5193,0,5192
train5194,0,5193
train5195,0,5194
train5196,0,5195
train5197,0,5196
train5198,0,5197
train5199,0,5198
train5200,1,5199
train5201,1,5200
train5202,0,5201
train5203,0,5202
train5204,0,5203
train5205,0,5204
train5206,0,5205
train5207,0,5206
train5208,1,5207
train5209,1,5208
train5210,0,5209
train5211,0,5210
train5212,1,5211
train5213,0,5212
train5214,1,5213
train5215,0,5214
train5216,0,5215
train5217,0,5216
train5218,0,5217
train5219,0,5218
train5220,0,5219
train5221,0,5220
train5222,1,5221
train5223,1,5222
train5224,1,5223
train5225,1,5224
train5226,0,5225
train5227,0,5226
train5228,0,5227
train5229,0,5228
train5230,0,5229
train5231,1,5230
train5232,0,5231
train5233,0,5232
train5234,1,5233
train5235,1,5234
train5236,1,5235
train5237,1,5236
train5238,1,5237
train5239,0,5238
train5240,1,5239
train5241,0,5240
train5242,0,5241
train5243,0,5242
train5244,0,5243
train5245,0,5244
train5246,0,5245
train5247,0,5246
train5248,0,5247
train5249,1,5248
train5250,0,5249
train5251,1,5250
train5252,0,5251
train5253,1,5252
train5254,1,5253
train5255,1,5254
train5256,1,5255
train5257,1,5256
train5258,1,5257
train5259,1,5258
train5260,1,5259
train5261,0,5260
train5262,1,5261
train5263,1,5262
train5264,1,5263
train5265,0,5264
train5266,0,5265
train5267,0,5266
train5268,1,5267
train5269,0,5268
train5270,0,5269
train5271,1,5270
train5272,0,5271
train5273,1,5272
train5274,0,5273
train5275,1,5274
train5276,0,5275
train5277,0,5276
train5278,1,5277
train5279,0,5278
train5280,1,5279
train5281,1,5280
train5282,0,5281
train5283,1,5282
train5284,0,5283
train5285,0,5284
train5286,1,5285
train5287,0,5286
train5288,0,5287
train5289,0,5288
train5290,1,5289
train5291,1,5290
train5292,0,5291
train5293,0,5292
train5294,0,5293
train5295,0,5294
train5296,1,5295
train5297,0,5296
train5298,1,5297
train5299,0,5298
train5300,1,5299
train5301,0,5300
train5302,1,5301
train5303,1,5302
train5304,0,5303
train5305,1,5304
train5306,0,5305
train5307,1,5306
train5308,0,5307
train5309,1,5308
train5310,0,5309
train5311,1,5310
train5312,0,5311
train5313,0,5312
train5314,1,5313
train5315,1,5314
train5316,1,5315
train5317,1,5316
train5318,1,5317
train5319,1,5318
train5320,0,5319
train5321,1,5320
train5322,0,5321
train5323,0,5322
train5324,1,5323
train5325,0,5324
train5326,0,5325
train5327,0,5326
train5328,1,5327
train5329,1,5328
train5330,1,5329
train5331,0,5330
train5332,0,5331
train5333,0,5332
train5334,0,5333
train5335,1,5334
train5336,1,5335
train5337,0,5336
train5338,0,5337
train5339,1,5338
train5340,0,5339
train5341,0,5340
train5342,1,5341
train5343,1,5342
train5344,1,5343
train5345,0,5344
train5346,1,5345
train5347,0,5346
train5348,0,5347
train5349,0,5348
train5350,1,5349
train5351,0,5350
train5352,1,5351
train5353,1,5352
train5354,0,5353
train5355,0,5354
train5356,0,5355
train5357,0,5356
train5358,0,5357
train5359,0,5358
train5360,1,5359
train5361,1,5360
train5362,1,5361
train5363,1,5362
train5364,0,5363
train5365,1,5364
train5366,0,5365
train5367,1,5366
train5368,1,5367
train5369,1,5368
train5370,0,5369
train5371,1,5370
train5372,1,5371
train5373,1,5372
train5374,1,5373
train5375,0,5374
train5376,1,5375
train5377,1,5376
train5378,1,5377
train5379,1,5378
train5380,1,5379
train5381,1,5380
train5382,0,5381
train5383,0,5382
train5384,0,5383
train5385,0,5384
train5386,0,5385
train5387,0,5386
train5388,0,5387
train5389,0,5388
train5390,1,5389
train5391,0,5390
train5392,0,5391
train5393,1,5392
train5394,1,5393
train5395,1,5394
train5396,0,5395
train5397,1,5396
train5398,0,5397
train5399,0,5398
train5400,0,5399
train5401,0,5400
train5402,0,5401
train5403,0,5402
train5404,1,5403
train5405,1,5404
train5406,0,5405
train5407,1,5406
train5408,0,5407
train5409,0,5408
train5410,0,5409
train5411,1,5410
train5412,1,5411
train5413,1,5412
train5414,0,5413
train5415,0,5414
train5416,1,5415
train5417,1,5416
train5418,1,5417
train5419,0,5418
train5420,0,5419
train5421,1,5420
train5422,0,5421
train5423,0,5422
train5424,1,5423
train5425,0,5424
train5426,0,5425
train5427,0,5426
train5428,1,5427
train5429,0,5428
train5430,0,5429
train5431,0,5430
train5432,0,5431
train5433,0,5432
train5434,1,5433
train5435,0,5434
train5436,0,5435
train5437,0,5436
train5438,0,5437
train5439,0,5438
train5440,0,5439
train5441,0,5440
train5442,0,5441
train5443,0,5442
train5444,0,5443
train5445,0,5444
train5446,1,5445
train5447,0,5446
train5448,0,5447
train5449,0,5448
train5450,0,5449
train5451,1,5450
train5452,0,5451
train5453,0,5452
train5454,0,5453
train5455,0,5454
train5456,0,5455
train5457,1,5456
train5458,1,5457
train5459,0,5458
train5460,0,5459
train5461,0,5460
train5462,0,5461
train5463,0,5462
train5464,0,5463
train5465,0,5464
train5466,0,5465
train5467,1,5466
train5468,1,5467
train5469,1,5468
train5470,1,5469
train5471,1,5470
train5472,1,5471
train5473,1,5472
train5474,0,5473
train5475,1,5474
train5476,1,5475
train5477,1,5476
train5478,1,5477
train5479,1,5478
train5480,0,5479
train5481,0,5480
train5482,1,5481
train5483,0,5482
train5484,0,5483
train5485,1,5484
train5486,0,5485
train5487,0,5486
train5488,0,5487
train5489,1,5488
train5490,1,5489
train5491,0,5490
train5492,0,5491
train5493,0,5492
train5494,0,5493
train5495,0,5494
train5496,0,5495
train5497,0,5496
train5498,0,5497
train5499,1,5498
train5500,1,5499
train5501,0,5500
train5502,0,5501
train5503,0,5502
train5504,0,5503
train5505,0,5504
train5506,0,5505
train5507,0,5506
train5508,0,5507
train5509,1,5508
train5510,1,5509
train5511,1,5510
train5512,1,5511
train5513,0,5512
train5514,0,5513
train5515,1,5514
train5516,1,5515
train5517,0,5516
train5518,1,5517
train5519,1,5518
train5520,0,5519
train5521,1,5520
train5522,1,5521
train5523,0,5522
train5524,0,5523
train5525,1,5524
train5526,0,5525
train5527,0,5526
train5528,0,5527
train5529,0,5528
train5530,1,5529
train5531,1,5530
train5532,1,5531
train5533,1,5532
train5534,1,5533
train5535,0,5534
train5536,0,5535
train5537,1,5536
train5538,0,5537
train5539,0,5538
train5540,1,5539
train5541,0,5540
train5542,0,5541
train5543,0,5542
train5544,0,5543
train5545,1,5544
train5546,1,5545
train5547,1,5546
train5548,0,5547
train5549,0,5548
train5550,0,5549
train5551,0,5550
train5552,0,5551
train5553,0,5552
train5554,0,5553
train5555,0,5554
train5556,1,5555
train5557,0,5556
train5558,1,5557
train5559,1,5558
train5560,0,5559
train5561,0,5560
train5562,0,5561
train5563,0,5562
train5564,1,5563
train5565,1,5564
train5566,0,5565
train5567,0,5566
train5568,0,5567
train5569,1,5568
train5570,0,5569
train5571,0,5570
train5572,0,5571
train5573,1,5572
train5574,1,5573
train5575,1,5574
train5576,1,5575
train5577,1,5576
train5578,1,5577
train5579,1,5578
train5580,1,5579
train5581,1,5580
train5582,1,5581
train5583,1,5582
train5584,1,5583
train5585,0,5584
train5586,0,5585
train5587,0,5586
train5588,0,5587
train5589,1,5588
train5590,1,5589
train5591,1,5590
train5592,0,5591
train5593,1,5592
train5594,1,5593
train5595,1,5594
train5596,1,5595
train5597,0,5596
train5598,0,5597
train5599,0,5598
train5600,0,5599
train5601,0,5600
train5602,0,5601
train5603,0,5602
train5604,0,5603
train5605,0,5604
train5606,0,5605
train5607,0,5606
train5608,0,5607
train5609,0,5608
train5610,0,5609
train5611,0,5610
train5612,0,5611
train5613,1,5612
train5614,0,5613
train5615,0,5614
train5616,0,5615
train5617,0,5616
train5618,0,5617
train5619,1,5618
train5620,0,5619
train5621,0,5620
train5622,0,5621
train5623,0,5622
train5624,0,5623
train5625,0,5624
train5626,0,5625
train5627,0,5626
train5628,0,5627
train5629,1,5628
train5630,0,5629
train5631,0,5630
train5632,0,5631
train5633,0,5632
train5634,0,5633
train5635,0,5634
train5636,1,5635
train5637,1,5636
train5638,0,5637
train5639,0,5638
train5640,0,5639
train5641,0,5640
train5642,0,5641
train5643,0,5642
train5644,0,5643
train5645,0,5644
train5646,0,5645
train5647,0,5646
train5648,0,5647
train5649,0,5648
train5650,0,5649
train5651,0,5650
train5652,0,5651
train5653,0,5652
train5654,0,5653
train5655,1,5654
train5656,1,5655
train5657,1,5656
train5658,0,5657
train5659,0,5658
train5660,0,5659
train5661,0,5660
train5662,0,5661
train5663,0,5662
train5664,0,5663
train5665,0,5664
train5666,0,5665
train5667,0,5666
train5668,0,5667
train5669,1,5668
train5670,0,5669
train5671,0,5670
train5672,1,5671
train5673,1,5672
train5674,0,5673
train5675,0,5674
train5676,0,5675
train5677,0,5676
train5678,0,5677
train5679,0,5678
train5680,0,5679
train5681,0,5680
train5682,0,5681
train5683,0,5682
train5684,1,5683
train5685,0,5684
train5686,0,5685
train5687,0,5686
train5688,0,5687
train5689,0,5688
train5690,0,5689
train5691,0,5690
train5692,0,5691
train5693,0,5692
train5694,0,5693
train5695,0,5694
train5696,0,5695
train5697,0,5696
train5698,0,5697
train5699,0,5698
train5700,0,5699
train5701,0,5700
train5702,0,5701
train5703,0,5702
train5704,0,5703
train5705,0,5704
train5706,0,5705
train5707,0,5706
train5708,0,5707
train5709,0,5708
train5710,1,5709
train5711,0,5710
train5712,0,5711
train5713,0,5712
train5714,0,5713
train5715,0,5714
train5716,0,5715
train5717,0,5716
train5718,0,5717
train5719,0,5718
train5720,0,5719
train5721,0,5720
train5722,0,5721
train5723,0,5722
train5724,0,5723
train5725,0,5724
train5726,0,5725
train5727,0,5726
train5728,0,5727
train5729,0,5728
train5730,0,5729
train5731,0,5730
train5732,0,5731
train5733,0,5732
train5734,0,5733
train5735,0,5734
train5736,0,5735
train5737,0,5736
train5738,0,5737
train5739,0,5738
train5740,0,5739
train5741,0,5740
train5742,0,5741
train5743,0,5742
train5744,0,5743
train5745,0,5744
train5746,0,5745
train5747,0,5746
train5748,0,5747
train5749,0,5748
train5750,0,5749
train5751,0,5750
train5752,0,5751
train5753,0,5752
train5754,0,5753
train5755,0,5754
train5756,0,5755
train5757,0,5756
train5758,0,5757
train5759,0,5758
train5760,0,5759
train5761,0,5760
train5762,0,5761
train5763,0,5762
train5764,0,5763
train5765,0,5764
train5766,0,5765
train5767,0,5766
train5768,0,5767
train5769,0,5768
train5770,0,5769
train5771,0,5770
train5772,0,5771
train5773,0,5772
train5774,0,5773
train5775,0,5774
train5776,0,5775
train5777,0,5776
train5778,0,5777
train5779,0,5778
train5780,0,5779
train5781,0,5780
train5782,0,5781
train5783,0,5782
train5784,0,5783
train5785,0,5784
train5786,0,5785
train5787,0,5786
train5788,0,5787
train5789,0,5788
train5790,0,5789
train5791,0,5790
train5792,0,5791
train5793,0,5792
train5794,0,5793
train5795,1,5794
train5796,1,5795
train5797,0,5796
train5798,1,5797
train5799,0,5798
train5800,1,5799
train5801,1,5800
train5802,1,5801
train5803,0,5802
train5804,1,5803
train5805,1,5804
train5806,1,5805
train5807,0,5806
train5808,0,5807
train5809,0,5808
train5810,1,5809
train5811,0,5810
train5812,0,5811
train5813,0,5812
train5814,0,5813
train5815,0,5814
train5816,0,5815
train5817,0,5816
train5818,0,5817
train5819,0,5818
train5820,0,5819
train5821,0,5820
train5822,0,5821
train5823,0,5822
train5824,0,5823
train5825,0,5824
train5826,0,5825
train5827,0,5826
train5828,0,5827
train5829,0,5828
train5830,0,5829
train5831,0,5830
train5832,1,5831
train5833,0,5832
train5834,0,5833
train5835,0,5834
train5836,0,5835
train5837,0,5836
train5838,0,5837
train5839,0,5838
train5840,0,5839
train5841,0,5840
train5842,0,5841
train5843,0,5842
train5844,0,5843
train5845,0,5844
train5846,0,5845
train5847,0,5846
train5848,1,5847
train5849,1,5848
train5850,1,5849
train5851,1,5850
train5852,1,5851
train5853,0,5852
train5854,1,5853
train5855,0,5854
train5856,0,5855
train5857,0,5856
train5858,0,5857
train5859,1,5858
train5860,1,5859
train5861,1,5860
train5862,0,5861
train5863,0,5862
train5864,0,5863
train5865,1,5864
train5866,0,5865
train5867,1,5866
train5868,0,5867
train5869,1,5868
train5870,0,5869
train5871,0,5870
train5872,0,5871
train5873,0,5872
train5874,0,5873
train5875,0,5874
train5876,0,5875
train5877,0,5876
train5878,0,5877
train5879,0,5878
train5880,0,5879
train5881,0,5880
train5882,0,5881
train5883,1,5882
train5884,0,5883
train5885,0,5884
train5886,0,5885
train5887,0,5886
train5888,0,5887
train5889,0,5888
train5890,0,5889
train5891,0,5890
train5892,0,5891
train5893,0,5892
train5894,0,5893
train5895,0,5894
train5896,0,5895
train5897,0,5896
train5898,0,5897
train5899,0,5898
train5900,0,5899
train5901,0,5900
train5902,0,5901
train5903,0,5902
train5904,1,5903
train5905,1,5904
train5906,0,5905
train5907,0,5906
train5908,0,5907
train5909,0,5908
train5910,0,5909
train5911,1,5910
train5912,1,5911
train5913,0,5912
train5914,0,5913
train5915,0,5914
train5916,0,5915
train5917,0,5916
train5918,0,5917
train5919,0,5918
train5920,0,5919
train5921,0,5920
train5922,0,5921
train5923,1,5922
train5924,0,5923
train5925,0,5924
train5926,0,5925
train5927,0,5926
train5928,0,5927
train5929,1,5928
train5930,0,5929
train5931,0,5930
train5932,0,5931
train5933,1,5932
train5934,0,5933
train5935,0,5934
train5936,0,5935
train5937,0,5936
train5938,0,5937
train5939,0,5938
train5940,0,5939
train5941,0,5940
train5942,1,5941
train5943,0,5942
train5944,0,5943
train5945,0,5944
train5946,0,5945
train5947,0,5946
train5948,0,5947
train5949,0,5948
train5950,1,5949
train5951,0,5950
train5952,0,5951
train5953,0,5952
train5954,0,5953
train5955,1,5954
train5956,1,5955
train5957,0,5956
train5958,0,5957
train5959,0,5958
train5960,0,5959
train5961,0,5960
train5962,0,5961
train5963,0,5962
train5964,0,5963
train5965,0,5964
train5966,0,5965
train5967,0,5966
train5968,0,5967
train5969,0,5968
train5970,0,5969
train5971,0,5970
train5972,0,5971
train5973,0,5972
train5974,0,5973
train5975,0,5974
train5976,0,5975
train5977,0,5976
train5978,1,5977
train5979,1,5978
train5980,1,5979
train5981,1,5980
train5982,1,5981
train5983,0,5982
train5984,0,5983
train5985,0,5984
train5986,0,5985
train5987,0,5986
train5988,0,5987
train5989,0,5988
train5990,0,5989
train5991,0,5990
train5992,0,5991
train5993,0,5992
train5994,0,5993
train5995,0,5994
train5996,0,5995
train5997,0,5996
train5998,1,5997
train5999,1,5998
train6000,0,5999
train6001,0,6000
train6002,0,6001
train6003,0,6002
train6004,0,6003
train6005,0,6004
train6006,0,6005
train6007,0,6006
train6008,1,6007
train6009,1,6008
train6010,1,6009
train6011,0,6010
train6012,0,6011
train6013,0,6012
train6014,1,6013
train6015,0,6014
train6016,0,6015
train6017,0,6016
train6018,0,6017
train6019,0,6018
train6020,0,6019
train6021,0,6020
train6022,0,6021
train6023,1,6022
train6024,0,6023
train6025,0,6024
train6026,0,6025
train6027,0,6026
train6028,0,6027
train6029,0,6028
train6030,0,6029
train6031,0,6030
train6032,0,6031
train6033,0,6032
train6034,0,6033
train6035,0,6034
train6036,0,6035
train6037,0,6036
train6038,0,6037
train6039,0,6038
train6040,0,6039
train6041,0,6040
train6042,0,6041
train6043,0,6042
train6044,0,6043
train6045,0,6044
train6046,0,6045
train6047,0,6046
train6048,0,6047
train6049,0,6048
train6050,0,6049
train6051,0,6050
train6052,1,6051
train6053,0,6052
train6054,0,6053
train6055,0,6054
train6056,0,6055
train6057,0,6056
train6058,0,6057
train6059,0,6058
train6060,0,6059
train6061,0,6060
train6062,0,6061
train6063,0,6062
train6064,0,6063
train6065,0,6064
train6066,0,6065
train6067,1,6066
train6068,1,6067
train6069,0,6068
train6070,1,6069
train6071,0,6070
train6072,0,6071
train6073,0,6072
train6074,0,6073
train6075,0,6074
train6076,0,6075
train6077,0,6076
train6078,0,6077
train6079,0,6078
train6080,0,6079
train6081,0,6080
train6082,0,6081
train6083,0,6082
train6084,1,6083
train6085,1,6084
train6086,0,6085
train6087,0,6086
train6088,0,6087
train6089,0,6088
train6090,1,6089
train6091,1,6090
train6092,1,6091
train6093,1,6092
train6094,1,6093
train6095,0,6094
train6096,0,6095
train6097,0,6096
train6098,0,6097
train6099,0,6098
train6100,1,6099
train6101,0,6100
train6102,0,6101
train6103,0,6102
train6104,0,6103
train6105,1,6104
train6106,1,6105
train6107,1,6106
train6108,0,6107
train6109,0,6108
train6110,0,6109
train6111,0,6110
train6112,0,6111
train6113,0,6112
train6114,0,6113
train6115,0,6114
train6116,0,6115
train6117,0,6116
train6118,0,6117
train6119,0,6118
train6120,0,6119
train6121,0,6120
train6122,0,6121
train6123,0,6122
train6124,0,6123
train6125,0,6124
train6126,0,6125
train6127,0,6126
train6128,0,6127
train6129,0,6128
train6130,1,6129
train6131,0,6130
train6132,0,6131
train6133,0,6132
train6134,0,6133
train6135,0,6134
train6136,0,6135
train6137,0,6136
train6138,0,6137
train6139,0,6138
train6140,0,6139
train6141,0,6140
train6142,0,6141
train6143,1,6142
train6144,0,6143
train6145,0,6144
train6146,0,6145
train6147,0,6146
train6148,0,6147
train6149,0,6148
train6150,0,6149
train6151,0,6150
train6152,0,6151
train6153,0,6152
train6154,0,6153
train6155,0,6154
train6156,0,6155
train6157,0,6156
train6158,0,6157
train6159,0,6158
train6160,0,6159
train6161,0,6160
train6162,1,6161
train6163,0,6162
train6164,0,6163
train6165,0,6164
train6166,0,6165
train6167,0,6166
train6168,0,6167
train6169,0,6168
train6170,0,6169
train6171,0,6170
train6172,0,6171
train6173,0,6172
train6174,0,6173
train6175,0,6174
train6176,0,6175
train6177,0,6176
train6178,1,6177
train6179,0,6178
train6180,0,6179
train6181,0,6180
train6182,0,6181
train6183,0,6182
train6184,0,6183
train6185,0,6184
train6186,0,6185
train6187,0,6186
train6188,0,6187
train6189,0,6188
train6190,0,6189
train6191,0,6190
train6192,0,6191
train6193,0,6192
train6194,0,6193
train6195,0,6194
train6196,0,6195
train6197,0,6196
train6198,0,6197
train6199,1,6198
train6200,0,6199
train6201,0,6200
train6202,0,6201
train6203,0,6202
train6204,0,6203
train6205,0,6204
train6206,0,6205
train6207,0,6206
train6208,0,6207
train6209,0,6208
train6210,0,6209
train6211,0,6210
train6212,0,6211
train6213,0,6212
train6214,0,6213
train6215,0,6214
train6216,0,6215
train6217,0,6216
train6218,0,6217
train6219,1,6218
train6220,0,6219
train6221,0,6220
train6222,0,6221
train6223,0,6222
train6224,0,6223
train6225,1,6224
train6226,0,6225
train6227,0,6226
train6228,0,6227
train6229,0,6228
train6230,0,6229
train6231,0,6230
train6232,0,6231
train6233,0,6232
train6234,0,6233
train6235,1,6234
train6236,1,6235
train6237,1,6236
train6238,0,6237
train6239,0,6238
train6240,0,6239
train6241,0,6240
train6242,0,6241
train6243,0,6242
train6244,0,6243
train6245,0,6244
train6246,0,6245
train6247,1,6246
train6248,0,6247
train6249,0,6248
train6250,0,6249
train6251,0,6250
train6252,1,6251
train6253,1,6252
train6254,0,6253
train6255,0,6254
train6256,0,6255
train6257,0,6256
train6258,0,6257
train6259,1,6258
train6260,0,6259
train6261,0,6260
train6262,0,6261
train6263,0,6262
train6264,0,6263
train6265,0,6264
train6266,0,6265
train6267,0,6266
train6268,0,6267
train6269,0,6268
train6270,0,6269
train6271,0,6270
train6272,0,6271
train6273,0,6272
train6274,1,6273
train6275,0,6274
train6276,1,6275
train6277,1,6276
train6278,0,6277
train6279,0,6278
train6280,1,6279
train6281,1,6280
train6282,0,6281
train6283,1,6282
train6284,1,6283
train6285,1,6284
train6286,1,6285
train6287,1,6286
train6288,0,6287
train6289,0,6288
train6290,0,6289
train6291,1,6290
train6292,1,6291
train6293,1,6292
train6294,1,6293
train6295,1,6294
train6296,1,6295
train6297,1,6296
train6298,1,6297
train6299,1,6298
train6300,0,6299
train6301,1,6300
train6302,1,6301
train6303,0,6302
train6304,1,6303
train6305,1,6304
train6306,1,6305
train6307,1,6306
train6308,1,6307
train6309,1,6308
train6310,1,6309
train6311,1,6310
train6312,0,6311
train6313,0,6312
train6314,1,6313
train6315,1,6314
train6316,1,6315
train6317,1,6316
train6318,0,6317
train6319,1,6318
train6320,0,6319
train6321,0,6320
train6322,1,6321
train6323,1,6322
train6324,1,6323
train6325,1,6324
train6326,1,6325
train6327,0,6326
train6328,1,6327
train6329,1,6328
train6330,0,6329
train6331,1,6330
train6332,1,6331
train6333,0,6332
train6334,1,6333
train6335,0,6334
train6336,1,6335
train6337,1,6336
train6338,0,6337
train6339,0,6338
train6340,0,6339
train6341,0,6340
train6342,1,6341
train6343,1,6342
train6344,1,6343
train6345,1,6344
train6346,1,6345
train6347,1,6346
train6348,1,6347
train6349,1,6348
train6350,1,6349
train6351,1,6350
train6352,0,6351
train6353,1,6352
train6354,1,6353
train6355,0,6354
train6356,1,6355
train6357,1,6356
train6358,0,6357
train6359,0,6358
train6360,1,6359
train6361,1,6360
train6362,1,6361
train6363,0,6362
train6364,1,6363
train6365,1,6364
train6366,1,6365
train6367,1,6366
train6368,1,6367
train6369,1,6368
train6370,1,6369
train6371,1,6370
train6372,1,6371
train6373,1,6372
train6374,1,6373
train6375,1,6374
train6376,1,6375
train6377,1,6376
train6378,1,6377
train6379,1,6378
train6380,1,6379
train6381,1,6380
train6382,1,6381
train6383,0,6382
train6384,0,6383
train6385,1,6384
train6386,1,6385
train6387,1,6386
train6388,1,6387
train6389,1,6388
train6390,0,6389
train6391,1,6390
train6392,0,6391
train6393,1,6392
train6394,1,6393
train6395,1,6394
train6396,1,6395
train6397,1,6396
train6398,1,6397
train6399,1,6398
train6400,1,6399
train6401,1,6400
train6402,1,6401
train6403,0,6402
train6404,1,6403
train6405,1,6404
train6406,1,6405
train6407,0,6406
train6408,0,6407
train6409,0,6408
train6410,0,6409
train6411,0,6410
train6412,0,6411
train6413,1,6412
train6414,1,6413
train6415,1,6414
train6416,1,6415
train6417,0,6416
train6418,1,6417
train6419,1,6418
train6420,1,6419
train6421,1,6420
train6422,1,6421
train6423,1,6422
train6424,1,6423
train6425,0,6424
train6426,1,6425
train6427,1,6426
train6428,0,6427
train6429,0,6428
train6430,1,6429
train6431,1,6430
train6432,1,6431
train6433,1,6432
train6434,1,6433
train6435,1,6434
train6436,1,6435
train6437,1,6436
train6438,0,6437
train6439,0,6438
train6440,1,6439
train6441,1,6440
train6442,1,6441
train6443,1,6442
train6444,1,6443
train6445,1,6444
train6446,1,6445
train6447,1,6446
train6448,1,6447
train6449,1,6448
train6450,1,6449
train6451,1,6450
train6452,0,6451
train6453,1,6452
train6454,1,6453
train6455,1,6454
train6456,1,6455
train6457,0,6456
train6458,0,6457
train6459,1,6458
train6460,0,6459
train6461,1,6460
train6462,1,6461
train6463,1,6462
train6464,1,6463
train6465,0,6464
train6466,1,6465
train6467,1,6466
train6468,1,6467
train6469,1,6468
train6470,1,6469
train6471,1,6470
train6472,1,6471
train6473,1,6472
train6474,1,6473
train6475,1,6474
train6476,0,6475
train6477,0,6476
train6478,1,6477
train6479,1,6478
train6480,1,6479
train6481,1,6480
train6482,1,6481
train6483,1,6482
train6484,1,6483
train6485,1,6484
train6486,1,6485
train6487,1,6486
train6488,1,6487
train6489,1,6488
train6490,1,6489
train6491,1,6490
train6492,1,6491
train6493,0,6492
train6494,0,6493
train6495,1,6494
train6496,1,6495
train6497,0,6496
train6498,1,6497
train6499,1,6498
train6500,1,6499
train6501,1,6500
train6502,1,6501
train6503,1,6502
train6504,0,6503
train6505,1,6504
train6506,0,6505
train6507,1,6506
train6508,1,6507
train6509,1,6508
train6510,1,6509
train6511,1,6510
train6512,1,6511
train6513,1,6512
train6514,1,6513
train6515,1,6514
train6516,1,6515
train6517,1,6516
train6518,1,6517
train6519,1,6518
train6520,1,6519
train6521,1,6520
train6522,1,6521
train6523,1,6522
train6524,0,6523
train6525,1,6524
train6526,1,6525
train6527,1,6526
train6528,1,6527
train6529,1,6528
train6530,1,6529
train6531,1,6530
train6532,1,6531
train6533,1,6532
train6534,1,6533
train6535,0,6534
train6536,1,6535
train6537,0,6536
train6538,1,6537
train6539,1,6538
train6540,1,6539
train6541,0,6540
train6542,1,6541
train6543,0,6542
train6544,1,6543
train6545,1,6544
train6546,0,6545
train6547,0,6546
train6548,1,6547
train6549,0,6548
train6550,0,6549
train6551,0,6550
train6552,0,6551
train6553,1,6552
train6554,1,6553
train6555,1,6554
train6556,0,6555
train6557,0,6556
train6558,0,6557
train6559,1,6558
train6560,1,6559
train6561,1,6560
train6562,1,6561
train6563,1,6562
train6564,1,6563
train6565,1,6564
train6566,1,6565
train6567,1,6566
train6568,1,6567
train6569,1,6568
train6570,1,6569
train6571,1,6570
train6572,1,6571
train6573,1,6572
train6574,0,6573
train6575,1,6574
train6576,0,6575
train6577,1,6576
train6578,0,6577
train6579,1,6578
train6580,1,6579
train6581,0,6580
train6582,0,6581
train6583,1,6582
train6584,1,6583
train6585,1,6584
train6586,1,6585
train6587,1,6586
train6588,1,6587
train6589,0,6588
train6590,1,6589
train6591,0,6590
train6592,1,6591
train6593,1,6592
train6594,0,6593
train6595,1,6594
train6596,1,6595
train6597,1,6596
train6598,0,6597
train6599,0,6598
train6600,0,6599
train6601,0,6600
train6602,0,6601
train6603,0,6602
train6604,0,6603
train6605,0,6604
train6606,0,6605
train6607,0,6606
train6608,0,6607
train6609,0,6608
train6610,1,6609
train6611,1,6610
train6612,1,6611
train6613,1,6612
train6614,0,6613
train6615,1,6614
train6616,1,6615
train6617,0,6616
train6618,0,6617
train6619,0,6618
train6620,0,6619
train6621,0,6620
train6622,0,6621
train6623,0,6622
train6624,0,6623
train6625,0,6624
train6626,0,6625
train6627,0,6626
train6628,0,6627
train6629,0,6628
train6630,0,6629
train6631,0,6630
train6632,0,6631
train6633,0,6632
train6634,1,6633
train6635,1,6634
train6636,1,6635
train6637,1,6636
train6638,1,6637
train6639,0,6638
train6640,1,6639
train6641,1,6640
train6642,1,6641
train6643,1,6642
train6644,1,6643
train6645,1,6644
train6646,1,6645
train6647,0,6646
train6648,0,6647
train6649,1,6648
train6650,1,6649
train6651,0,6650
train6652,1,6651
train6653,1,6652
train6654,1,6653
train6655,0,6654
train6656,1,6655
train6657,0,6656
train6658,0,6657
train6659,0,6658
train6660,1,6659
train6661,1,6660
train6662,1,6661
train6663,1,6662
train6664,0,6663
train6665,0,6664
train6666,0,6665
train6667,0,6666
train6668,0,6667
train6669,0,6668
train6670,0,6669
train6671,0,6670
train6672,1,6671
train6673,0,6672
train6674,1,6673
train6675,1,6674
train6676,0,6675
train6677,0,6676
train6678,0,6677
train6679,0,6678
train6680,0,6679
train6681,0,6680
train6682,0,6681
train6683,1,6682
train6684,1,6683
train6685,1,6684
train6686,1,6685
train6687,1,6686
train6688,1,6687
train6689,1,6688
train6690,1,6689
train6691,0,6690
train6692,1,6691
train6693,1,6692
train6694,1,6693
train6695,1,6694
train6696,1,6695
train6697,1,6696
train6698,1,6697
train6699,0,6698
train6700,0,6699
train6701,1,6700
train6702,0,6701
train6703,0,6702
train6704,0,6703
train6705,0,6704
train6706,1,6705
train6707,0,6706
train6708,1,6707
train6709,1,6708
train6710,0,6709
train6711,0,6710
train6712,1,6711
train6713,0,6712
train6714,0,6713
train6715,0,6714
train6716,1,6715
train6717,1,6716
train6718,0,6717
train6719,1,6718
train6720,1,6719
train6721,0,6720
train6722,1,6721
train6723,0,6722
train6724,0,6723
train6725,0,6724
train6726,1,6725
train6727,0,6726
train6728,0,6727
train6729,0,6728
train6730,0,6729
train6731,1,6730
train6732,1,6731
train6733,1,6732
train6734,1,6733
train6735,0,6734
train6736,0,6735
train6737,1,6736
train6738,0,6737
train6739,0,6738
train6740,0,6739
train6741,1,6740
train6742,1,6741
train6743,0,6742
train6744,0,6743
train6745,1,6744
train6746,0,6745
train6747,1,6746
train6748,1,6747
train6749,1,6748
train6750,1,6749
train6751,1,6750
train6752,1,6751
train6753,1,6752
train6754,0,6753
train6755,1,6754
train6756,0,6755
train6757,0,6756
train6758,0,6757
train6759,0,6758
train6760,0,6759
train6761,0,6760
train6762,1,6761
train6763,0,6762
train6764,1,6763
train6765,0,6764
train6766,0,6765
train6767,0,6766
train6768,0,6767
train6769,0,6768
train6770,0,6769
train6771,0,6770
train6772,0,6771
train6773,0,6772
train6774,1,6773
train6775,1,6774
train6776,0,6775
train6777,0,6776
train6778,1,6777
train6779,1,6778
train6780,0,6779
train6781,1,6780
train6782,1,6781
train6783,1,6782
train6784,1,6783
train6785,1,6784
train6786,1,6785
train6787,1,6786
train6788,1,6787
train6789,1,6788
train6790,1,6789
train6791,0,6790
train6792,0,6791
train6793,1,6792
train6794,1,6793
train6795,1,6794
train6796,1,6795
train6797,0,6796
train6798,0,6797
train6799,1,6798
train6800,1,6799
train6801,0,6800
train6802,0,6801
train6803,1,6802
train6804,0,6803
train6805,0,6804
train6806,1,6805
train6807,0,6806
train6808,0,6807
train6809,0,6808
train6810,1,6809
train6811,0,6810
train6812,0,6811
train6813,0,6812
train6814,0,6813
train6815,0,6814
train6816,0,6815
train6817,0,6816
train6818,0,6817
train6819,0,6818
train6820,0,6819
train6821,0,6820
train6822,0,6821
train6823,0,6822
train6824,1,6823
train6825,0,6824
train6826,0,6825
train6827,0,6826
train6828,0,6827
train6829,0,6828
train6830,0,6829
train6831,0,6830
train6832,0,6831
train6833,0,6832
train6834,0,6833
train6835,1,6834
train6836,0,6835
train6837,0,6836
train6838,0,6837
train6839,0,6838
train6840,0,6839
train6841,1,6840
train6842,1,6841
train6843,0,6842
train6844,0,6843
train6845,0,6844
train6846,0,6845
train6847,0,6846
train6848,0,6847
train6849,0,6848
train6850,0,6849
train6851,0,6850
train6852,0,6851
train6853,0,6852
train6854,1,6853
train6855,0,6854
train6856,0,6855
train6857,1,6856
train6858,0,6857
train6859,0,6858
train6860,1,6859
train6861,0,6860
train6862,0,6861
train6863,0,6862
train6864,0,6863
train6865,0,6864
train6866,0,6865
train6867,0,6866
train6868,0,6867
train6869,0,6868
train6870,0,6869
train6871,0,6870
train6872,1,6871
train6873,0,6872
train6874,0,6873
train6875,0,6874
train6876,0,6875
train6877,1,6876
train6878,0,6877
train6879,0,6878
train6880,0,6879
train6881,0,6880
train6882,0,6881
train6883,0,6882
train6884,0,6883
train6885,0,6884
train6886,0,6885
train6887,0,6886
train6888,0,6887
train6889,0,6888
train6890,0,6889
train6891,0,6890
train6892,0,6891
train6893,0,6892
train6894,0,6893
train6895,0,6894
train6896,0,6895
train6897,0,6896
train6898,0,6897
train6899,0,6898
train6900,0,6899
train6901,0,6900
train6902,0,6901
train6903,0,6902
train6904,0,6903
train6905,0,6904
train6906,0,6905
train6907,0,6906
train6908,0,6907
train6909,1,6908
train6910,0,6909
train6911,0,6910
train6912,0,6911
train6913,0,6912
train6914,0,6913
train6915,0,6914
train6916,0,6915
train6917,0,6916
train6918,0,6917
train6919,0,6918
train6920,0,6919
train6921,0,6920
train6922,0,6921
train6923,0,6922
train6924,0,6923
train6925,0,6924
train6926,0,6925
train6927,0,6926
train6928,1,6927
train6929,1,6928
train6930,1,6929
train6931,0,6930
train6932,0,6931
train6933,0,6932
train6934,0,6933
train6935,0,6934
train6936,0,6935
train6937,0,6936
train6938,0,6937
train6939,0,6938
train6940,0,6939
train6941,0,6940
train6942,0,6941
train6943,0,6942
train6944,1,6943
train6945,1,6944
train6946,0,6945
train6947,0,6946
train6948,0,6947
train6949,0,6948
train6950,0,6949
train6951,0,6950
train6952,0,6951
train6953,0,6952
train6954,0,6953
train6955,0,6954
train6956,0,6955
train6957,0,6956
train6958,0,6957
train6959,0,6958
train6960,0,6959
train6961,0,6960
train6962,0,6961
train6963,0,6962
train6964,0,6963
train6965,0,6964
train6966,0,6965
train6967,0,6966
train6968,0,6967
train6969,0,6968
train6970,0,6969
train6971,0,6970
train6972,0,6971
train6973,0,6972
train6974,0,6973
train6975,0,6974
train6976,1,6975
train6977,1,6976
train6978,0,6977
train6979,0,6978
train6980,0,6979
train6981,0,6980
train6982,0,6981
train6983,0,6982
train6984,0,6983
train6985,0,6984
train6986,0,6985
train6987,0,6986
train6988,0,6987
train6989,0,6988
train6990,0,6989
train6991,0,6990
train6992,0,6991
train6993,0,6992
train6994,0,6993
train6995,0,6994
train6996,0,6995
train6997,0,6996
train6998,0,6997
train6999,0,6998
train7000,0,6999
train7001,0,7000
train7002,0,7001
train7003,0,7002
train7004,0,7003
train7005,1,7004
train7006,0,7005
train7007,0,7006
train7008,0,7007
train7009,0,7008
train7010,1,7009
train7011,0,7010
train7012,0,7011
train7013,0,7012
train7014,0,7013
train7015,0,7014
train7016,0,7015
train7017,0,7016
train7018,0,7017
train7019,0,7018
train7020,0,7019
train7021,0,7020
train7022,0,7021
train7023,0,7022
train7024,1,7023
train7025,0,7024
train7026,0,7025
train7027,0,7026
train7028,0,7027
train7029,0,7028
train7030,0,7029
train7031,0,7030
train7032,0,7031
train7033,0,7032
train7034,1,7033
train7035,0,7034
train7036,0,7035
train7037,1,7036
train7038,0,7037
train7039,0,7038
train7040,0,7039
train7041,0,7040
train7042,0,7041
train7043,0,7042
train7044,0,7043
train7045,0,7044
train7046,0,7045
train7047,0,7046
train7048,0,7047
train7049,0,7048
train7050,0,7049
train7051,0,7050
train7052,0,7051
train7053,0,7052
train7054,0,7053
train7055,1,7054
train7056,0,7055
train7057,0,7056
train7058,0,7057
train7059,0,7058
train7060,0,7059
train7061,0,7060
train7062,0,7061
train7063,0,7062
train7064,0,7063
train7065,0,7064
train7066,0,7065
train7067,0,7066
train7068,0,7067
train7069,0,7068
train7070,0,7069
train7071,0,7070
train7072,0,7071
train7073,0,7072
train7074,0,7073
train7075,0,7074
train7076,0,7075
train7077,0,7076
train7078,0,7077
train7079,0,7078
train7080,0,7079
train7081,0,7080
train7082,0,7081
train7083,1,7082
train7084,0,7083
train7085,0,7084
train7086,1,7085
train7087,0,7086
train7088,1,7087
train7089,0,7088
train7090,0,7089
train7091,0,7090
train7092,1,7091
train7093,1,7092
train7094,0,7093
train7095,0,7094
train7096,0,7095
train7097,1,7096
train7098,1,7097
train7099,1,7098
train7100,0,7099
train7101,0,7100
train7102,0,7101
train7103,0,7102
train7104,0,7103
train7105,0,7104
train7106,1,7105
train7107,0,7106
train7108,0,7107
train7109,1,7108
train7110,0,7109
train7111,1,7110
train7112,1,7111
train7113,0,7112
train7114,0,7113
train7115,1,7114
train7116,1,7115
train7117,1,7116
train7118,1,7117
train7119,0,7118
train7120,0,7119
train7121,0,7120
train7122,0,7121
train7123,0,7122
train7124,0,7123
train7125,0,7124
train7126,1,7125
train7127,1,7126
train7128,1,7127
train7129,0,7128
train7130,1,7129
train7131,0,7130
train7132,1,7131
train7133,0,7132
train7134,0,7133
train7135,1,7134
train7136,0,7135
train7137,0,7136
train7138,1,7137
train7139,1,7138
train7140,1,7139
train7141,1,7140
train7142,0,7141
train7143,0,7142
train7144,0,7143
train7145,0,7144
train7146,1,7145
train7147,1,7146
train7148,0,7147
train7149,0,7148
train7150,0,7149
train7151,0,7150
train7152,0,7151
train7153,0,7152
train7154,0,7153
train7155,0,7154
train7156,0,7155
train7157,0,7156
train7158,0,7157
train7159,0,7158
train7160,1,7159
train7161,1,7160
train7162,1,7161
train7163,1,7162
train7164,0,7163
train7165,0,7164
train7166,0,7165
train7167,1,7166
train7168,0,7167
train7169,0,7168
train7170,0,7169
train7171,0,7170
train7172,0,7171
train7173,0,7172
train7174,0,7173
train7175,0,7174
train7176,0,7175
train7177,0,7176
train7178,0,7177
train7179,0,7178
train7180,0,7179
train7181,0,7180
train7182,0,7181
train7183,0,7182
train7184,0,7183
train7185,0,7184
train7186,0,7185
train7187,0,7186
train7188,0,7187
train7189,0,7188
train7190,0,7189
train7191,0,7190
train7192,0,7191
train7193,1,7192
train7194,0,7193
train7195,1,7194
train7196,0,7195
train7197,0,7196
train7198,1,7197
train7199,0,7198
train7200,0,7199
train7201,0,7200
train7202,0,7201
train7203,0,7202
train7204,0,7203
train7205,0,7204
train7206,0,7205
train7207,1,7206
train7208,1,7207
train7209,0,7208
train7210,0,7209
train7211,0,7210
train7212,0,7211
train7213,0,7212
train7214,0,7213
train7215,0,7214
train7216,0,7215
train7217,0,7216
train7218,0,7217
train7219,0,7218
train7220,0,7219
train7221,0,7220
train7222,1,7221
train7223,0,7222
train7224,0,7223
train7225,0,7224
train7226,0,7225
train7227,0,7226
train7228,1,7227
train7229,0,7228
train7230,0,7229
train7231,0,7230
train7232,1,7231
train7233,0,7232
train7234,0,7233
train7235,0,7234
train7236,0,7235
train7237,1,7236
train7238,0,7237
train7239,1,7238
train7240,1,7239
train7241,0,7240
train7242,1,7241
train7243,0,7242
train7244,0,7243
train7245,0,7244
train7246,1,7245
train7247,1,7246
train7248,0,7247
train7249,0,7248
train7250,1,7249
train7251,1,7250
train7252,0,7251
train7253,0,7252
train7254,0,7253
train7255,0,7254
train7256,0,7255
train7257,0,7256
train7258,0,7257
train7259,0,7258
train7260,1,7259
train7261,0,7260
train7262,0,7261
train7263,0,7262
train7264,0,7263
train7265,0,7264
train7266,1,7265
train7267,0,7266
train7268,0,7267
train7269,0,7268
train7270,0,7269
train7271,0,7270
train7272,0,7271
train7273,0,7272
train7274,0,7273
train7275,0,7274
train7276,0,7275
train7277,0,7276
train7278,0,7277
train7279,1,7278
train7280,1,7279
train7281,0,7280
train7282,0,7281
train7283,0,7282
train7284,0,7283
train7285,0,7284
train7286,0,7285
train7287,0,7286
train7288,1,7287
train7289,1,7288
train7290,1,7289
train7291,1,7290
train7292,1,7291
train7293,1,7292
train7294,0,7293
train7295,1,7294
train7296,0,7295
train7297,0,7296
train7298,1,7297
train7299,1,7298
train7300,0,7299
train7301,0,7300
train7302,1,7301
train7303,1,7302
train7304,0,7303
train7305,0,7304
train7306,0,7305
train7307,0,7306
train7308,1,7307
train7309,0,7308
train7310,0,7309
train7311,0,7310
train7312,0,7311
train7313,0,7312
train7314,0,7313
train7315,0,7314
train7316,0,7315
train7317,0,7316
train7318,0,7317
train7319,0,7318
train7320,0,7319
train7321,0,7320
train7322,0,7321
train7323,0,7322
train7324,0,7323
train7325,0,7324
train7326,0,7325
train7327,0,7326
train7328,0,7327
train7329,0,7328
train7330,0,7329
train7331,0,7330
train7332,0,7331
train7333,0,7332
train7334,1,7333
train7335,0,7334
train7336,0,7335
train7337,0,7336
train7338,1,7337
train7339,0,7338
train7340,0,7339
train7341,0,7340
train7342,0,7341
train7343,0,7342
train7344,0,7343
train7345,0,7344
train7346,0,7345
train7347,0,7346
train7348,0,7347
train7349,0,7348
train7350,0,7349
train7351,0,7350
train7352,0,7351
train7353,0,7352
train7354,0,7353
train7355,0,7354
train7356,0,7355
train7357,0,7356
train7358,0,7357
train7359,0,7358
train7360,0,7359
train7361,0,7360
train7362,0,7361
train7363,0,7362
train7364,0,7363
train7365,0,7364
train7366,0,7365
train7367,0,7366
train7368,0,7367
train7369,0,7368
train7370,0,7369
train7371,0,7370
train7372,0,7371
train7373,0,7372
train7374,0,7373
train7375,0,7374
train7376,0,7375
train7377,0,7376
train7378,0,7377
train7379,0,7378
train7380,0,7379
train7381,0,7380
train7382,0,7381
train7383,0,7382
train7384,0,7383
train7385,0,7384
train7386,0,7385
train7387,1,7386
train7388,0,7387
train7389,0,7388
train7390,0,7389
train7391,1,7390
train7392,1,7391
train7393,1,7392
train7394,0,7393
train7395,0,7394
train7396,0,7395
train7397,0,7396
train7398,0,7397
train7399,0,7398
train7400,0,7399
train7401,0,7400
train7402,1,7401
train7403,1,7402
train7404,0,7403
train7405,0,7404
train7406,0,7405
train7407,0,7406
train7408,1,7407
train7409,0,7408
train7410,1,7409
train7411,0,7410
train7412,0,7411
train7413,0,7412
train7414,0,7413
train7415,1,7414
train7416,0,7415
train7417,0,7416
train7418,0,7417
train7419,0,7418
train7420,0,7419
train7421,0,7420
train7422,0,7421
train7423,0,7422
train7424,0,7423
train7425,0,7424
train7426,0,7425
train7427,0,7426
train7428,0,7427
train7429,0,7428
train7430,0,7429
train7431,0,7430
train7432,0,7431
train7433,0,7432
train7434,0,7433
train7435,0,7434
train7436,0,7435
train7437,0,7436
train7438,0,7437
train7439,1,7438
train7440,0,7439
train7441,0,7440
train7442,0,7441
train7443,0,7442
train7444,1,7443
train7445,1,7444
train7446,0,7445
train7447,0,7446
train7448,0,7447
train7449,1,7448
train7450,1,7449
train7451,1,7450
train7452,0,7451
train7453,0,7452
train7454,1,7453
train7455,1,7454
train7456,0,7455
train7457,0,7456
train7458,0,7457
train7459,0,7458
train7460,0,7459
train7461,0,7460
train7462,0,7461
train7463,0,7462
train7464,1,7463
train7465,0,7464
train7466,0,7465
train7467,0,7466
train7468,1,7467
train7469,0,7468
train7470,1,7469
train7471,1,7470
train7472,1,7471
train7473,0,7472
train7474,0,7473
train7475,0,7474
train7476,0,7475
train7477,0,7476
train7478,1,7477
train7479,0,7478
train7480,0,7479
train7481,0,7480
train7482,0,7481
train7483,0,7482
train7484,0,7483
train7485,0,7484
train7486,0,7485
train7487,0,7486
train7488,0,7487
train7489,0,7488
train7490,0,7489
train7491,0,7490
train7492,0,7491
train7493,0,7492
train7494,0,7493
train7495,0,7494
train7496,0,7495
train7497,0,7496
train7498,0,7497
train7499,0,7498
train7500,0,7499
train7501,0,7500
train7502,1,7501
train7503,0,7502
train7504,1,7503
train7505,0,7504
train7506,1,7505
train7507,0,7506
train7508,0,7507
train7509,0,7508
train7510,0,7509
train7511,0,7510
train7512,0,7511
train7513,0,7512
train7514,0,7513
train7515,0,7514
train7516,0,7515
train7517,0,7516
train7518,0,7517
train7519,0,7518
train7520,0,7519
train7521,0,7520
train7522,0,7521
train7523,0,7522
train7524,0,7523
train7525,0,7524
train7526,0,7525
train7527,0,7526
train7528,0,7527
train7529,0,7528
train7530,0,7529
train7531,0,7530
train7532,0,7531
train7533,1,7532
train7534,0,7533
train7535,0,7534
train7536,0,7535
train7537,0,7536
train7538,1,7537
train7539,1,7538
train7540,1,7539
train7541,0,7540
train7542,0,7541
train7543,1,7542
train7544,1,7543
train7545,1,7544
train7546,1,7545
train7547,1,7546
train7548,0,7547
train7549,0,7548
train7550,0,7549
train7551,0,7550
train7552,0,7551
train7553,0,7552
train7554,0,7553
train7555,0,7554
train7556,0,7555
train7557,0,7556
train7558,0,7557
train7559,0,7558
train7560,0,7559
train7561,1,7560
train7562,0,7561
train7563,1,7562
train7564,0,7563
train7565,0,7564
train7566,0,7565
train7567,0,7566
train7568,0,7567
train7569,0,7568
train7570,0,7569
train7571,0,7570
train7572,0,7571
train7573,1,7572
train7574,1,7573
train7575,0,7574
train7576,0,7575
train7577,0,7576
train7578,0,7577
train7579,0,7578
train7580,0,7579
train7581,0,7580
train7582,0,7581
train7583,1,7582
train7584,1,7583
train7585,1,7584
train7586,0,7585
train7587,0,7586
train7588,0,7587
train7589,1,7588
train7590,1,7589
train7591,1,7590
train7592,0,7591
train7593,0,7592
train7594,1,7593
train7595,1,7594
train7596,1,7595
train7597,0,7596
train7598,0,7597
train7599,1,7598
train7600,1,7599
train7601,0,7600
train7602,0,7601
train7603,0,7602
train7604,1,7603
train7605,0,7604
train7606,1,7605
train7607,1,7606
train7608,0,7607
train7609,0,7608
train7610,0,7609
train7611,1,7610
train7612,0,7611
train7613,1,7612
train7614,0,7613
train7615,1,7614
train7616,0,7615
train7617,0,7616
train7618,0,7617
train7619,0,7618
train7620,1,7619
train7621,1,7620
train7622,1,7621
train7623,1,7622
train7624,1,7623
train7625,0,7624
train7626,0,7625
train7627,1,7626
train7628,1,7627
train7629,1,7628
train7630,1,7629
train7631,1,7630
train7632,1,7631
train7633,1,7632
train7634,0,7633
train7635,1,7634
train7636,1,7635
train7637,0,7636
train7638,1,7637
train7639,1,7638
train7640,1,7639
train7641,0,7640
train7642,1,7641
train7643,0,7642
train7644,1,7643
train7645,1,7644
train7646,0,7645
train7647,0,7646
train7648,0,7647
train7649,0,7648
train7650,0,7649
train7651,0,7650
train7652,0,7651
train7653,0,7652
train7654,0,7653
train7655,0,7654
train7656,0,7655
train7657,0,7656
train7658,0,7657
train7659,0,7658
train7660,0,7659
train7661,0,7660
train7662,0,7661
train7663,0,7662
train7664,0,7663
train7665,0,7664
train7666,0,7665
train7667,0,7666
train7668,0,7667
train7669,0,7668
train7670,0,7669
train7671,0,7670
train7672,1,7671
train7673,1,7672
train7674,0,7673
train7675,0,7674
train7676,0,7675
train7677,0,7676
train7678,0,7677
train7679,0,7678
train7680,0,7679
train7681,1,7680
train7682,0,7681
train7683,1,7682
train7684,0,7683
train7685,0,7684
train7686,0,7685
train7687,0,7686
train7688,0,7687
train7689,0,7688
train7690,0,7689
train7691,0,7690
train7692,0,7691
train7693,0,7692
train7694,0,7693
train7695,0,7694
train7696,0,7695
train7697,0,7696
train7698,1,7697
train7699,1,7698
train7700,0,7699
train7701,1,7700
train7702,0,7701
train7703,1,7702
train7704,1,7703
train7705,1,7704
train7706,0,7705
train7707,0,7706
train7708,0,7707
train7709,0,7708
train7710,0,7709
train7711,0,7710
train7712,1,7711
train7713,0,7712
train7714,0,7713
train7715,1,7714
train7716,0,7715
train7717,0,7716
train7718,0,7717
train7719,0,7718
train7720,0,7719
train7721,0,7720
train7722,0,7721
train7723,0,7722
train7724,1,7723
train7725,1,7724
train7726,0,7725
train7727,1,7726
train7728,0,7727
train7729,0,7728
train7730,0,7729
train7731,0,7730
train7732,0,7731
train7733,1,7732
train7734,1,7733
train7735,0,7734
train7736,0,7735
train7737,0,7736
train7738,1,7737
train7739,0,7738
train7740,1,7739
train7741,0,7740
train7742,0,7741
train7743,0,7742
train7744,0,7743
train7745,0,7744
train7746,0,7745
train7747,1,7746
train7748,1,7747
train7749,0,7748
train7750,0,7749
train7751,0,7750
train7752,0,7751
train7753,1,7752
train7754,0,7753
train7755,1,7754
train7756,0,7755
train7757,0,7756
train7758,0,7757
train7759,1,7758
train7760,0,7759
train7761,0,7760
train7762,1,7761
train7763,1,7762
train7764,0,7763
train7765,0,7764
train7766,0,7765
train7767,0,7766
train7768,0,7767
train7769,1,7768
train7770,0,7769
train7771,1,7770
train7772,1,7771
train7773,0,7772
train7774,0,7773
train7775,0,7774
train7776,0,7775
train7777,0,7776
train7778,1,7777
train7779,1,7778
train7780,0,7779
train7781,1,7780
train7782,0,7781
train7783,0,7782
train7784,0,7783
train7785,1,7784
train7786,0,7785
train7787,0,7786
train7788,0,7787
train7789,0,7788
train7790,0,7789
train7791,0,7790
train7792,0,7791
train7793,0,7792
train7794,1,7793
train7795,1,7794
train7796,0,7795
train7797,1,7796
train7798,0,7797
train7799,0,7798
train7800,0,7799
train7801,0,7800
train7802,0,7801
train7803,0,7802
train7804,0,7803
train7805,0,7804
train7806,0,7805
train7807,0,7806
train7808,0,7807
train7809,0,7808
train7810,1,7809
train7811,0,7810
train7812,0,7811
train7813,0,7812
train7814,0,7813
train7815,1,7814
train7816,0,7815
train7817,0,7816
train7818,0,7817
train7819,0,7818
train7820,0,7819
train7821,0,7820
train7822,0,7821
train7823,0,7822
train7824,0,7823
train7825,0,7824
train7826,1,7825
train7827,0,7826
train7828,0,7827
train7829,1,7828
train7830,0,7829
train7831,0,7830
train7832,0,7831
train7833,0,7832
train7834,0,7833
train7835,0,7834
train7836,1,7835
train7837,0,7836
train7838,0,7837
train7839,1,7838
train7840,0,7839
train7841,0,7840
train7842,0,7841
train7843,0,7842
train7844,0,7843
train7845,0,7844
train7846,0,7845
train7847,0,7846
train7848,0,7847
train7849,0,7848
train7850,0,7849
train7851,0,7850
train7852,0,7851
train7853,0,7852
train7854,1,7853
train7855,1,7854
train7856,0,7855
train7857,0,7856
train7858,0,7857
train7859,0,7858
train7860,0,7859
train7861,0,7860
train7862,1,7861
train7863,0,7862
train7864,0,7863
train7865,0,7864
train7866,0,7865
train7867,1,7866
train7868,0,7867
train7869,0,7868
train7870,0,7869
train7871,0,7870
train7872,0,7871
train7873,0,7872
train7874,0,7873
train7875,1,7874
train7876,0,7875
train7877,0,7876
train7878,0,7877
train7879,0,7878
train7880,0,7879
train7881,0,7880
train7882,0,7881
train7883,0,7882
train7884,0,7883
train7885,0,7884
train7886,0,7885
train7887,0,7886
train7888,0,7887
train7889,1,7888
train7890,0,7889
train7891,0,7890
train7892,0,7891
train7893,1,7892
train7894,0,7893
train7895,0,7894
train7896,0,7895
train7897,0,7896
train7898,0,7897
train7899,0,7898
train7900,0,7899
train7901,0,7900
train7902,0,7901
train7903,0,7902
train7904,0,7903
train7905,1,7904
train7906,0,7905
train7907,0,7906
train7908,0,7907
train7909,0,7908
train7910,0,7909
train7911,0,7910
train7912,0,7911
train7913,0,7912
train7914,0,7913
train7915,0,7914
train7916,0,7915
train7917,0,7916
train7918,0,7917
train7919,0,7918
train7920,0,7919
train7921,0,7920
train7922,0,7921
train7923,1,7922
train7924,1,7923
train7925,0,7924
train7926,0,7925
train7927,0,7926
train7928,0,7927
train7929,0,7928
train7930,0,7929
train7931,0,7930
train7932,0,7931
train7933,0,7932
train7934,1,7933
train7935,1,7934
train7936,0,7935
train7937,0,7936
train7938,0,7937
train7939,1,7938
train7940,0,7939
train7941,0,7940
train7942,0,7941
train7943,0,7942
train7944,0,7943
train7945,0,7944
train7946,0,7945
train7947,0,7946
train7948,0,7947
train7949,0,7948
train7950,0,7949
train7951,0,7950
train7952,0,7951
train7953,1,7952
train7954,1,7953
train7955,0,7954
train7956,1,7955
train7957,0,7956
train7958,0,7957
train7959,0,7958
train7960,0,7959
train7961,0,7960
train7962,0,7961
train7963,0,7962
train7964,0,7963
train7965,0,7964
train7966,0,7965
train7967,0,7966
train7968,0,7967
train7969,0,7968
train7970,0,7969
train7971,0,7970
train7972,0,7971
train7973,0,7972
train7974,0,7973
train7975,0,7974
train7976,0,7975
train7977,0,7976
train7978,0,7977
train7979,0,7978
train7980,0,7979
train7981,0,7980
train7982,0,7981
train7983,0,7982
train7984,0,7983
train7985,0,7984
train7986,0,7985
train7987,0,7986
train7988,0,7987
train7989,0,7988
train7990,0,7989
train7991,0,7990
train7992,0,7991
train7993,1,7992
train7994,1,7993
train7995,1,7994
train7996,0,7995
train7997,1,7996
train7998,0,7997
train7999,1,7998
train8000,1,7999
train8001,1,8000
train8002,1,8001
train8003,1,8002
train8004,1,8003
train8005,1,8004
train8006,0,8005
train8007,1,8006
train8008,0,8007
train8009,1,8008
train8010,0,8009
train8011,0,8010
train8012,0,8011
train8013,0,8012
train8014,0,8013
train8015,1,8014
train8016,0,8015
train8017,0,8016
train8018,0,8017
train8019,0,8018
train8020,0,8019
train8021,1,8020
train8022,0,8021
train8023,0,8022
train8024,1,8023
train8025,1,8024
train8026,0,8025
train8027,1,8026
train8028,0,8027
train8029,0,8028
train8030,0,8029
train8031,0,8030
train8032,0,8031
train8033,0,8032
train8034,1,8033
train8035,1,8034
train8036,1,8035
train8037,1,8036
train8038,0,8037
train8039,0,8038
train8040,0,8039
train8041,1,8040
train8042,0,8041
train8043,1,8042
train8044,0,8043
train8045,0,8044
train8046,0,8045
train8047,0,8046
train8048,1,8047
train8049,1,8048
train8050,0,8049
train8051,1,8050
train8052,1,8051
train8053,0,8052
train8054,0,8053
train8055,0,8054
train8056,0,8055
train8057,0,8056
train8058,0,8057
train8059,0,8058
train8060,1,8059
train8061,0,8060
train8062,1,8061
train8063,0,8062
train8064,0,8063
train8065,0,8064
train8066,0,8065
train8067,0,8066
train8068,0,8067
train8069,1,8068
train8070,1,8069
train8071,0,8070
train8072,1,8071
train8073,0,8072
train8074,1,8073
train8075,0,8074
train8076,1,8075
train8077,0,8076
train8078,0,8077
train8079,0,8078
train8080,0,8079
train8081,1,8080
train8082,0,8081
train8083,0,8082
train8084,1,8083
train8085,1,8084
train8086,1,8085
train8087,0,8086
train8088,0,8087
train8089,0,8088
train8090,0,8089
train8091,0,8090
train8092,0,8091
train8093,0,8092
train8094,0,8093
train8095,1,8094
train8096,1,8095
train8097,0,8096
train8098,0,8097
train8099,0,8098
train8100,0,8099
train8101,0,8100
train8102,1,8101
train8103,1,8102
train8104,1,8103
train8105,0,8104
train8106,0,8105
train8107,0,8106
train8108,0,8107
train8109,0,8108
train8110,0,8109
train8111,0,8110
train8112,0,8111
train8113,0,8112
train8114,0,8113
train8115,0,8114
train8116,0,8115
train8117,0,8116
train8118,0,8117
train8119,1,8118
train8120,0,8119
train8121,0,8120
train8122,1,8121
train8123,1,8122
train8124,1,8123
train8125,0,8124
train8126,1,8125
train8127,0,8126
train8128,0,8127
train8129,0,8128
train8130,0,8129
train8131,1,8130
train8132,1,8131
train8133,0,8132
train8134,1,8133
train8135,0,8134
train8136,0,8135
train8137,1,8136
train8138,1,8137
train8139,0,8138
train8140,0,8139
train8141,0,8140
train8142,0,8141
train8143,0,8142
train8144,1,8143
train8145,0,8144
train8146,0,8145
train8147,0,8146
train8148,0,8147
train8149,0,8148
train8150,1,8149
train8151,0,8150
train8152,0,8151
train8153,0,8152
train8154,0,8153
train8155,0,8154
train8156,0,8155
train8157,0,8156
train8158,1,8157
train8159,0,8158
train8160,0,8159
train8161,0,8160
train8162,1,8161
train8163,0,8162
train8164,0,8163
train8165,1,8164
train8166,0,8165
train8167,0,8166
train8168,0,8167
train8169,1,8168
train8170,0,8169
train8171,0,8170
train8172,0,8171
train8173,0,8172
train8174,0,8173
train8175,0,8174
train8176,0,8175
train8177,0,8176
train8178,0,8177
train8179,0,8178
train8180,0,8179
train8181,1,8180
train8182,0,8181
train8183,0,8182
train8184,0,8183
train8185,0,8184
train8186,1,8185
train8187,0,8186
train8188,1,8187
train8189,0,8188
train8190,0,8189
train8191,0,8190
train8192,0,8191
train8193,0,8192
train8194,0,8193
train8195,1,8194
train8196,0,8195
train8197,0,8196
train8198,0,8197
train8199,1,8198
train8200,0,8199
train8201,0,8200
train8202,1,8201
train8203,0,8202
train8204,0,8203
train8205,1,8204
train8206,1,8205
train8207,0,8206
train8208,1,8207
train8209,0,8208
train8210,0,8209
train8211,0,8210
train8212,0,8211
train8213,0,8212
train8214,1,8213
train8215,1,8214
train8216,0,8215
train8217,0,8216
train8218,1,8217
train8219,1,8218
train8220,0,8219
train8221,0,8220
train8222,0,8221
train8223,1,8222
train8224,1,8223
train8225,1,8224
train8226,0,8225
train8227,0,8226
train8228,0,8227
train8229,0,8228
train8230,0,8229
train8231,1,8230
train8232,0,8231
train8233,0,8232
train8234,1,8233
train8235,0,8234
train8236,1,8235
train8237,1,8236
train8238,1,8237
train8239,1,8238
train8240,1,8239
train8241,0,8240
train8242,0,8241
train8243,0,8242
train8244,0,8243
train8245,0,8244
train8246,1,8245
train8247,1,8246
train8248,1,8247
train8249,0,8248
train8250,1,8249
train8251,0,8250
train8252,0,8251
train8253,0,8252
train8254,0,8253
train8255,0,8254
train8256,0,8255
train8257,0,8256
train8258,0,8257
train8259,0,8258
train8260,1,8259
train8261,0,8260
train8262,0,8261
train8263,1,8262
train8264,0,8263
train8265,0,8264
train8266,0,8265
train8267,0,8266
train8268,0,8267
train8269,0,8268
train8270,0,8269
train8271,0,8270
train8272,0,8271
train8273,0,8272
train8274,0,8273
train8275,0,8274
train8276,0,8275
train8277,0,8276
train8278,0,8277
train8279,0,8278
train8280,0,8279
train8281,1,8280
train8282,0,8281
train8283,0,8282
train8284,0,8283
train8285,0,8284
train8286,0,8285
train8287,0,8286
train8288,0,8287
train8289,0,8288
train8290,0,8289
train8291,0,8290
train8292,0,8291
train8293,0,8292
train8294,0,8293
train8295,0,8294
train8296,0,8295
train8297,0,8296
train8298,0,8297
train8299,0,8298
train8300,0,8299
train8301,0,8300
train8302,0,8301
train8303,0,8302
train8304,0,8303
train8305,1,8304
train8306,1,8305
train8307,0,8306
train8308,0,8307
train8309,0,8308
train8310,0,8309
train8311,0,8310
train8312,0,8311
train8313,0,8312
train8314,0,8313
train8315,1,8314
train8316,0,8315
train8317,0,8316
train8318,0,8317
train8319,0,8318
train8320,0,8319
train8321,0,8320
train8322,0,8321
train8323,0,8322
train8324,0,8323
train8325,1,8324
train8326,1,8325
train8327,1,8326
train8328,0,8327
train8329,0,8328
train8330,1,8329
train8331,0,8330
train8332,1,8331
train8333,1,8332
train8334,1,8333
train8335,0,8334
train8336,0,8335
train8337,1,8336
train8338,1,8337
train8339,1,8338
train8340,0,8339
train8341,1,8340
train8342,0,8341
train8343,0,8342
train8344,0,8343
train8345,0,8344
train8346,1,8345
train8347,0,8346
train8348,1,8347
train8349,0,8348
train8350,0,8349
train8351,0,8350
train8352,1,8351
train8353,1,8352
train8354,1,8353
train8355,1,8354
train8356,1,8355
train8357,1,8356
train8358,1,8357
train8359,0,8358
train8360,0,8359
train8361,1,8360
train8362,0,8361
train8363,0,8362
train8364,0,8363
train8365,1,8364
train8366,0,8365
train8367,0,8366
train8368,0,8367
train8369,0,8368
train8370,0,8369
train8371,0,8370
train8372,0,8371
train8373,1,8372
train8374,0,8373
train8375,0,8374
train8376,1,8375
train8377,0,8376
train8378,0,8377
train8379,0,8378
train8380,0,8379
train8381,1,8380
train8382,1,8381
train8383,0,8382
train8384,0,8383
train8385,0,8384
train8386,0,8385
train8387,0,8386
train8388,0,8387
train8389,0,8388
train8390,0,8389
train8391,0,8390
train8392,0,8391
train8393,0,8392
train8394,0,8393
train8395,0,8394
train8396,0,8395
train8397,1,8396
train8398,1,8397
train8399,1,8398
train8400,0,8399
train8401,0,8400
train8402,0,8401
train8403,0,8402
train8404,0,8403
train8405,0,8404
train8406,0,8405
train8407,1,8406
train8408,0,8407
train8409,0,8408
train8410,1,8409
train8411,1,8410
train8412,0,8411
train8413,1,8412
train8414,1,8413
train8415,1,8414
train8416,1,8415
train8417,0,8416
train8418,1,8417
train8419,1,8418
train8420,1,8419
train8421,0,8420
train8422,0,8421
train8423,0,8422
train8424,0,8423
train8425,0,8424
train8426,0,8425
train8427,0,8426
train8428,1,8427
train8429,0,8428
train8430,0,8429
train8431,1,8430
train8432,1,8431
train8433,1,8432
train8434,0,8433
train8435,1,8434
train8436,0,8435
train8437,0,8436
train8438,0,8437
train8439,1,8438
train8440,1,8439
train8441,0,8440
train8442,0,8441
train8443,0,8442
train8444,1,8443
train8445,0,8444
train8446,0,8445
train8447,0,8446
train8448,0,8447
train8449,1,8448
train8450,0,8449
train8451,0,8450
train8452,1,8451
train8453,0,8452
train8454,1,8453
train8455,0,8454
train8456,0,8455
train8457,1,8456
train8458,1,8457
train8459,1,8458
train8460,1,8459
train8461,1,8460
train8462,1,8461
train8463,0,8462
train8464,0,8463
train8465,0,8464
train8466,1,8465
train8467,0,8466
train8468,0,8467
train8469,1,8468
train8470,0,8469
train8471,1,8470
train8472,0,8471
train8473,0,8472
train8474,1,8473
train8475,0,8474
train8476,1,8475
train8477,1,8476
train8478,1,8477
train8479,0,8478
train8480,0,8479
train8481,0,8480
train8482,0,8481
train8483,0,8482
train8484,0,8483
train8485,0,8484
train8486,0,8485
train8487,0,8486
train8488,0,8487
train8489,1,8488
train8490,1,8489
train8491,0,8490
train8492,1,8491
train8493,1,8492
train8494,0,8493
train8495,1,8494
train8496,0,8495
train8497,0,8496
train8498,0,8497
train8499,0,8498
train8500,0,8499
train8501,0,8500
train8502,1,8501
train8503,0,8502
train8504,1,8503
train8505,0,8504
train8506,0,8505
train8507,0,8506
train8508,0,8507
train8509,0,8508
train8510,0,8509
train8511,0,8510
train8512,0,8511
train8513,1,8512
train8514,0,8513
train8515,0,8514
train8516,0,8515
train8517,0,8516
train8518,1,8517
train8519,0,8518
train8520,1,8519
train8521,1,8520
train8522,0,8521
train8523,0,8522
train8524,0,8523
train8525,1,8524
train8526,0,8525
train8527,1,8526
train8528,0,8527
train8529,0,8528
train8530,0,8529
train8531,0,8530
train8532,0,8531
train8533,0,8532
train8534,0,8533
train8535,0,8534
train8536,1,8535
train8537,0,8536
train8538,1,8537
train8539,0,8538
train8540,0,8539
train8541,0,8540
train8542,0,8541
train8543,1,8542
train8544,0,8543
train8545,0,8544
train8546,0,8545
train8547,1,8546
train8548,0,8547
train8549,0,8548
train8550,0,8549
train8551,1,8550
train8552,0,8551
train8553,1,8552
train8554,1,8553
train8555,1,8554
train8556,1,8555
train8557,1,8556
train8558,1,8557
train8559,0,8558
train8560,0,8559
train8561,0,8560
train8562,1,8561
train8563,0,8562
train8564,0,8563
train8565,0,8564
train8566,0,8565
train8567,1,8566
train8568,0,8567
train8569,0,8568
train8570,1,8569
train8571,1,8570
train8572,1,8571
train8573,1,8572
train8574,0,8573
train8575,1,8574
train8576,0,8575
train8577,1,8576
train8578,0,8577
train8579,0,8578
train8580,1,8579
train8581,0,8580
train8582,0,8581
train8583,0,8582
train8584,0,8583
train8585,0,8584
train8586,0,8585
train8587,0,8586
train8588,0,8587
train8589,1,8588
train8590,0,8589
train8591,0,8590
train8592,1,8591
train8593,0,8592
train8594,0,8593
train8595,0,8594
train8596,0,8595
train8597,0,8596
train8598,1,8597
train8599,1,8598
train8600,1,8599
train8601,1,8600
train8602,0,8601
train8603,0,8602
train8604,0,8603
train8605,1,8604
train8606,0,8605
train8607,0,8606
train8608,0,8607
train8609,0,8608
train8610,0,8609
train8611,0,8610
train8612,0,8611
train8613,0,8612
train8614,0,8613
train8615,0,8614
train8616,0,8615
train8617,0,8616
train8618,1,8617
train8619,0,8618
train8620,1,8619
train8621,0,8620
train8622,0,8621
train8623,0,8622
train8624,1,8623
train8625,1,8624
train8626,1,8625
train8627,0,8626
train8628,1,8627
train8629,1,8628
train8630,1,8629
train8631,1,8630
train8632,1,8631
train8633,1,8632
train8634,0,8633
train8635,0,8634
train8636,0,8635
train8637,1,8636
train8638,1,8637
train8639,1,8638
train8640,0,8639
train8641,0,8640
train8642,1,8641
train8643,0,8642
train8644,1,8643
train8645,1,8644
train8646,0,8645
train8647,1,8646
train8648,1,8647
train8649,1,8648
train8650,0,8649
train8651,0,8650
train8652,0,8651
train8653,0,8652
train8654,0,8653
train8655,0,8654
train8656,0,8655
train8657,1,8656
train8658,0,8657
train8659,0,8658
train8660,1,8659
train8661,0,8660
train8662,0,8661
train8663,1,8662
train8664,1,8663
train8665,1,8664
train8666,0,8665
train8667,0,8666
train8668,0,8667
train8669,0,8668
train8670,1,8669
train8671,0,8670
train8672,0,8671
train8673,1,8672
train8674,0,8673
train8675,0,8674
train8676,1,8675
train8677,0,8676
train8678,0,8677
train8679,1,8678
train8680,1,8679
train8681,1,8680
train8682,1,8681
train8683,0,8682
train8684,0,8683
train8685,1,8684
train8686,0,8685
train8687,1,8686
train8688,0,8687
train8689,1,8688
train8690,1,8689
train8691,0,8690
train8692,0,8691
train8693,0,8692
train8694,0,8693
train8695,0,8694
train8696,0,8695
train8697,0,8696
train8698,0,8697
train8699,0,8698
train8700,0,8699
train8701,0,8700
train8702,0,8701
train8703,1,8702
train8704,0,8703
train8705,0,8704
train8706,1,8705
train8707,0,8706
train8708,0,8707
train8709,0,8708
train8710,1,8709
train8711,0,8710
train8712,0,8711
train8713,0,8712
train8714,0,8713
train8715,0,8714
train8716,0,8715
train8717,1,8716
train8718,0,8717
train8719,0,8718
train8720,0,8719
train8721,1,8720
train8722,1,8721
train8723,0,8722
train8724,1,8723
train8725,0,8724
train8726,0,8725
train8727,1,8726
train8728,1,8727
train8729,1,8728
train8730,0,8729
train8731,0,8730
train8732,1,8731
train8733,1,8732
train8734,0,8733
train8735,0,8734
train8736,0,8735
train8737,0,8736
train8738,1,8737
train8739,0,8738
train8740,1,8739
train8741,0,8740
train8742,0,8741
train8743,0,8742
train8744,1,8743
train8745,1,8744
train8746,1,8745
train8747,0,8746
train8748,0,8747
train8749,1,8748
train8750,1,8749
train8751,0,8750
train8752,0,8751
train8753,1,8752
train8754,0,8753
train8755,0,8754
train8756,0,8755
train8757,0,8756
train8758,0,8757
train8759,0,8758
train8760,0,8759
train8761,0,8760
train8762,0,8761
train8763,0,8762
train8764,0,8763
train8765,0,8764
train8766,0,8765
train8767,0,8766
train8768,0,8767
train8769,0,8768
train8770,0,8769
train8771,0,8770
train8772,0,8771
train8773,0,8772
train8774,0,8773
train8775,0,8774
train8776,0,8775
train8777,0,8776
train8778,0,8777
train8779,1,8778
train8780,0,8779
train8781,1,8780
train8782,0,8781
train8783,1,8782
train8784,0,8783
train8785,1,8784
train8786,1,8785
train8787,1,8786
train8788,0,8787
train8789,0,8788
train8790,0,8789
train8791,0,8790
train8792,1,8791
train8793,0,8792
train8794,0,8793
train8795,0,8794
train8796,1,8795
train8797,1,8796
train8798,1,8797
train8799,1,8798
train8800,0,8799
train8801,1,8800
train8802,0,8801
train8803,1,8802
train8804,0,8803
train8805,1,8804
train8806,0,8805
train8807,1,8806
train8808,1,8807
train8809,0,8808
train8810,1,8809
train8811,0,8810
train8812,0,8811
train8813,0,8812
train8814,1,8813
train8815,1,8814
train8816,1,8815
train8817,1,8816
train8818,0,8817
train8819,1,8818
train8820,1,8819
train8821,0,8820
train8822,0,8821
train8823,1,8822
train8824,1,8823
train8825,1,8824
train8826,1,8825
train8827,1,8826
train8828,0,8827
train8829,0,8828
train8830,1,8829
train8831,0,8830
train8832,1,8831
train8833,0,8832
train8834,0,8833
train8835,1,8834
train8836,1,8835
train8837,1,8836
train8838,0,8837
train8839,0,8838
train8840,0,8839
train8841,0,8840
train8842,0,8841
train8843,1,8842
train8844,1,8843
train8845,1,8844
train8846,0,8845
train8847,0,8846
train8848,0,8847
train8849,0,8848
train8850,0,8849
train8851,0,8850
train8852,1,8851
train8853,1,8852
train8854,0,8853
train8855,1,8854
train8856,0,8855
train8857,0,8856
train8858,1,8857
train8859,0,8858
train8860,0,8859
train8861,0,8860
train8862,0,8861
train8863,0,8862
train8864,0,8863
train8865,0,8864
train8866,0,8865
train8867,0,8866
train8868,0,8867
train8869,0,8868
train8870,0,8869
train8871,1,8870
train8872,1,8871
train8873,0,8872
train8874,1,8873
train8875,1,8874
train8876,1,8875
train8877,1,8876
train8878,1,8877
train8879,1,8878
train8880,1,8879
train8881,1,8880
train8882,1,8881
train8883,1,8882
train8884,0,8883
train8885,0,8884
train8886,0,8885
train8887,0,8886
train8888,0,8887
train8889,1,8888
train8890,1,8889
train8891,0,8890
train8892,0,8891
train8893,0,8892
train8894,1,8893
train8895,0,8894
train8896,0,8895
train8897,0,8896
train8898,0,8897
train8899,0,8898
train8900,0,8899
train8901,0,8900
train8902,0,8901
train8903,1,8902
train8904,1,8903
train8905,1,8904
train8906,1,8905
train8907,1,8906
train8908,0,8907
train8909,0,8908
train8910,0,8909
train8911,1,8910
train8912,0,8911
train8913,0,8912
train8914,0,8913
train8915,0,8914
train8916,1,8915
train8917,1,8916
train8918,1,8917
train8919,0,8918
train8920,1,8919
train8921,1,8920
train8922,1,8921
train8923,1,8922
train8924,1,8923
train8925,0,8924
train8926,1,8925
train8927,0,8926
train8928,0,8927
train8929,0,8928
train8930,0,8929
train8931,0,8930
train8932,0,8931
train8933,0,8932
train8934,0,8933
train8935,0,8934
train8936,1,8935
train8937,0,8936
train8938,0,8937
train8939,0,8938
train8940,0,8939
train8941,0,8940
train8942,1,8941
train8943,1,8942
train8944,0,8943
train8945,0,8944
train8946,0,8945
train8947,0,8946
train8948,1,8947
train8949,1,8948
train8950,1,8949
train8951,1,8950
train8952,0,8951
train8953,0,8952
train8954,0,8953
train8955,0,8954
train8956,0,8955
train8957,0,8956
train8958,1,8957
train8959,1,8958
train8960,1,8959
train8961,1,8960
train8962,1,8961
train8963,1,8962
train8964,1,8963
train8965,0,8964
train8966,1,8965
train8967,1,8966
train8968,1,8967
train8969,0,8968
train8970,0,8969
train8971,1,8970
train8972,1,8971
train8973,1,8972
train8974,1,8973
train8975,1,8974
train8976,1,8975
train8977,1,8976
train8978,1,8977
train8979,1,8978
train8980,1,8979
train8981,1,8980
train8982,1,8981
train8983,1,8982
train8984,0,8983
train8985,1,8984
train8986,0,8985
train8987,1,8986
train8988,0,8987
train8989,1,8988
train8990,1,8989
train8991,0,8990
train8992,1,8991
train8993,0,8992
train8994,1,8993
train8995,0,8994
train8996,1,8995
train8997,1,8996
train8998,0,8997
train8999,0,8998
train9000,0,8999
train9001,1,9000
train9002,0,9001
train9003,0,9002
train9004,1,9003
train9005,1,9004
train9006,1,9005
train9007,0,9006
train9008,0,9007
train9009,0,9008
train9010,0,9009
train9011,0,9010
train9012,0,9011
train9013,0,9012
train9014,0,9013
train9015,1,9014
train9016,0,9015
train9017,1,9016
train9018,1,9017
train9019,1,9018
train9020,1,9019
train9021,1,9020
train9022,1,9021
train9023,1,9022
train9024,0,9023
train9025,1,9024
train9026,1,9025
train9027,0,9026
train9028,1,9027
train9029,1,9028
train9030,0,9029
train9031,0,9030
train9032,1,9031
train9033,0,9032
train9034,0,9033
train9035,1,9034
train9036,0,9035
train9037,0,9036
train9038,0,9037
train9039,0,9038
train9040,0,9039
train9041,0,9040
train9042,0,9041
train9043,1,9042
train9044,1,9043
train9045,0,9044
train9046,0,9045
train9047,0,9046
train9048,0,9047
train9049,0,9048
train9050,1,9049
train9051,0,9050
train9052,0,9051
train9053,0,9052
train9054,0,9053
train9055,1,9054
train9056,1,9055
train9057,1,9056
train9058,0,9057
train9059,0,9058
train9060,0,9059
train9061,1,9060
train9062,0,9061
train9063,0,9062
train9064,0,9063
train9065,1,9064
train9066,1,9065
train9067,0,9066
train9068,1,9067
train9069,1,9068
train9070,1,9069
train9071,0,9070
train9072,1,9071
train9073,1,9072
train9074,0,9073
train9075,0,9074
train9076,0,9075
train9077,1,9076
train9078,0,9077
train9079,1,9078
train9080,0,9079
train9081,0,9080
train9082,1,9081
train9083,0,9082
train9084,0,9083
train9085,0,9084
train9086,0,9085
train9087,1,9086
train9088,0,9087
train9089,0,9088
train9090,0,9089
train9091,1,9090
train9092,0,9091
train9093,0,9092
train9094,1,9093
train9095,0,9094
train9096,1,9095
train9097,1,9096
train9098,0,9097
train9099,0,9098
train9100,0,9099
train9101,0,9100
train9102,0,9101
train9103,0,9102
train9104,0,9103
train9105,0,9104
train9106,0,9105
train9107,0,9106
train9108,0,9107
train9109,0,9108
train9110,0,9109
train9111,0,9110
train9112,0,9111
train9113,0,9112
train9114,1,9113
train9115,0,9114
train9116,0,9115
train9117,0,9116
train9118,0,9117
train9119,0,9118
train9120,0,9119
train9121,1,9120
train9122,0,9121
train9123,1,9122
train9124,0,9123
train9125,0,9124
train9126,1,9125
train9127,0,9126
train9128,0,9127
train9129,0,9128
train9130,0,9129
train9131,1,9130
train9132,1,9131
train9133,1,9132
train9134,0,9133
train9135,1,9134
train9136,0,9135
train9137,1,9136
train9138,1,9137
train9139,0,9138
train9140,0,9139
train9141,0,9140
train9142,1,9141
train9143,0,9142
train9144,0,9143
train9145,1,9144
train9146,0,9145
train9147,1,9146
train9148,1,9147
train9149,1,9148
train9150,0,9149
train9151,0,9150
train9152,0,9151
train9153,0,9152
train9154,1,9153
train9155,0,9154
train9156,1,9155
train9157,0,9156
train9158,0,9157
train9159,0,9158
train9160,0,9159
train9161,0,9160
train9162,0,9161
train9163,0,9162
train9164,1,9163
train9165,0,9164
train9166,0,9165
train9167,1,9166
train9168,0,9167
train9169,0,9168
train9170,1,9169
train9171,1,9170
train9172,0,9171
train9173,0,9172
train9174,1,9173
train9175,0,9174
train9176,0,9175
train9177,0,9176
train9178,1,9177
train9179,1,9178
train9180,0,9179
train9181,0,9180
train9182,1,9181
train9183,1,9182
train9184,0,9183
train9185,1,9184
train9186,0,9185
train9187,0,9186
train9188,1,9187
train9189,1,9188
train9190,0,9189
train9191,0,9190
train9192,0,9191
train9193,1,9192
train9194,1,9193
train9195,0,9194
train9196,0,9195
train9197,0,9196
train9198,0,9197
train9199,0,9198
train9200,0,9199
train9201,0,9200
train9202,0,9201
train9203,0,9202
train9204,0,9203
train9205,0,9204
train9206,1,9205
train9207,1,9206
train9208,1,9207
train9209,0,9208
train9210,1,9209
train9211,0,9210
train9212,0,9211
train9213,1,9212
train9214,0,9213
train9215,0,9214
train9216,0,9215
train9217,0,9216
train9218,0,9217
train9219,0,9218
train9220,0,9219
train9221,0,9220
train9222,0,9221
train9223,0,9222
train9224,0,9223
train9225,0,9224
train9226,0,9225
train9227,0,9226
train9228,0,9227
train9229,0,9228
train9230,0,9229
train9231,0,9230
train9232,0,9231
train9233,0,9232
train9234,0,9233
train9235,0,9234
train9236,1,9235
train9237,1,9236
train9238,1,9237
train9239,0,9238
train9240,0,9239
train9241,0,9240
train9242,0,9241
train9243,0,9242
train9244,0,9243
train9245,1,9244
train9246,1,9245
train9247,0,9246
train9248,0,9247
train9249,0,9248
train9250,0,9249
train9251,0,9250
train9252,1,9251
train9253,0,9252
train9254,0,9253
train9255,0,9254
train9256,0,9255
train9257,1,9256
train9258,0,9257
train9259,0,9258
train9260,0,9259
train9261,0,9260
train9262,0,9261
train9263,0,9262
train9264,0,9263
train9265,0,9264
train9266,1,9265
train9267,1,9266
train9268,1,9267
train9269,0,9268
train9270,1,9269
train9271,0,9270
train9272,0,9271
train9273,0,9272
train9274,1,9273
train9275,1,9274
train9276,1,9275
train9277,0,9276
train9278,0,9277
train9279,1,9278
train9280,0,9279
train9281,1,9280
train9282,0,9281
train9283,0,9282
train9284,1,9283
train9285,0,9284
train9286,0,9285
train9287,1,9286
train9288,0,9287
train9289,0,9288
train9290,0,9289
train9291,0,9290
train9292,0,9291
train9293,0,9292
train9294,0,9293
train9295,0,9294
train9296,0,9295
train9297,0,9296
train9298,0,9297
train9299,0,9298
train9300,0,9299
train9301,0,9300
train9302,0,9301
train9303,0,9302
train9304,1,9303
train9305,0,9304
train9306,0,9305
train9307,1,9306
train9308,0,9307
train9309,0,9308
train9310,0,9309
train9311,0,9310
train9312,0,9311
train9313,1,9312
train9314,1,9313
train9315,0,9314
train9316,0,9315
train9317,0,9316
train9318,0,9317
train9319,1,9318
train9320,0,9319
train9321,0,9320
train9322,0,9321
train9323,1,9322
train9324,1,9323
train9325,0,9324
train9326,1,9325
train9327,1,9326
train9328,0,9327
train9329,0,9328
train9330,1,9329
train9331,1,9330
train9332,1,9331
train9333,0,9332
train9334,1,9333
train9335,1,9334
train9336,0,9335
train9337,0,9336
train9338,0,9337
train9339,0,9338
train9340,0,9339
train9341,0,9340
train9342,0,9341
train9343,1,9342
train9344,0,9343
train9345,0,9344
train9346,0,9345
train9347,0,9346
train9348,1,9347
train9349,0,9348
train9350,1,9349
train9351,1,9350
train9352,1,9351
train9353,1,9352
train9354,1,9353
train9355,0,9354
train9356,0,9355
train9357,0,9356
train9358,0,9357
train9359,0,9358
train9360,1,9359
train9361,0,9360
train9362,0,9361
train9363,0,9362
train9364,0,9363
train9365,0,9364
train9366,1,9365
train9367,0,9366
train9368,0,9367
train9369,1,9368
train9370,0,9369
train9371,0,9370
train9372,0,9371
train9373,0,9372
train9374,0,9373
train9375,0,9374
train9376,0,9375
train9377,0,9376
train9378,0,9377
train9379,0,9378
train9380,1,9379
train9381,0,9380
train9382,0,9381
train9383,0,9382
train9384,1,9383
train9385,0,9384
train9386,0,9385
train9387,0,9386
train9388,0,9387
train9389,0,9388
train9390,1,9389
train9391,0,9390
train9392,0,9391
train9393,0,9392
train9394,0,9393
train9395,0,9394
train9396,0,9395
train9397,0,9396
train9398,0,9397
train9399,0,9398
train9400,1,9399
train9401,0,9400
train9402,0,9401
train9403,0,9402
train9404,0,9403
train9405,0,9404
train9406,0,9405
train9407,1,9406
train9408,1,9407
train9409,1,9408
train9410,0,9409
train9411,1,9410
train9412,0,9411
train9413,0,9412
train9414,0,9413
train9415,0,9414
train9416,1,9415
train9417,0,9416
train9418,0,9417
train9419,0,9418
train9420,1,9419
train9421,0,9420
train9422,1,9421
train9423,0,9422
train9424,0,9423
train9425,1,9424
train9426,0,9425
train9427,0,9426
train9428,0,9427
train9429,0,9428
train9430,0,9429
train9431,1,9430
train9432,0,9431
train9433,0,9432
train9434,0,9433
train9435,0,9434
train9436,0,9435
train9437,1,9436
train9438,1,9437
train9439,0,9438
train9440,0,9439
train9441,1,9440
train9442,1,9441
train9443,0,9442
train9444,0,9443
train9445,1,9444
train9446,1,9445
train9447,0,9446
train9448,0,9447
train9449,0,9448
train9450,1,9449
train9451,1,9450
train9452,0,9451
train9453,0,9452
train9454,1,9453
train9455,1,9454
train9456,1,9455
train9457,0,9456
train9458,0,9457
train9459,0,9458
train9460,0,9459
train9461,1,9460
train9462,0,9461
train9463,1,9462
train9464,1,9463
train9465,1,9464
train9466,0,9465
train9467,1,9466
train9468,0,9467
train9469,1,9468
train9470,1,9469
train9471,1,9470
train9472,1,9471
train9473,1,9472
train9474,1,9473
train9475,1,9474
train9476,1,9475
train9477,0,9476
train9478,0,9477
train9479,1,9478
train9480,0,9479
train9481,1,9480
train9482,0,9481
train9483,1,9482
train9484,1,9483
train9485,1,9484
train9486,0,9485
train9487,1,9486
train9488,0,9487
train9489,1,9488
train9490,1,9489
train9491,1,9490
train9492,1,9491
train9493,0,9492
train9494,0,9493
train9495,1,9494
train9496,1,9495
train9497,0,9496
train9498,1,9497
train9499,1,9498
train9500,1,9499
train9501,1,9500
train9502,0,9501
train9503,0,9502
train9504,1,9503
train9505,0,9504
train9506,1,9505
train9507,1,9506
train9508,0,9507
train9509,0,9508
train9510,0,9509
train9511,0,9510
train9512,0,9511
train9513,0,9512
train9514,0,9513
train9515,0,9514
train9516,0,9515
train9517,0,9516
train9518,0,9517
train9519,0,9518
train9520,0,9519
train9521,0,9520
train9522,0,9521
train9523,1,9522
train9524,0,9523
train9525,0,9524
train9526,0,9525
train9527,1,9526
train9528,0,9527
train9529,1,9528
train9530,0,9529
train9531,0,9530
train9532,0,9531
train9533,0,9532
train9534,0,9533
train9535,0,9534
train9536,0,9535
train9537,0,9536
train9538,0,9537
train9539,0,9538
train9540,0,9539
train9541,0,9540
train9542,0,9541
train9543,0,9542
train9544,0,9543
train9545,0,9544
train9546,0,9545
train9547,0,9546
train9548,0,9547
train9549,0,9548
train9550,0,9549
train9551,0,9550
train9552,0,9551
train9553,0,9552
train9554,0,9553
train9555,0,9554
train9556,0,9555
train9557,0,9556
train9558,0,9557
train9559,1,9558
train9560,1,9559
train9561,0,9560
train9562,0,9561
train9563,0,9562
train9564,1,9563
train9565,0,9564
train9566,1,9565
train9567,0,9566
train9568,0,9567
train9569,0,9568
train9570,0,9569
train9571,1,9570
train9572,0,9571
train9573,0,9572
train9574,0,9573
train9575,0,9574
train9576,0,9575
train9577,0,9576
train9578,0,9577
train9579,0,9578
train9580,0,9579
train9581,0,9580
train9582,1,9581
train9583,1,9582
train9584,1,9583
train9585,1,9584
train9586,1,9585
train9587,0,9586
train9588,0,9587
train9589,0,9588
train9590,1,9589
train9591,1,9590
train9592,0,9591
train9593,0,9592
train9594,0,9593
train9595,0,9594
train9596,1,9595
train9597,0,9596
train9598,0,9597
train9599,0,9598
train9600,1,9599
train9601,0,9600
train9602,0,9601
train9603,0,9602
train9604,1,9603
train9605,1,9604
train9606,1,9605
train9607,0,9606
train9608,1,9607
train9609,0,9608
train9610,0,9609
train9611,0,9610
train9612,0,9611
train9613,0,9612
train9614,1,9613
train9615,0,9614
train9616,0,9615
train9617,0,9616
train9618,0,9617
train9619,1,9618
train9620,0,9619
train9621,0,9620
train9622,0,9621
train9623,0,9622
train9624,0,9623
train9625,0,9624
train9626,0,9625
train9627,0,9626
train9628,1,9627
train9629,0,9628
train9630,0,9629
train9631,1,9630
train9632,0,9631
train9633,1,9632
train9634,1,9633
train9635,1,9634
train9636,0,9635
train9637,1,9636
train9638,0,9637
train9639,1,9638
train9640,0,9639
train9641,0,9640
train9642,1,9641
train9643,0,9642
train9644,0,9643
train9645,0,9644
train9646,0,9645
train9647,1,9646
train9648,1,9647
train9649,0,9648
train9650,0,9649
train9651,0,9650
train9652,1,9651
train9653,0,9652
train9654,0,9653
train9655,1,9654
train9656,0,9655
train9657,0,9656
train9658,0,9657
train9659,0,9658
train9660,0,9659
train9661,0,9660
train9662,0,9661
train9663,1,9662
train9664,0,9663
train9665,1,9664
train9666,0,9665
train9667,0,9666
train9668,0,9667
train9669,0,9668
train9670,0,9669
train9671,0,9670
train9672,0,9671
train9673,0,9672
train9674,0,9673
train9675,0,9674
train9676,0,9675
train9677,0,9676
train9678,0,9677
train9679,1,9678
train9680,0,9679
train9681,0,9680
train9682,0,9681
train9683,0,9682
train9684,1,9683
train9685,0,9684
train9686,0,9685
train9687,0,9686
train9688,0,9687
train9689,0,9688
train9690,0,9689
train9691,0,9690
train9692,0,9691
train9693,0,9692
train9694,0,9693
train9695,0,9694
train9696,1,9695
train9697,0,9696
train9698,1,9697
train9699,0,9698
train9700,0,9699
train9701,0,9700
train9702,0,9701
train9703,0,9702
train9704,0,9703
train9705,0,9704
train9706,0,9705
train9707,0,9706
train9708,0,9707
train9709,0,9708
train9710,0,9709
train9711,0,9710
train9712,1,9711
train9713,0,9712
train9714,1,9713
train9715,0,9714
train9716,0,9715
train9717,0,9716
train9718,0,9717
train9719,0,9718
train9720,0,9719
train9721,0,9720
train9722,1,9721
train9723,1,9722
train9724,0,9723
train9725,1,9724
train9726,0,9725
train9727,1,9726
train9728,0,9727
train9729,0,9728
train9730,1,9729
train9731,0,9730
train9732,0,9731
train9733,0,9732
train9734,0,9733
train9735,0,9734
train9736,0,9735
train9737,0,9736
train9738,0,9737
train9739,1,9738
train9740,1,9739
train9741,1,9740
train9742,0,9741
train9743,1,9742
train9744,1,9743
train9745,1,9744
train9746,0,9745
train9747,0,9746
train9748,0,9747
train9749,1,9748
train9750,0,9749
train9751,0,9750
train9752,0,9751
train9753,0,9752
train9754,0,9753
train9755,0,9754
train9756,0,9755
train9757,1,9756
train9758,1,9757
train9759,0,9758
train9760,0,9759
train9761,1,9760
train9762,0,9761
train9763,0,9762
train9764,1,9763
train9765,1,9764
train9766,1,9765
train9767,1,9766
train9768,0,9767
train9769,0,9768
train9770,0,9769
train9771,0,9770
train9772,0,9771
train9773,0,9772
train9774,1,9773
train9775,0,9774
train9776,1,9775
train9777,0,9776
train9778,0,9777
train9779,0,9778
train9780,0,9779
train9781,0,9780
train9782,0,9781
train9783,0,9782
train9784,1,9783
train9785,1,9784
train9786,0,9785
train9787,0,9786
train9788,0,9787
train9789,0,9788
train9790,0,9789
train9791,0,9790
train9792,1,9791
train9793,0,9792
train9794,0,9793
train9795,0,9794
train9796,0,9795
train9797,1,9796
train9798,0,9797
train9799,1,9798
train9800,0,9799
train9801,0,9800
train9802,1,9801
train9803,1,9802
train9804,0,9803
train9805,0,9804
train9806,0,9805
train9807,0,9806
train9808,0,9807
train9809,0,9808
train9810,0,9809
train9811,0,9810
train9812,0,9811
train9813,1,9812
train9814,0,9813
train9815,0,9814
train9816,0,9815
train9817,0,9816
train9818,1,9817
train9819,0,9818
train9820,1,9819
train9821,0,9820
train9822,0,9821
train9823,0,9822
train9824,0,9823
train9825,0,9824
train9826,0,9825
train9827,0,9826
train9828,0,9827
train9829,0,9828
train9830,0,9829
train9831,0,9830
train9832,0,9831
train9833,0,9832
train9834,0,9833
train9835,1,9834
train9836,0,9835
train9837,0,9836
train9838,0,9837
train9839,0,9838
train9840,0,9839
train9841,0,9840
train9842,0,9841
train9843,0,9842
train9844,0,9843
train9845,0,9844
train9846,0,9845
train9847,1,9846
train9848,0,9847
train9849,0,9848
train9850,0,9849
train9851,0,9850
train9852,0,9851
train9853,0,9852
train9854,0,9853
train9855,0,9854
train9856,0,9855
train9857,0,9856
train9858,1,9857
train9859,0,9858
train9860,0,9859
train9861,0,9860
train9862,0,9861
train9863,0,9862
train9864,1,9863
train9865,0,9864
train9866,0,9865
train9867,0,9866
train9868,1,9867
train9869,0,9868
train9870,1,9869
train9871,1,9870
train9872,1,9871
train9873,1,9872
train9874,0,9873
train9875,0,9874
train9876,0,9875
train9877,0,9876
train9878,1,9877
train9879,0,9878
train9880,0,9879
train9881,0,9880
train9882,1,9881
train9883,0,9882
train9884,0,9883
train9885,1,9884
train9886,0,9885
train9887,0,9886
train9888,1,9887
train9889,0,9888
train9890,0,9889
train9891,1,9890
train9892,1,9891
train9893,1,9892
train9894,1,9893
train9895,0,9894
train9896,1,9895
train9897,1,9896
train9898,0,9897
train9899,1,9898
train9900,1,9899
train9901,0,9900
train9902,0,9901
train9903,0,9902
train9904,0,9903
train9905,0,9904
train9906,0,9905
train9907,0,9906
train9908,0,9907
train9909,0,9908
train9910,1,9909
train9911,1,9910
train9912,0,9911
train9913,1,9912
train9914,1,9913
train9915,0,9914
train9916,0,9915
train9917,0,9916
train9918,0,9917
train9919,0,9918
train9920,0,9919
train9921,0,9920
train9922,1,9921
train9923,1,9922
train9924,0,9923
train9925,1,9924
train9926,0,9925
train9927,0,9926
train9928,1,9927
train9929,0,9928
train9930,0,9929
train9931,1,9930
train9932,1,9931
train9933,0,9932
train9934,0,9933
train9935,1,9934
train9936,1,9935
train9937,1,9936
train9938,0,9937
train9939,0,9938
train9940,0,9939
train9941,0,9940
train9942,0,9941
train9943,1,9942
train9944,0,9943
train9945,1,9944
train9946,1,9945
train9947,0,9946
train9948,0,9947
train9949,0,9948
train9950,0,9949
train9951,0,9950
train9952,0,9951
train9953,0,9952
train9954,1,9953
train9955,0,9954
train9956,0,9955
train9957,1,9956
train9958,0,9957
train9959,0,9958
train9960,1,9959
train9961,1,9960
train9962,1,9961
train9963,1,9962
train9964,1,9963
train9965,0,9964
train9966,1,9965
train9967,1,9966
train9968,1,9967
train9969,0,9968
train9970,0,9969
train9971,1,9970
train9972,0,9971
train9973,0,9972
train9974,0,9973
train9975,0,9974
train9976,0,9975
train9977,0,9976
train9978,0,9977
train9979,0,9978
train9980,1,9979
train9981,1,9980
train9982,0,9981
train9983,0,9982
train9984,0,9983
train9985,0,9984
train9986,1,9985
train9987,1,9986
train9988,0,9987
train9989,0,9988
train9990,1,9989
train9991,0,9990
train9992,1,9991
train9993,0,9992
train9994,0,9993
train9995,0,9994
train9996,0,9995
train9997,0,9996
train9998,0,9997
train9999,0,9998
train10000,1,9999
train10001,0,10000
train10002,0,10001
train10003,0,10002
train10004,1,10003
train10005,1,10004
train10006,0,10005
train10007,0,10006
train10008,0,10007
train10009,0,10008
train10010,0,10009
train10011,0,10010
train10012,0,10011
train10013,1,10012
train10014,0,10013
train10015,0,10014
train10016,0,10015
train10017,0,10016
train10018,1,10017
train10019,0,10018
train10020,0,10019
train10021,0,10020
train10022,0,10021
train10023,1,10022
train10024,0,10023
train10025,1,10024
train10026,1,10025
train10027,0,10026
train10028,0,10027
train10029,0,10028
train10030,0,10029
train10031,0,10030
train10032,0,10031
train10033,0,10032
train10034,0,10033
train10035,0,10034
train10036,0,10035
train10037,0,10036
train10038,0,10037
train10039,0,10038
train10040,1,10039
train10041,0,10040
train10042,0,10041
train10043,0,10042
train10044,0,10043
train10045,0,10044
train10046,1,10045
train10047,0,10046
train10048,0,10047
train10049,1,10048
train10050,0,10049
train10051,0,10050
train10052,1,10051
train10053,0,10052
train10054,1,10053
train10055,1,10054
train10056,0,10055
train10057,0,10056
train10058,1,10057
train10059,0,10058
train10060,0,10059
train10061,1,10060
train10062,1,10061
train10063,1,10062
train10064,0,10063
train10065,1,10064
train10066,0,10065
train10067,0,10066
train10068,0,10067
train10069,0,10068
train10070,1,10069
train10071,1,10070
train10072,0,10071
train10073,0,10072
train10074,1,10073
train10075,0,10074
train10076,0,10075
train10077,1,10076
train10078,0,10077
train10079,0,10078
train10080,0,10079
train10081,0,10080
train10082,1,10081
train10083,1,10082
train10084,0,10083
train10085,0,10084
train10086,0,10085
train10087,0,10086
train10088,0,10087
train10089,0,10088
train10090,0,10089
train10091,1,10090
train10092,1,10091
train10093,1,10092
train10094,1,10093
train10095,0,10094
train10096,0,10095
train10097,0,10096
train10098,0,10097
train10099,0,10098
train10100,0,10099
train10101,1,10100
train10102,1,10101
train10103,1,10102
train10104,0,10103
train10105,1,10104
train10106,0,10105
train10107,0,10106
train10108,0,10107
train10109,0,10108
train10110,1,10109
train10111,1,10110
train10112,0,10111
train10113,1,10112
train10114,0,10113
train10115,0,10114
train10116,0,10115
train10117,0,10116
train10118,1,10117
train10119,1,10118
train10120,1,10119
train10121,1,10120
train10122,0,10121
train10123,0,10122
train10124,1,10123
train10125,1,10124
train10126,0,10125
train10127,1,10126
train10128,1,10127
train10129,0,10128
train10130,0,10129
train10131,1,10130
train10132,1,10131
train10133,0,10132
train10134,0,10133
train10135,0,10134
train10136,1,10135
train10137,0,10136
train10138,1,10137
train10139,1,10138
train10140,0,10139
train10141,0,10140
train10142,0,10141
train10143,0,10142
train10144,1,10143
train10145,1,10144
train10146,1,10145
train10147,0,10146
train10148,0,10147
train10149,0,10148
train10150,0,10149
train10151,0,10150
train10152,0,10151
train10153,0,10152
train10154,1,10153
train10155,1,10154
train10156,1,10155
train10157,1,10156
train10158,0,10157
train10159,0,10158
train10160,1,10159
train10161,1,10160
train10162,1,10161
train10163,0,10162
train10164,0,10163
train10165,0,10164
train10166,0,10165
train10167,0,10166
train10168,0,10167
train10169,1,10168
train10170,1,10169
train10171,1,10170
train10172,0,10171
train10173,0,10172
train10174,1,10173
train10175,0,10174
train10176,1,10175
train10177,0,10176
train10178,0,10177
train10179,0,10178
train10180,1,10179
train10181,0,10180
train10182,0,10181
train10183,0,10182
train10184,0,10183
train10185,0,10184
train10186,1,10185
train10187,1,10186
train10188,0,10187
train10189,0,10188
train10190,0,10189
train10191,0,10190
train10192,0,10191
train10193,0,10192
train10194,1,10193
train10195,0,10194
train10196,0,10195
train10197,1,10196
train10198,1,10197
train10199,0,10198
train10200,1,10199
train10201,1,10200
train10202,1,10201
train10203,1,10202
train10204,1,10203
train10205,1,10204
train10206,1,10205
train10207,1,10206
train10208,0,10207
train10209,1,10208
train10210,1,10209
train10211,0,10210
train10212,0,10211
train10213,0,10212
train10214,0,10213
train10215,0,10214
train10216,0,10215
train10217,1,10216
train10218,0,10217
train10219,0,10218
train10220,1,10219
train10221,1,10220
train10222,0,10221
train10223,0,10222
train10224,1,10223
train10225,1,10224
train10226,1,10225
train10227,1,10226
train10228,1,10227
train10229,1,10228
train10230,1,10229
train10231,0,10230
train10232,1,10231
train10233,1,10232
train10234,1,10233
train10235,0,10234
train10236,0,10235
train10237,0,10236
train10238,0,10237
train10239,1,10238
train10240,0,10239
train10241,0,10240
train10242,0,10241
train10243,1,10242
train10244,1,10243
train10245,0,10244
train10246,0,10245
train10247,0,10246
train10248,0,10247
train10249,0,10248
train10250,1,10249
train10251,0,10250
train10252,0,10251
train10253,1,10252
train10254,0,10253
train10255,0,10254
train10256,1,10255
train10257,0,10256
train10258,1,10257
train10259,0,10258
train10260,0,10259
train10261,0,10260
train10262,1,10261
train10263,1,10262
train10264,0,10263
train10265,1,10264
train10266,1,10265
train10267,0,10266
train10268,1,10267
train10269,0,10268
train10270,0,10269
train10271,0,10270
train10272,1,10271
train10273,1,10272
train10274,0,10273
train10275,1,10274
train10276,1,10275
train10277,0,10276
train10278,0,10277
train10279,1,10278
train10280,0,10279
train10281,0,10280
train10282,0,10281
train10283,0,10282
train10284,0,10283
train10285,0,10284
train10286,0,10285
train10287,0,10286
train10288,1,10287
train10289,0,10288
train10290,0,10289
train10291,0,10290
train10292,1,10291
train10293,1,10292
train10294,0,10293
train10295,0,10294
train10296,1,10295
train10297,0,10296
train10298,1,10297
train10299,1,10298
train10300,0,10299
train10301,0,10300
train10302,1,10301
train10303,1,10302
train10304,0,10303
train10305,1,10304
train10306,0,10305
train10307,0,10306
train10308,0,10307
train10309,0,10308
train10310,0,10309
train10311,0,10310
train10312,0,10311
train10313,0,10312
train10314,0,10313
train10315,0,10314
train10316,0,10315
train10317,0,10316
train10318,0,10317
train10319,0,10318
train10320,0,10319
train10321,0,10320
train10322,0,10321
train10323,0,10322
train10324,1,10323
train10325,0,10324
train10326,1,10325
train10327,1,10326
train10328,0,10327
train10329,0,10328
train10330,0,10329
train10331,0,10330
train10332,0,10331
train10333,0,10332
train10334,0,10333
train10335,0,10334
train10336,0,10335
train10337,0,10336
train10338,0,10337
train10339,0,10338
train10340,0,10339
train10341,0,10340
train10342,0,10341
train10343,0,10342
train10344,0,10343
train10345,0,10344
train10346,0,10345
train10347,0,10346
train10348,0,10347
train10349,0,10348
train10350,0,10349
train10351,0,10350
train10352,0,10351
train10353,0,10352
train10354,0,10353
train10355,0,10354
train10356,0,10355
train10357,0,10356
train10358,0,10357
train10359,0,10358
train10360,0,10359
train10361,0,10360
train10362,0,10361
train10363,0,10362
train10364,0,10363
train10365,1,10364
train10366,1,10365
train10367,0,10366
train10368,0,10367
train10369,0,10368
train10370,0,10369
train10371,0,10370
train10372,0,10371
train10373,1,10372
train10374,0,10373
train10375,0,10374
train10376,1,10375
train10377,0,10376
train10378,0,10377
train10379,1,10378
train10380,1,10379
train10381,0,10380
train10382,0,10381
train10383,1,10382
train10384,0,10383
train10385,0,10384
train10386,0,10385
train10387,1,10386
train10388,1,10387
train10389,0,10388
train10390,1,10389
train10391,0,10390
train10392,0,10391
train10393,0,10392
train10394,1,10393
train10395,0,10394
train10396,0,10395
train10397,0,10396
train10398,0,10397
train10399,1,10398
train10400,1,10399
train10401,0,10400
train10402,1,10401
train10403,1,10402
train10404,0,10403
train10405,0,10404
train10406,0,10405
train10407,0,10406
train10408,0,10407
train10409,0,10408
train10410,0,10409
train10411,0,10410
train10412,0,10411
train10413,1,10412
train10414,0,10413
train10415,0,10414
train10416,0,10415
train10417,0,10416
train10418,0,10417
train10419,0,10418
train10420,0,10419
train10421,0,10420
train10422,0,10421
train10423,1,10422
train10424,1,10423
train10425,0,10424
train10426,1,10425
train10427,0,10426
train10428,1,10427
train10429,1,10428
train10430,1,10429
train10431,1,10430
train10432,0,10431
train10433,0,10432
train10434,0,10433
train10435,0,10434
train10436,0,10435
train10437,0,10436
train10438,0,10437
train10439,0,10438
train10440,0,10439
train10441,0,10440
train10442,0,10441
train10443,1,10442
train10444,0,10443
train10445,0,10444
train10446,1,10445
train10447,0,10446
train10448,0,10447
train10449,0,10448
train10450,0,10449
train10451,0,10450
train10452,0,10451
train10453,0,10452
train10454,0,10453
train10455,0,10454
train10456,0,10455
train10457,0,10456
train10458,0,10457
train10459,0,10458
train10460,0,10459
train10461,0,10460
train10462,0,10461
train10463,0,10462
train10464,0,10463
train10465,0,10464
train10466,0,10465
train10467,0,10466
train10468,0,10467
train10469,0,10468
train10470,0,10469
train10471,0,10470
train10472,0,10471
train10473,0,10472
train10474,0,10473
train10475,0,10474
train10476,0,10475
train10477,0,10476
train10478,0,10477
train10479,1,10478
train10480,0,10479
train10481,0,10480
train10482,1,10481
train10483,0,10482
train10484,0,10483
train10485,0,10484
train10486,0,10485
train10487,0,10486
train10488,0,10487
train10489,0,10488
train10490,0,10489
train10491,0,10490
train10492,0,10491
train10493,0,10492
train10494,0,10493
train10495,0,10494
train10496,0,10495
train10497,0,10496
train10498,0,10497
train10499,0,10498
train10500,0,10499
train10501,0,10500
train10502,0,10501
train10503,0,10502
train10504,0,10503
train10505,0,10504
train10506,0,10505
train10507,0,10506
train10508,0,10507
train10509,0,10508
train10510,0,10509
train10511,0,10510
train10512,0,10511
train10513,0,10512
train10514,1,10513
train10515,0,10514
train10516,1,10515
train10517,0,10516
train10518,0,10517
train10519,0,10518
train10520,0,10519
train10521,1,10520
train10522,1,10521
train10523,0,10522
train10524,0,10523
train10525,0,10524
train10526,1,10525
train10527,0,10526
train10528,0,10527
train10529,0,10528
train10530,0,10529
train10531,0,10530
train10532,0,10531
train10533,0,10532
train10534,0,10533
train10535,0,10534
train10536,1,10535
train10537,0,10536
train10538,0,10537
train10539,1,10538
train10540,1,10539
train10541,1,10540
train10542,1,10541
train10543,0,10542
train10544,1,10543
train10545,0,10544
train10546,0,10545
train10547,0,10546
train10548,0,10547
train10549,0,10548
train10550,0,10549
train10551,0,10550
train10552,0,10551
train10553,0,10552
train10554,1,10553
train10555,0,10554
train10556,0,10555
train10557,0,10556
train10558,0,10557
train10559,0,10558
train10560,1,10559
train10561,0,10560
train10562,0,10561
train10563,0,10562
train10564,0,10563
train10565,0,10564
train10566,0,10565
train10567,0,10566
train10568,0,10567
train10569,1,10568
train10570,0,10569
train10571,0,10570
train10572,0,10571
train10573,0,10572
train10574,0,10573
train10575,0,10574
train10576,0,10575
train10577,0,10576
train10578,0,10577
train10579,0,10578
train10580,0,10579
train10581,0,10580
train10582,0,10581
train10583,0,10582
train10584,0,10583
train10585,0,10584
train10586,0,10585
train10587,0,10586
train10588,0,10587
train10589,0,10588
train10590,0,10589
train10591,0,10590
train10592,0,10591
train10593,0,10592
train10594,0,10593
train10595,0,10594
train10596,0,10595
train10597,0,10596
train10598,0,10597
train10599,0,10598
train10600,0,10599
train10601,0,10600
train10602,0,10601
train10603,0,10602
train10604,1,10603
train10605,0,10604
train10606,0,10605
train10607,0,10606
train10608,0,10607
train10609,0,10608
train10610,1,10609
train10611,0,10610
train10612,0,10611
train10613,0,10612
train10614,0,10613
train10615,0,10614
train10616,0,10615
train10617,0,10616
train10618,0,10617
train10619,0,10618
train10620,0,10619
train10621,1,10620
train10622,0,10621
train10623,1,10622
train10624,0,10623
train10625,0,10624
train10626,0,10625
train10627,1,10626
train10628,0,10627
train10629,0,10628
train10630,1,10629
train10631,0,10630
train10632,0,10631
train10633,0,10632
train10634,0,10633
train10635,1,10634
train10636,1,10635
train10637,0,10636
train10638,0,10637
train10639,0,10638
train10640,1,10639
train10641,0,10640
train10642,1,10641
train10643,1,10642
train10644,1,10643
train10645,1,10644
train10646,1,10645
train10647,0,10646
train10648,0,10647
train10649,0,10648
train10650,0,10649
train10651,1,10650
train10652,0,10651
train10653,1,10652
train10654,1,10653
train10655,0,10654
train10656,0,10655
train10657,1,10656
train10658,0,10657
train10659,0,10658
train10660,1,10659
train10661,0,10660
train10662,0,10661
train10663,0,10662
train10664,1,10663
train10665,1,10664
train10666,0,10665
train10667,1,10666
train10668,0,10667
train10669,0,10668
train10670,0,10669
train10671,0,10670
train10672,0,10671
train10673,0,10672
train10674,0,10673
train10675,0,10674
train10676,0,10675
train10677,0,10676
train10678,0,10677
train10679,0,10678
train10680,0,10679
train10681,0,10680
train10682,0,10681
train10683,0,10682
train10684,0,10683
train10685,0,10684
train10686,0,10685
train10687,0,10686
train10688,0,10687
train10689,0,10688
train10690,0,10689
train10691,0,10690
train10692,0,10691
train10693,0,10692
train10694,0,10693
train10695,0,10694
train10696,0,10695
train10697,0,10696
train10698,0,10697
train10699,1,10698
train10700,0,10699
train10701,1,10700
train10702,0,10701
train10703,0,10702
train10704,1,10703
train10705,0,10704
train10706,0,10705
train10707,1,10706
train10708,1,10707
train10709,1,10708
train10710,1,10709
train10711,0,10710
train10712,0,10711
train10713,0,10712
train10714,0,10713
train10715,0,10714
train10716,0,10715
train10717,0,10716
train10718,0,10717
train10719,0,10718
train10720,0,10719
train10721,0,10720
train10722,0,10721
train10723,0,10722
train10724,0,10723
train10725,0,10724
train10726,0,10725
train10727,0,10726
train10728,0,10727
train10729,0,10728
train10730,0,10729
train10731,0,10730
train10732,0,10731
train10733,0,10732
train10734,0,10733
train10735,0,10734
train10736,0,10735
train10737,0,10736
train10738,0,10737
train10739,0,10738
train10740,0,10739
train10741,0,10740
train10742,0,10741
train10743,0,10742
train10744,0,10743
train10745,0,10744
train10746,0,10745
train10747,0,10746
train10748,0,10747
train10749,1,10748
train10750,0,10749
train10751,0,10750
train10752,0,10751
train10753,0,10752
train10754,0,10753
train10755,0,10754
train10756,0,10755
train10757,0,10756
train10758,0,10757
train10759,0,10758
train10760,0,10759
train10761,0,10760
train10762,0,10761
train10763,0,10762
train10764,0,10763
train10765,0,10764
train10766,0,10765
train10767,0,10766
train10768,0,10767
train10769,0,10768
train10770,0,10769
train10771,0,10770
train10772,0,10771
train10773,0,10772
train10774,0,10773
train10775,0,10774
train10776,1,10775
train10777,0,10776
train10778,0,10777
train10779,0,10778
train10780,0,10779
train10781,0,10780
train10782,0,10781
train10783,1,10782
train10784,0,10783
train10785,0,10784
train10786,1,10785
train10787,1,10786
train10788,0,10787
train10789,0,10788
train10790,1,10789
train10791,0,10790
train10792,0,10791
train10793,0,10792
train10794,0,10793
train10795,1,10794
train10796,0,10795
train10797,0,10796
train10798,0,10797
train10799,1,10798
train10800,0,10799
train10801,0,10800
train10802,0,10801
train10803,0,10802
train10804,1,10803
train10805,1,10804
train10806,0,10805
train10807,0,10806
train10808,1,10807
train10809,1,10808
train10810,1,10809
train10811,0,10810
train10812,0,10811
train10813,1,10812
train10814,0,10813
train10815,1,10814
train10816,0,10815
train10817,0,10816
train10818,1,10817
train10819,0,10818
train10820,1,10819
train10821,0,10820
train10822,1,10821
train10823,0,10822
train10824,0,10823
train10825,1,10824
train10826,1,10825
train10827,0,10826
train10828,0,10827
train10829,0,10828
train10830,0,10829
train10831,0,10830
train10832,0,10831
train10833,1,10832
train10834,0,10833
train10835,0,10834
train10836,0,10835
train10837,0,10836
train10838,1,10837
train10839,0,10838
train10840,0,10839
train10841,1,10840
train10842,1,10841
train10843,1,10842
train10844,1,10843
train10845,1,10844
train10846,1,10845
train10847,1,10846
train10848,1,10847
train10849,0,10848
train10850,0,10849
train10851,1,10850
train10852,1,10851
train10853,0,10852
train10854,0,10853
train10855,0,10854
train10856,1,10855
train10857,1,10856
train10858,1,10857
train10859,1,10858
train10860,0,10859
train10861,1,10860
train10862,0,10861
train10863,1,10862
train10864,0,10863
train10865,1,10864
train10866,0,10865
train10867,1,10866
train10868,1,10867
train10869,0,10868
train10870,1,10869
train10871,1,10870
train10872,0,10871
train10873,0,10872
train10874,1,10873
train10875,1,10874
train10876,0,10875
train10877,1,10876
train10878,0,10877
train10879,0,10878
train10880,1,10879
train10881,0,10880
train10882,1,10881
train10883,0,10882
train10884,1,10883
train10885,0,10884
train10886,1,10885
train10887,0,10886
train10888,0,10887
train10889,0,10888
train10890,1,10889
train10891,1,10890
train10892,1,10891
train10893,0,10892
train10894,1,10893
train10895,1,10894
train10896,0,10895
train10897,0,10896
train10898,0,10897
train10899,0,10898
train10900,1,10899
train10901,0,10900
train10902,0,10901
train10903,1,10902
train10904,0,10903
train10905,1,10904
train10906,1,10905
train10907,0,10906
train10908,0,10907
train10909,0,10908
train10910,0,10909
train10911,0,10910
train10912,0,10911
train10913,0,10912
train10914,0,10913
train10915,0,10914
train10916,0,10915
train10917,0,10916
train10918,0,10917
train10919,0,10918
train10920,0,10919
train10921,0,10920
train10922,0,10921
train10923,0,10922
train10924,0,10923
train10925,0,10924
train10926,0,10925
train10927,0,10926
train10928,0,10927
train10929,0,10928
train10930,0,10929
train10931,0,10930
train10932,0,10931
train10933,0,10932
train10934,0,10933
train10935,0,10934
train10936,0,10935
train10937,0,10936
train10938,0,10937
train10939,0,10938
train10940,0,10939
train10941,0,10940
train10942,0,10941
train10943,1,10942
train10944,0,10943
train10945,0,10944
train10946,0,10945
train10947,0,10946
train10948,0,10947
train10949,0,10948
train10950,0,10949
train10951,0,10950
train10952,0,10951
train10953,0,10952
train10954,0,10953
train10955,0,10954
train10956,0,10955
train10957,0,10956
train10958,0,10957
train10959,0,10958
train10960,0,10959
train10961,0,10960
train10962,0,10961
train10963,0,10962
train10964,0,10963
train10965,0,10964
train10966,0,10965
train10967,0,10966
train10968,0,10967
train10969,0,10968
train10970,0,10969
train10971,0,10970
train10972,0,10971
train10973,0,10972
train10974,0,10973
train10975,0,10974
train10976,0,10975
train10977,0,10976
train10978,0,10977
train10979,0,10978
train10980,0,10979
train10981,0,10980
train10982,1,10981
train10983,0,10982
train10984,1,10983
train10985,0,10984
train10986,0,10985
train10987,0,10986
train10988,0,10987
train10989,0,10988
train10990,0,10989
train10991,1,10990
train10992,0,10991
train10993,0,10992
train10994,0,10993
train10995,0,10994
train10996,0,10995
train10997,0,10996
train10998,0,10997
train10999,0,10998
train11000,0,10999
train11001,0,11000
train11002,1,11001
train11003,1,11002
train11004,0,11003
train11005,0,11004
train11006,0,11005
train11007,0,11006
train11008,0,11007
train11009,0,11008
train11010,1,11009
train11011,0,11010
train11012,0,11011
train11013,0,11012
train11014,0,11013
train11015,1,11014
train11016,0,11015
train11017,0,11016
train11018,0,11017
train11019,1,11018
train11020,0,11019
train11021,0,11020
train11022,0,11021
train11023,1,11022
train11024,1,11023
train11025,1,11024
train11026,0,11025
train11027,0,11026
train11028,1,11027
train11029,0,11028
train11030,0,11029
train11031,0,11030
train11032,0,11031
train11033,0,11032
train11034,0,11033
train11035,0,11034
train11036,1,11035
train11037,1,11036
train11038,1,11037
train11039,1,11038
train11040,0,11039
train11041,1,11040
train11042,1,11041
train11043,1,11042
train11044,1,11043
train11045,0,11044
train11046,0,11045
train11047,0,11046
train11048,1,11047
train11049,1,11048
train11050,1,11049
train11051,1,11050
train11052,1,11051
train11053,1,11052
train11054,1,11053
train11055,0,11054
train11056,1,11055
train11057,0,11056
train11058,0,11057
train11059,0,11058
train11060,0,11059
train11061,0,11060
train11062,0,11061
train11063,0,11062
train11064,0,11063
train11065,0,11064
train11066,0,11065
train11067,0,11066
train11068,0,11067
train11069,0,11068
train11070,0,11069
train11071,0,11070
train11072,0,11071
train11073,0,11072
train11074,0,11073
train11075,0,11074
train11076,0,11075
train11077,0,11076
train11078,0,11077
train11079,0,11078
train11080,0,11079
train11081,0,11080
train11082,0,11081
train11083,0,11082
train11084,0,11083
train11085,0,11084
train11086,0,11085
train11087,0,11086
train11088,0,11087
train11089,0,11088
train11090,0,11089
train11091,0,11090
train11092,0,11091
train11093,0,11092
train11094,1,11093
train11095,0,11094
train11096,0,11095
train11097,0,11096
train11098,0,11097
train11099,0,11098
train11100,0,11099
train11101,0,11100
train11102,0,11101
train11103,0,11102
train11104,0,11103
train11105,0,11104
train11106,0,11105
train11107,0,11106
train11108,0,11107
train11109,0,11108
train11110,0,11109
train11111,0,11110
train11112,0,11111
train11113,0,11112
train11114,1,11113
train11115,0,11114
train11116,0,11115
train11117,0,11116
train11118,0,11117
train11119,0,11118
train11120,0,11119
train11121,0,11120
train11122,1,11121
train11123,0,11122
train11124,1,11123
train11125,0,11124
train11126,1,11125
train11127,0,11126
train11128,0,11127
train11129,0,11128
train11130,0,11129
train11131,0,11130
train11132,1,11131
train11133,0,11132
train11134,0,11133
train11135,0,11134
train11136,0,11135
train11137,0,11136
train11138,0,11137
train11139,0,11138
train11140,0,11139
train11141,0,11140
train11142,0,11141
train11143,0,11142
train11144,0,11143
train11145,0,11144
train11146,0,11145
train11147,0,11146
train11148,0,11147
train11149,0,11148
train11150,0,11149
train11151,0,11150
train11152,0,11151
train11153,0,11152
train11154,1,11153
train11155,0,11154
train11156,0,11155
train11157,0,11156
train11158,1,11157
train11159,0,11158
train11160,1,11159
train11161,0,11160
train11162,0,11161
train11163,0,11162
train11164,0,11163
train11165,1,11164
train11166,1,11165
train11167,0,11166
train11168,0,11167
train11169,0,11168
train11170,0,11169
train11171,0,11170
train11172,1,11171
train11173,0,11172
train11174,0,11173
train11175,1,11174
train11176,1,11175
train11177,0,11176
train11178,1,11177
train11179,1,11178
train11180,1,11179
train11181,0,11180
train11182,1,11181
train11183,1,11182
train11184,0,11183
train11185,0,11184
train11186,0,11185
train11187,0,11186
train11188,0,11187
train11189,0,11188
train11190,0,11189
train11191,0,11190
train11192,0,11191
train11193,0,11192
train11194,0,11193
train11195,0,11194
train11196,1,11195
train11197,1,11196
train11198,0,11197
train11199,1,11198
train11200,1,11199
train11201,1,11200
train11202,0,11201
train11203,1,11202
train11204,1,11203
train11205,0,11204
train11206,0,11205
train11207,0,11206
train11208,1,11207
train11209,1,11208
train11210,1,11209
train11211,1,11210
train11212,0,11211
train11213,0,11212
train11214,0,11213
train11215,1,11214
train11216,1,11215
train11217,1,11216
train11218,1,11217
train11219,0,11218
train11220,0,11219
train11221,1,11220
train11222,0,11221
train11223,0,11222
train11224,0,11223
train11225,1,11224
train11226,0,11225
train11227,0,11226
train11228,0,11227
train11229,0,11228
train11230,0,11229
train11231,1,11230
train11232,0,11231
train11233,0,11232
train11234,1,11233
train11235,0,11234
train11236,0,11235
train11237,0,11236
train11238,0,11237
train11239,0,11238
train11240,0,11239
train11241,0,11240
train11242,0,11241
train11243,0,11242
train11244,0,11243
train11245,0,11244
train11246,0,11245
train11247,0,11246
train11248,0,11247
train11249,0,11248
train11250,0,11249
train11251,0,11250
train11252,0,11251
train11253,0,11252
train11254,0,11253
train11255,0,11254
train11256,0,11255
train11257,0,11256
train11258,0,11257
train11259,0,11258
train11260,0,11259
train11261,0,11260
train11262,0,11261
train11263,0,11262
train11264,0,11263
train11265,0,11264
train11266,1,11265
train11267,0,11266
train11268,0,11267
train11269,1,11268
train11270,0,11269
train11271,0,11270
train11272,0,11271
train11273,0,11272
train11274,0,11273
train11275,1,11274
train11276,1,11275
train11277,1,11276
train11278,1,11277
train11279,0,11278
train11280,0,11279
train11281,1,11280
train11282,0,11281
train11283,1,11282
train11284,0,11283
train11285,0,11284
train11286,0,11285
train11287,0,11286
train11288,0,11287
train11289,1,11288
train11290,0,11289
train11291,1,11290
train11292,0,11291
train11293,0,11292
train11294,0,11293
train11295,0,11294
train11296,0,11295
train11297,0,11296
train11298,0,11297
train11299,0,11298
train11300,0,11299
train11301,0,11300
train11302,0,11301
train11303,0,11302
train11304,0,11303
train11305,0,11304
train11306,0,11305
train11307,0,11306
train11308,0,11307
train11309,0,11308
train11310,1,11309
train11311,1,11310
train11312,1,11311
train11313,0,11312
train11314,0,11313
train11315,0,11314
train11316,0,11315
train11317,0,11316
train11318,0,11317
train11319,1,11318
train11320,1,11319
train11321,1,11320
train11322,0,11321
train11323,0,11322
train11324,1,11323
train11325,0,11324
train11326,0,11325
train11327,1,11326
train11328,1,11327
train11329,1,11328
train11330,1,11329
train11331,1,11330
train11332,0,11331
train11333,0,11332
train11334,0,11333
train11335,1,11334
train11336,0,11335
train11337,0,11336
train11338,0,11337
train11339,1,11338
train11340,1,11339
train11341,0,11340
train11342,0,11341
train11343,0,11342
train11344,0,11343
train11345,0,11344
train11346,0,11345
train11347,0,11346
train11348,0,11347
train11349,0,11348
train11350,0,11349
train11351,0,11350
train11352,0,11351
train11353,0,11352
train11354,0,11353
train11355,0,11354
train11356,0,11355
train11357,0,11356
train11358,0,11357
train11359,0,11358
train11360,0,11359
train11361,0,11360
train11362,0,11361
train11363,0,11362
train11364,0,11363
train11365,0,11364
train11366,0,11365
train11367,0,11366
train11368,0,11367
train11369,0,11368
train11370,0,11369
train11371,0,11370
train11372,0,11371
train11373,0,11372
train11374,0,11373
train11375,0,11374
train11376,0,11375
train11377,0,11376
train11378,0,11377
train11379,0,11378
train11380,0,11379
train11381,0,11380
train11382,0,11381
train11383,0,11382
train11384,0,11383
train11385,0,11384
train11386,0,11385
train11387,0,11386
train11388,0,11387
train11389,0,11388
train11390,0,11389
train11391,0,11390
train11392,0,11391
train11393,0,11392
train11394,0,11393
train11395,0,11394
train11396,1,11395
train11397,0,11396
train11398,1,11397
train11399,1,11398
train11400,0,11399
train11401,0,11400
train11402,0,11401
train11403,0,11402
train11404,1,11403
train11405,1,11404
train11406,0,11405
train11407,1,11406
train11408,1,11407
train11409,1,11408
train11410,0,11409
train11411,0,11410
train11412,0,11411
train11413,1,11412
train11414,0,11413
train11415,0,11414
train11416,1,11415
train11417,0,11416
train11418,0,11417
train11419,0,11418
train11420,0,11419
train11421,0,11420
train11422,0,11421
train11423,0,11422
train11424,0,11423
train11425,0,11424
train11426,1,11425
train11427,0,11426
train11428,1,11427
train11429,1,11428
train11430,0,11429
train11431,1,11430
train11432,0,11431
train11433,0,11432
train11434,1,11433
train11435,1,11434
train11436,1,11435
train11437,0,11436
train11438,0,11437
train11439,1,11438
train11440,1,11439
train11441,0,11440
train11442,1,11441
train11443,1,11442
train11444,1,11443
train11445,1,11444
train11446,1,11445
train11447,1,11446
train11448,0,11447
train11449,1,11448
train11450,0,11449
train11451,0,11450
train11452,0,11451
train11453,1,11452
train11454,1,11453
train11455,0,11454
train11456,1,11455
train11457,1,11456
train11458,1,11457
train11459,1,11458
train11460,0,11459
train11461,1,11460
train11462,1,11461
train11463,0,11462
train11464,1,11463
train11465,1,11464
train11466,0,11465
train11467,0,11466
train11468,0,11467
train11469,0,11468
train11470,1,11469
train11471,0,11470
train11472,0,11471
train11473,0,11472
train11474,0,11473
train11475,0,11474
train11476,0,11475
train11477,0,11476
train11478,1,11477
train11479,0,11478
train11480,0,11479
train11481,0,11480
train11482,0,11481
train11483,0,11482
train11484,0,11483
train11485,1,11484
train11486,1,11485
train11487,0,11486
train11488,0,11487
train11489,0,11488
train11490,0,11489
train11491,0,11490
train11492,1,11491
train11493,0,11492
train11494,0,11493
train11495,0,11494
train11496,0,11495
train11497,0,11496
train11498,0,11497
train11499,0,11498
train11500,1,11499
train11501,0,11500
train11502,1,11501
train11503,0,11502
train11504,0,11503
train11505,0,11504
train11506,0,11505
train11507,0,11506
train11508,0,11507
train11509,0,11508
train11510,0,11509
train11511,0,11510
train11512,0,11511
train11513,1,11512
train11514,0,11513
train11515,0,11514
train11516,1,11515
train11517,0,11516
train11518,1,11517
train11519,0,11518
train11520,0,11519
train11521,0,11520
train11522,0,11521
train11523,1,11522
train11524,1,11523
train11525,0,11524
train11526,1,11525
train11527,0,11526
train11528,0,11527
train11529,0,11528
train11530,0,11529
train11531,0,11530
train11532,0,11531
train11533,0,11532
train11534,0,11533
train11535,0,11534
train11536,0,11535
train11537,0,11536
train11538,0,11537
train11539,0,11538
train11540,0,11539
train11541,0,11540
train11542,0,11541
train11543,0,11542
train11544,0,11543
train11545,0,11544
train11546,0,11545
train11547,0,11546
train11548,0,11547
train11549,0,11548
train11550,0,11549
train11551,0,11550
train11552,0,11551
train11553,0,11552
train11554,0,11553
train11555,1,11554
train11556,0,11555
train11557,0,11556
train11558,0,11557
train11559,1,11558
train11560,1,11559
train11561,0,11560
train11562,1,11561
train11563,0,11562
train11564,1,11563
train11565,1,11564
train11566,0,11565
train11567,0,11566
train11568,0,11567
train11569,0,11568
train11570,0,11569
train11571,0,11570
train11572,0,11571
train11573,0,11572
train11574,0,11573
train11575,0,11574
train11576,0,11575
train11577,0,11576
train11578,0,11577
train11579,0,11578
train11580,0,11579
train11581,0,11580
train11582,0,11581
train11583,0,11582
train11584,0,11583
train11585,0,11584
train11586,0,11585
train11587,0,11586
train11588,0,11587
train11589,0,11588
train11590,1,11589
train11591,0,11590
train11592,1,11591
train11593,1,11592
train11594,1,11593
train11595,0,11594
train11596,0,11595
train11597,0,11596
train11598,1,11597
train11599,1,11598
train11600,0,11599
train11601,0,11600
train11602,0,11601
train11603,0,11602
train11604,0,11603
train11605,0,11604
train11606,0,11605
train11607,0,11606
train11608,0,11607
train11609,0,11608
train11610,0,11609
train11611,1,11610
train11612,1,11611
train11613,0,11612
train11614,1,11613
train11615,0,11614
train11616,1,11615
train11617,0,11616
train11618,0,11617
train11619,0,11618
train11620,0,11619
train11621,0,11620
train11622,1,11621
train11623,1,11622
train11624,1,11623
train11625,1,11624
train11626,1,11625
train11627,1,11626
train11628,1,11627
train11629,0,11628
train11630,0,11629
train11631,0,11630
train11632,0,11631
train11633,1,11632
train11634,0,11633
train11635,0,11634
train11636,1,11635
train11637,1,11636
train11638,1,11637
train11639,1,11638
train11640,1,11639
train11641,0,11640
train11642,0,11641
train11643,0,11642
train11644,0,11643
train11645,0,11644
train11646,0,11645
train11647,0,11646
train11648,1,11647
train11649,0,11648
train11650,0,11649
train11651,1,11650
train11652,1,11651
train11653,0,11652
train11654,0,11653
train11655,0,11654
train11656,0,11655
train11657,0,11656
train11658,0,11657
train11659,1,11658
train11660,0,11659
train11661,0,11660
train11662,0,11661
train11663,1,11662
train11664,0,11663
train11665,0,11664
train11666,0,11665
train11667,0,11666
train11668,0,11667
train11669,0,11668
train11670,0,11669
train11671,0,11670
train11672,0,11671
train11673,0,11672
train11674,0,11673
train11675,1,11674
train11676,0,11675
train11677,0,11676
train11678,0,11677
train11679,0,11678
train11680,0,11679
train11681,0,11680
train11682,1,11681
train11683,1,11682
train11684,0,11683
train11685,0,11684
train11686,0,11685
train11687,0,11686
train11688,0,11687
train11689,0,11688
train11690,0,11689
train11691,1,11690
train11692,1,11691
train11693,1,11692
train11694,1,11693
train11695,1,11694
train11696,0,11695
train11697,0,11696
train11698,0,11697
train11699,0,11698
train11700,0,11699
train11701,0,11700
train11702,0,11701
train11703,1,11702
train11704,0,11703
train11705,0,11704
train11706,0,11705
train11707,0,11706
train11708,0,11707
train11709,1,11708
train11710,0,11709
train11711,0,11710
train11712,0,11711
train11713,1,11712
train11714,0,11713
train11715,1,11714
train11716,1,11715
train11717,0,11716
train11718,1,11717
train11719,1,11718
train11720,1,11719
train11721,1,11720
train11722,0,11721
train11723,0,11722
train11724,0,11723
train11725,0,11724
train11726,0,11725
train11727,0,11726
train11728,0,11727
train11729,0,11728
train11730,1,11729
train11731,0,11730
train11732,0,11731
train11733,1,11732
train11734,1,11733
train11735,0,11734
train11736,0,11735
train11737,1,11736
train11738,1,11737
train11739,1,11738
train11740,0,11739
train11741,0,11740
train11742,0,11741
train11743,0,11742
train11744,0,11743
train11745,0,11744
train11746,0,11745
train11747,0,11746
train11748,0,11747
train11749,0,11748
train11750,1,11749
train11751,1,11750
train11752,1,11751
train11753,0,11752
train11754,0,11753
train11755,0,11754
train11756,0,11755
train11757,0,11756
train11758,0,11757
train11759,1,11758
train11760,0,11759
train11761,0,11760
train11762,0,11761
train11763,0,11762
train11764,0,11763
train11765,0,11764
train11766,1,11765
train11767,0,11766
train11768,1,11767
train11769,0,11768
train11770,0,11769
train11771,1,11770
train11772,1,11771
train11773,1,11772
train11774,1,11773
train11775,1,11774
train11776,0,11775
train11777,0,11776
train11778,0,11777
train11779,0,11778
train11780,1,11779
train11781,0,11780
train11782,0,11781
train11783,1,11782
train11784,0,11783
train11785,0,11784
train11786,1,11785
train11787,0,11786
train11788,1,11787
train11789,0,11788
train11790,1,11789
train11791,1,11790
train11792,0,11791
train11793,0,11792
train11794,1,11793
train11795,1,11794
train11796,0,11795
train11797,0,11796
train11798,0,11797
train11799,0,11798
train11800,0,11799
train11801,0,11800
train11802,0,11801
train11803,0,11802
train11804,0,11803
train11805,0,11804
train11806,1,11805
train11807,1,11806
train11808,1,11807
train11809,0,11808
train11810,0,11809
train11811,1,11810
train11812,0,11811
train11813,0,11812
train11814,1,11813
train11815,0,11814
train11816,0,11815
train11817,0,11816
train11818,0,11817
train11819,0,11818
train11820,0,11819
train11821,0,11820
train11822,0,11821
train11823,0,11822
train11824,1,11823
train11825,0,11824
train11826,0,11825
train11827,0,11826
train11828,0,11827
train11829,0,11828
train11830,0,11829
train11831,0,11830
train11832,0,11831
train11833,0,11832
train11834,0,11833
train11835,0,11834
train11836,0,11835
train11837,0,11836
train11838,0,11837
train11839,0,11838
train11840,0,11839
train11841,0,11840
train11842,0,11841
train11843,1,11842
train11844,1,11843
train11845,0,11844
train11846,0,11845
train11847,1,11846
train11848,0,11847
train11849,0,11848
train11850,0,11849
train11851,0,11850
train11852,0,11851
train11853,0,11852
train11854,0,11853
train11855,0,11854
train11856,0,11855
train11857,0,11856
train11858,0,11857
train11859,0,11858
train11860,0,11859
train11861,0,11860
train11862,0,11861
train11863,1,11862
train11864,1,11863
train11865,1,11864
train11866,0,11865
train11867,0,11866
train11868,0,11867
train11869,1,11868
train11870,0,11869
train11871,0,11870
train11872,0,11871
train11873,0,11872
train11874,1,11873
train11875,0,11874
train11876,0,11875
train11877,0,11876
train11878,0,11877
train11879,0,11878
train11880,0,11879
train11881,0,11880
train11882,1,11881
train11883,0,11882
train11884,0,11883
train11885,0,11884
train11886,0,11885
train11887,0,11886
train11888,0,11887
train11889,0,11888
train11890,0,11889
train11891,0,11890
train11892,0,11891
train11893,0,11892
train11894,0,11893
train11895,0,11894
train11896,0,11895
train11897,0,11896
train11898,0,11897
train11899,0,11898
train11900,0,11899
train11901,0,11900
train11902,0,11901
train11903,0,11902
train11904,0,11903
train11905,0,11904
train11906,1,11905
train11907,0,11906
train11908,0,11907
train11909,0,11908
train11910,0,11909
train11911,0,11910
train11912,0,11911
train11913,0,11912
train11914,1,11913
train11915,1,11914
train11916,1,11915
train11917,0,11916
train11918,0,11917
train11919,0,11918
train11920,0,11919
train11921,1,11920
train11922,0,11921
train11923,1,11922
train11924,1,11923
train11925,0,11924
train11926,1,11925
train11927,0,11926
train11928,0,11927
train11929,1,11928
train11930,0,11929
train11931,1,11930
train11932,1,11931
train11933,0,11932
train11934,0,11933
train11935,0,11934
train11936,0,11935
train11937,1,11936
train11938,0,11937
train11939,1,11938
train11940,1,11939
train11941,1,11940
train11942,1,11941
train11943,1,11942
train11944,0,11943
train11945,1,11944
train11946,1,11945
train11947,0,11946
train11948,1,11947
train11949,1,11948
train11950,0,11949
train11951,1,11950
train11952,0,11951
train11953,0,11952
train11954,0,11953
train11955,0,11954
train11956,0,11955
train11957,0,11956
train11958,1,11957
train11959,0,11958
train11960,0,11959
train11961,0,11960
train11962,0,11961
train11963,0,11962
train11964,0,11963
train11965,1,11964
train11966,0,11965
train11967,0,11966
train11968,1,11967
train11969,0,11968
train11970,1,11969
train11971,1,11970
train11972,0,11971
train11973,0,11972
train11974,1,11973
train11975,1,11974
train11976,0,11975
train11977,1,11976
train11978,1,11977
train11979,0,11978
train11980,0,11979
train11981,1,11980
train11982,1,11981
train11983,1,11982
train11984,0,11983
train11985,0,11984
train11986,0,11985
train11987,1,11986
train11988,1,11987
train11989,1,11988
train11990,0,11989
train11991,0,11990
train11992,1,11991
train11993,0,11992
train11994,1,11993
train11995,1,11994
train11996,0,11995
train11997,0,11996
train11998,1,11997
train11999,0,11998
train12000,1,11999
train12001,0,12000
train12002,0,12001
train12003,0,12002
train12004,0,12003
train12005,1,12004
train12006,0,12005
train12007,0,12006
train12008,0,12007
train12009,0,12008
train12010,0,12009
train12011,0,12010
train12012,0,12011
train12013,0,12012
train12014,0,12013
train12015,1,12014
train12016,0,12015
train12017,0,12016
train12018,0,12017
train12019,1,12018
train12020,1,12019
train12021,0,12020
train12022,0,12021
train12023,0,12022
train12024,1,12023
train12025,0,12024
train12026,1,12025
train12027,1,12026
train12028,0,12027
train12029,1,12028
train12030,0,12029
train12031,0,12030
train12032,0,12031
train12033,1,12032
train12034,1,12033
train12035,0,12034
train12036,0,12035
train12037,1,12036
train12038,0,12037
train12039,0,12038
train12040,0,12039
train12041,1,12040
train12042,1,12041
train12043,0,12042
train12044,0,12043
train12045,0,12044
train12046,0,12045
train12047,0,12046
train12048,0,12047
train12049,0,12048
train12050,1,12049
train12051,1,12050
train12052,0,12051
train12053,0,12052
train12054,1,12053
train12055,0,12054
train12056,1,12055
train12057,1,12056
train12058,1,12057
train12059,1,12058
train12060,0,12059
train12061,0,12060
train12062,1,12061
train12063,0,12062
train12064,1,12063
train12065,1,12064
train12066,0,12065
train12067,0,12066
train12068,0,12067
train12069,1,12068
train12070,1,12069
train12071,0,12070
train12072,1,12071
train12073,0,12072
train12074,1,12073
train12075,1,12074
train12076,0,12075
train12077,0,12076
train12078,0,12077
train12079,1,12078
train12080,0,12079
train12081,1,12080
train12082,0,12081
train12083,1,12082
train12084,1,12083
train12085,0,12084
train12086,0,12085
train12087,0,12086
train12088,1,12087
train12089,1,12088
train12090,1,12089
train12091,1,12090
train12092,0,12091
train12093,1,12092
train12094,1,12093
train12095,1,12094
train12096,1,12095
train12097,1,12096
train12098,1,12097
train12099,0,12098
train12100,1,12099
train12101,0,12100
train12102,0,12101
train12103,0,12102
train12104,0,12103
train12105,1,12104
train12106,1,12105
train12107,1,12106
train12108,1,12107
train12109,1,12108
train12110,1,12109
train12111,0,12110
train12112,1,12111
train12113,0,12112
train12114,0,12113
train12115,1,12114
train12116,0,12115
train12117,0,12116
train12118,0,12117
train12119,1,12118
train12120,0,12119
train12121,0,12120
train12122,0,12121
train12123,0,12122
train12124,0,12123
train12125,1,12124
train12126,1,12125
train12127,0,12126
train12128,1,12127
train12129,1,12128
train12130,1,12129
train12131,1,12130
train12132,1,12131
train12133,1,12132
train12134,1,12133
train12135,1,12134
train12136,1,12135
train12137,0,12136
train12138,1,12137
train12139,0,12138
train12140,1,12139
train12141,0,12140
train12142,1,12141
train12143,1,12142
train12144,1,12143
train12145,1,12144
train12146,1,12145
train12147,0,12146
train12148,1,12147
train12149,0,12148
train12150,1,12149
train12151,0,12150
train12152,0,12151
train12153,1,12152
train12154,1,12153
train12155,0,12154
train12156,0,12155
train12157,0,12156
train12158,0,12157
train12159,1,12158
train12160,0,12159
train12161,0,12160
train12162,0,12161
train12163,1,12162
train12164,1,12163
train12165,1,12164
train12166,1,12165
train12167,1,12166
train12168,1,12167
train12169,1,12168
train12170,0,12169
train12171,0,12170
train12172,0,12171
train12173,1,12172
train12174,1,12173
train12175,1,12174
train12176,1,12175
train12177,1,12176
train12178,0,12177
train12179,0,12178
train12180,0,12179
train12181,0,12180
train12182,0,12181
train12183,0,12182
train12184,0,12183
train12185,1,12184
train12186,1,12185
train12187,1,12186
train12188,1,12187
train12189,0,12188
train12190,1,12189
train12191,1,12190
train12192,1,12191
train12193,1,12192
train12194,1,12193
train12195,0,12194
train12196,1,12195
train12197,1,12196
train12198,1,12197
train12199,1,12198
train12200,1,12199
train12201,1,12200
train12202,0,12201
train12203,0,12202
train12204,1,12203
train12205,0,12204
train12206,0,12205
train12207,0,12206
train12208,0,12207
train12209,1,12208
train12210,1,12209
train12211,0,12210
train12212,1,12211
train12213,1,12212
train12214,1,12213
train12215,0,12214
train12216,0,12215
train12217,1,12216
train12218,1,12217
train12219,1,12218
train12220,0,12219
train12221,1,12220
train12222,1,12221
train12223,1,12222
train12224,0,12223
train12225,0,12224
train12226,0,12225
train12227,0,12226
train12228,0,12227
train12229,0,12228
train12230,0,12229
train12231,0,12230
train12232,0,12231
train12233,1,12232
train12234,0,12233
train12235,0,12234
train12236,0,12235
train12237,0,12236
train12238,1,12237
train12239,0,12238
train12240,0,12239
train12241,0,12240
train12242,0,12241
train12243,0,12242
train12244,0,12243
train12245,0,12244
train12246,0,12245
train12247,0,12246
train12248,0,12247
train12249,0,12248
train12250,0,12249
train12251,0,12250
train12252,0,12251
train12253,0,12252
train12254,1,12253
train12255,0,12254
train12256,0,12255
train12257,0,12256
train12258,0,12257
train12259,0,12258
train12260,0,12259
train12261,0,12260
train12262,0,12261
train12263,0,12262
train12264,0,12263
train12265,0,12264
train12266,1,12265
train12267,1,12266
train12268,1,12267
train12269,1,12268
train12270,0,12269
train12271,0,12270
train12272,0,12271
train12273,0,12272
train12274,1,12273
train12275,0,12274
train12276,0,12275
train12277,0,12276
train12278,0,12277
train12279,0,12278
train12280,1,12279
train12281,0,12280
train12282,1,12281
train12283,0,12282
train12284,1,12283
train12285,1,12284
train12286,0,12285
train12287,0,12286
train12288,1,12287
train12289,1,12288
train12290,0,12289
train12291,1,12290
train12292,1,12291
train12293,1,12292
train12294,0,12293
train12295,0,12294
train12296,0,12295
train12297,0,12296
train12298,0,12297
train12299,0,12298
train12300,1,12299
train12301,0,12300
train12302,0,12301
train12303,0,12302
train12304,1,12303
train12305,0,12304
train12306,1,12305
train12307,0,12306
train12308,0,12307
train12309,1,12308
train12310,0,12309
train12311,0,12310
train12312,0,12311
train12313,0,12312
train12314,1,12313
train12315,0,12314
train12316,0,12315
train12317,0,12316
train12318,0,12317
train12319,1,12318
train12320,0,12319
train12321,0,12320
train12322,1,12321
train12323,0,12322
train12324,1,12323
train12325,0,12324
train12326,1,12325
train12327,1,12326
train12328,1,12327
train12329,0,12328
train12330,0,12329
train12331,1,12330
train12332,1,12331
train12333,0,12332
train12334,0,12333
train12335,1,12334
train12336,1,12335
train12337,0,12336
train12338,1,12337
train12339,1,12338
train12340,0,12339
train12341,0,12340
train12342,0,12341
train12343,0,12342
train12344,1,12343
train12345,1,12344
train12346,1,12345
train12347,1,12346
train12348,1,12347
train12349,1,12348
train12350,1,12349
train12351,0,12350
train12352,0,12351
train12353,1,12352
train12354,1,12353
train12355,0,12354
train12356,0,12355
train12357,0,12356
train12358,0,12357
train12359,0,12358
train12360,0,12359
train12361,0,12360
train12362,0,12361
train12363,0,12362
train12364,0,12363
train12365,0,12364
train12366,0,12365
train12367,0,12366
train12368,1,12367
train12369,0,12368
train12370,0,12369
train12371,0,12370
train12372,1,12371
train12373,1,12372
train12374,0,12373
train12375,0,12374
train12376,0,12375
train12377,0,12376
train12378,1,12377
train12379,1,12378
train12380,1,12379
train12381,0,12380
train12382,0,12381
train12383,0,12382
train12384,0,12383
train12385,0,12384
train12386,1,12385
train12387,0,12386
train12388,1,12387
train12389,0,12388
train12390,0,12389
train12391,1,12390
train12392,0,12391
train12393,1,12392
train12394,0,12393
train12395,0,12394
train12396,1,12395
train12397,1,12396
train12398,0,12397
train12399,1,12398
train12400,1,12399
train12401,0,12400
train12402,0,12401
train12403,0,12402
train12404,1,12403
train12405,0,12404
train12406,0,12405
train12407,0,12406
train12408,0,12407
train12409,0,12408
train12410,0,12409
train12411,0,12410
train12412,0,12411
train12413,0,12412
train12414,0,12413
train12415,0,12414
train12416,0,12415
train12417,0,12416
train12418,0,12417
train12419,0,12418
train12420,0,12419
train12421,0,12420
train12422,0,12421
train12423,0,12422
train12424,0,12423
train12425,0,12424
train12426,0,12425
train12427,0,12426
train12428,0,12427
train12429,0,12428
train12430,0,12429
train12431,0,12430
train12432,0,12431
train12433,0,12432
train12434,1,12433
train12435,0,12434
train12436,0,12435
train12437,0,12436
train12438,0,12437
train12439,0,12438
train12440,0,12439
train12441,1,12440
train12442,1,12441
train12443,1,12442
train12444,0,12443
train12445,0,12444
train12446,0,12445
train12447,0,12446
train12448,0,12447
train12449,0,12448
train12450,0,12449
train12451,0,12450
train12452,0,12451
train12453,0,12452
train12454,0,12453
train12455,0,12454
train12456,0,12455
train12457,0,12456
train12458,0,12457
train12459,0,12458
train12460,0,12459
train12461,0,12460
train12462,0,12461
train12463,0,12462
train12464,0,12463
train12465,0,12464
train12466,0,12465
train12467,0,12466
train12468,0,12467
train12469,1,12468
train12470,0,12469
train12471,0,12470
train12472,0,12471
train12473,0,12472
train12474,0,12473
train12475,0,12474
train12476,0,12475
train12477,0,12476
train12478,0,12477
train12479,0,12478
train12480,0,12479
train12481,0,12480
train12482,0,12481
train12483,0,12482
train12484,0,12483
train12485,1,12484
train12486,0,12485
train12487,0,12486
train12488,0,12487
train12489,0,12488
train12490,0,12489
train12491,0,12490
train12492,0,12491
train12493,0,12492
train12494,0,12493
train12495,0,12494
train12496,0,12495
train12497,0,12496
train12498,0,12497
train12499,0,12498
train12500,0,12499
train12501,0,12500
train12502,0,12501
train12503,1,12502
train12504,0,12503
train12505,0,12504
train12506,0,12505
train12507,0,12506
train12508,0,12507
train12509,0,12508
train12510,0,12509
train12511,0,12510
train12512,0,12511
train12513,0,12512
train12514,0,12513
train12515,0,12514
train12516,0,12515
train12517,0,12516
train12518,0,12517
train12519,0,12518
train12520,0,12519
train12521,0,12520
train12522,0,12521
train12523,0,12522
train12524,1,12523
train12525,0,12524
train12526,0,12525
train12527,0,12526
train12528,0,12527
train12529,0,12528
train12530,0,12529
train12531,0,12530
train12532,0,12531
train12533,0,12532
train12534,0,12533
train12535,1,12534
train12536,0,12535
train12537,0,12536
train12538,0,12537
train12539,0,12538
train12540,0,12539
train12541,0,12540
train12542,0,12541
train12543,0,12542
train12544,0,12543
train12545,0,12544
train12546,0,12545
train12547,0,12546
train12548,0,12547
train12549,0,12548
train12550,0,12549
train12551,0,12550
train12552,0,12551
train12553,0,12552
train12554,1,12553
train12555,0,12554
train12556,0,12555
train12557,0,12556
train12558,0,12557
train12559,0,12558
train12560,0,12559
train12561,0,12560
train12562,0,12561
train12563,0,12562
train12564,0,12563
train12565,0,12564
train12566,0,12565
train12567,0,12566
train12568,0,12567
train12569,0,12568
train12570,0,12569
train12571,0,12570
train12572,0,12571
train12573,1,12572
train12574,0,12573
train12575,1,12574
train12576,0,12575
train12577,1,12576
train12578,1,12577
train12579,1,12578
train12580,0,12579
train12581,1,12580
train12582,0,12581
train12583,0,12582
train12584,1,12583
train12585,1,12584
train12586,0,12585
train12587,0,12586
train12588,1,12587
train12589,1,12588
train12590,0,12589
train12591,1,12590
train12592,1,12591
train12593,1,12592
train12594,0,12593
train12595,0,12594
train12596,0,12595
train12597,0,12596
train12598,0,12597
train12599,0,12598
train12600,0,12599
train12601,0,12600
train12602,0,12601
train12603,1,12602
train12604,0,12603
train12605,0,12604
train12606,1,12605
train12607,0,12606
train12608,0,12607
train12609,1,12608
train12610,0,12609
train12611,1,12610
train12612,0,12611
train12613,0,12612
train12614,1,12613
train12615,0,12614
train12616,1,12615
train12617,0,12616
train12618,0,12617
train12619,0,12618
train12620,0,12619
train12621,0,12620
train12622,0,12621
train12623,0,12622
train12624,0,12623
train12625,0,12624
train12626,0,12625
train12627,0,12626
train12628,0,12627
train12629,0,12628
train12630,0,12629
train12631,0,12630
train12632,0,12631
train12633,1,12632
train12634,0,12633
train12635,0,12634
train12636,0,12635
train12637,0,12636
train12638,0,12637
train12639,1,12638
train12640,1,12639
train12641,0,12640
train12642,0,12641
train12643,0,12642
train12644,0,12643
train12645,0,12644
train12646,0,12645
train12647,0,12646
train12648,0,12647
train12649,0,12648
train12650,0,12649
train12651,0,12650
train12652,0,12651
train12653,0,12652
train12654,0,12653
train12655,0,12654
train12656,0,12655
train12657,0,12656
train12658,0,12657
train12659,0,12658
train12660,0,12659
train12661,0,12660
train12662,0,12661
train12663,0,12662
train12664,0,12663
train12665,0,12664
train12666,0,12665
train12667,0,12666
train12668,0,12667
train12669,0,12668
train12670,0,12669
train12671,0,12670
train12672,0,12671
train12673,0,12672
train12674,0,12673
train12675,0,12674
train12676,0,12675
train12677,1,12676
train12678,0,12677
train12679,0,12678
train12680,0,12679
train12681,0,12680
train12682,0,12681
train12683,0,12682
train12684,1,12683
train12685,0,12684
train12686,0,12685
train12687,0,12686
train12688,0,12687
train12689,0,12688
train12690,1,12689
train12691,1,12690
train12692,0,12691
train12693,1,12692
train12694,0,12693
train12695,0,12694
train12696,1,12695
train12697,0,12696
train12698,0,12697
train12699,1,12698
train12700,0,12699
train12701,1,12700
train12702,1,12701
train12703,0,12702
train12704,0,12703
train12705,1,12704
train12706,0,12705
train12707,0,12706
train12708,1,12707
train12709,0,12708
train12710,0,12709
train12711,0,12710
train12712,0,12711
train12713,0,12712
train12714,1,12713
train12715,1,12714
train12716,0,12715
train12717,0,12716
train12718,1,12717
train12719,1,12718
train12720,1,12719
train12721,0,12720
train12722,1,12721
train12723,0,12722
train12724,1,12723
train12725,1,12724
train12726,0,12725
train12727,0,12726
train12728,0,12727
train12729,0,12728
train12730,0,12729
train12731,0,12730
train12732,0,12731
train12733,0,12732
train12734,0,12733
train12735,0,12734
train12736,0,12735
train12737,0,12736
train12738,0,12737
train12739,1,12738
train12740,0,12739
train12741,0,12740
train12742,0,12741
train12743,0,12742
train12744,0,12743
train12745,0,12744
train12746,0,12745
train12747,0,12746
train12748,0,12747
train12749,1,12748
train12750,0,12749
train12751,0,12750
train12752,0,12751
train12753,0,12752
train12754,0,12753
train12755,0,12754
train12756,0,12755
train12757,0,12756
train12758,0,12757
train12759,0,12758
train12760,0,12759
train12761,0,12760
train12762,0,12761
train12763,0,12762
train12764,0,12763
train12765,0,12764
train12766,0,12765
train12767,0,12766
train12768,0,12767
train12769,0,12768
train12770,0,12769
train12771,0,12770
train12772,0,12771
train12773,0,12772
train12774,0,12773
train12775,0,12774
train12776,0,12775
train12777,0,12776
train12778,0,12777
train12779,0,12778
train12780,0,12779
train12781,0,12780
train12782,0,12781
train12783,0,12782
train12784,0,12783
train12785,0,12784
train12786,0,12785
train12787,0,12786
train12788,0,12787
train12789,0,12788
train12790,1,12789
train12791,1,12790
train12792,1,12791
train12793,1,12792
train12794,0,12793
train12795,0,12794
train12796,1,12795
train12797,0,12796
train12798,1,12797
train12799,0,12798
train12800,0,12799
train12801,0,12800
train12802,0,12801
train12803,1,12802
train12804,0,12803
train12805,0,12804
train12806,1,12805
train12807,0,12806
train12808,0,12807
train12809,0,12808
train12810,0,12809
train12811,0,12810
train12812,0,12811
train12813,0,12812
train12814,1,12813
train12815,1,12814
train12816,1,12815
train12817,1,12816
train12818,0,12817
train12819,1,12818
train12820,0,12819
train12821,0,12820
train12822,0,12821
train12823,0,12822
train12824,0,12823
train12825,0,12824
train12826,0,12825
train12827,0,12826
train12828,0,12827
train12829,0,12828
train12830,0,12829
train12831,0,12830
train12832,0,12831
train12833,0,12832
train12834,0,12833
train12835,0,12834
train12836,0,12835
train12837,0,12836
train12838,0,12837
train12839,0,12838
train12840,0,12839
train12841,0,12840
train12842,0,12841
train12843,0,12842
train12844,0,12843
train12845,0,12844
train12846,1,12845
train12847,0,12846
train12848,0,12847
train12849,0,12848
train12850,0,12849
train12851,0,12850
train12852,0,12851
train12853,0,12852
train12854,1,12853
train12855,0,12854
train12856,1,12855
train12857,0,12856
train12858,1,12857
train12859,1,12858
train12860,0,12859
train12861,0,12860
train12862,0,12861
train12863,0,12862
train12864,0,12863
train12865,0,12864
train12866,0,12865
train12867,1,12866
train12868,0,12867
train12869,0,12868
train12870,0,12869
train12871,0,12870
train12872,0,12871
train12873,0,12872
train12874,0,12873
train12875,0,12874
train12876,0,12875
train12877,0,12876
train12878,0,12877
train12879,0,12878
train12880,0,12879
train12881,0,12880
train12882,0,12881
train12883,0,12882
train12884,0,12883
train12885,0,12884
train12886,0,12885
train12887,0,12886
train12888,0,12887
train12889,1,12888
train12890,1,12889
train12891,0,12890
train12892,0,12891
train12893,0,12892
train12894,0,12893
train12895,0,12894
train12896,0,12895
train12897,0,12896
train12898,0,12897
train12899,0,12898
train12900,0,12899
train12901,0,12900
train12902,1,12901
train12903,0,12902
train12904,0,12903
train12905,0,12904
train12906,0,12905
train12907,0,12906
train12908,0,12907
train12909,0,12908
train12910,0,12909
train12911,0,12910
train12912,0,12911
train12913,1,12912
train12914,1,12913
train12915,1,12914
train12916,0,12915
train12917,1,12916
train12918,0,12917
train12919,0,12918
train12920,1,12919
train12921,0,12920
train12922,0,12921
train12923,0,12922
train12924,0,12923
train12925,0,12924
train12926,1,12925
train12927,0,12926
train12928,1,12927
train12929,0,12928
train12930,1,12929
train12931,1,12930
train12932,0,12931
train12933,0,12932
train12934,0,12933
train12935,0,12934
train12936,0,12935
train12937,0,12936
train12938,0,12937
train12939,0,12938
train12940,0,12939
train12941,0,12940
train12942,0,12941
train12943,0,12942
train12944,0,12943
train12945,1,12944
train12946,0,12945
train12947,0,12946
train12948,1,12947
train12949,0,12948
train12950,0,12949
train12951,0,12950
train12952,1,12951
train12953,0,12952
train12954,0,12953
train12955,0,12954
train12956,0,12955
train12957,0,12956
train12958,0,12957
train12959,0,12958
train12960,0,12959
train12961,0,12960
train12962,0,12961
train12963,0,12962
train12964,1,12963
train12965,0,12964
train12966,0,12965
train12967,0,12966
train12968,0,12967
train12969,0,12968
train12970,0,12969
train12971,0,12970
train12972,1,12971
train12973,0,12972
train12974,1,12973
train12975,0,12974
train12976,0,12975
train12977,1,12976
train12978,0,12977
train12979,0,12978
train12980,0,12979
train12981,0,12980
train12982,0,12981
train12983,0,12982
train12984,0,12983
train12985,0,12984
train12986,1,12985
train12987,0,12986
train12988,1,12987
train12989,0,12988
train12990,1,12989
train12991,1,12990
train12992,0,12991
train12993,0,12992
train12994,0,12993
train12995,1,12994
train12996,0,12995
train12997,0,12996
train12998,0,12997
train12999,1,12998
train13000,1,12999
train13001,0,13000
train13002,0,13001
train13003,0,13002
train13004,0,13003
train13005,0,13004
train13006,0,13005
train13007,0,13006
train13008,0,13007
train13009,0,13008
train13010,0,13009
train13011,0,13010
train13012,1,13011
train13013,0,13012
train13014,0,13013
train13015,0,13014
train13016,0,13015
train13017,0,13016
train13018,0,13017
train13019,0,13018
train13020,1,13019
train13021,0,13020
train13022,0,13021
train13023,0,13022
train13024,0,13023
train13025,0,13024
train13026,0,13025
train13027,0,13026
train13028,0,13027
train13029,0,13028
train13030,0,13029
train13031,0,13030
train13032,0,13031
train13033,0,13032
train13034,0,13033
train13035,0,13034
train13036,0,13035
train13037,0,13036
train13038,0,13037
train13039,0,13038
train13040,0,13039
train13041,0,13040
train13042,0,13041
train13043,0,13042
train13044,0,13043
train13045,0,13044
train13046,0,13045
train13047,0,13046
train13048,1,13047
train13049,1,13048
train13050,0,13049
train13051,0,13050
train13052,0,13051
train13053,1,13052
train13054,0,13053
train13055,0,13054
train13056,0,13055
train13057,0,13056
train13058,0,13057
train13059,0,13058
train13060,0,13059
train13061,0,13060
train13062,0,13061
train13063,0,13062
train13064,0,13063
train13065,0,13064
train13066,0,13065
train13067,0,13066
train13068,0,13067
train13069,0,13068
train13070,0,13069
train13071,0,13070
train13072,0,13071
train13073,0,13072
train13074,0,13073
train13075,0,13074
train13076,0,13075
train13077,0,13076
train13078,0,13077
train13079,1,13078
train13080,0,13079
train13081,0,13080
train13082,0,13081
train13083,0,13082
train13084,0,13083
train13085,0,13084
train13086,1,13085
train13087,0,13086
train13088,0,13087
train13089,0,13088
train13090,0,13089
train13091,0,13090
train13092,0,13091
train13093,0,13092
train13094,0,13093
train13095,0,13094
train13096,0,13095
train13097,0,13096
train13098,0,13097
train13099,0,13098
train13100,0,13099
train13101,0,13100
train13102,0,13101
train13103,0,13102
train13104,0,13103
train13105,0,13104
train13106,0,13105
train13107,0,13106
train13108,0,13107
train13109,0,13108
train13110,0,13109
train13111,0,13110
train13112,0,13111
train13113,0,13112
train13114,0,13113
train13115,0,13114
train13116,0,13115
train13117,0,13116
train13118,0,13117
train13119,0,13118
train13120,0,13119
train13121,0,13120
train13122,0,13121
train13123,0,13122
train13124,0,13123
train13125,0,13124
train13126,0,13125
train13127,0,13126
train13128,0,13127
train13129,0,13128
train13130,0,13129
train13131,0,13130
train13132,0,13131
train13133,0,13132
train13134,0,13133
train13135,0,13134
train13136,0,13135
train13137,0,13136
train13138,0,13137
train13139,0,13138
train13140,0,13139
train13141,0,13140
train13142,0,13141
train13143,0,13142
train13144,0,13143
train13145,0,13144
train13146,0,13145
train13147,0,13146
train13148,0,13147
train13149,0,13148
train13150,0,13149
train13151,0,13150
train13152,0,13151
train13153,0,13152
train13154,1,13153
train13155,0,13154
train13156,0,13155
train13157,1,13156
train13158,0,13157
train13159,0,13158
train13160,0,13159
train13161,0,13160
train13162,0,13161
train13163,1,13162
train13164,0,13163
train13165,0,13164
train13166,0,13165
train13167,0,13166
train13168,0,13167
train13169,0,13168
train13170,0,13169
train13171,0,13170
train13172,0,13171
train13173,0,13172
train13174,0,13173
train13175,0,13174
train13176,0,13175
train13177,0,13176
train13178,0,13177
train13179,0,13178
train13180,0,13179
train13181,0,13180
train13182,0,13181
train13183,1,13182
train13184,1,13183
train13185,0,13184
train13186,1,13185
train13187,1,13186
train13188,1,13187
train13189,0,13188
train13190,0,13189
train13191,1,13190
train13192,1,13191
train13193,1,13192
train13194,1,13193
train13195,1,13194
train13196,0,13195
train13197,0,13196
train13198,0,13197
train13199,0,13198
train13200,0,13199
train13201,0,13200
train13202,0,13201
train13203,0,13202
train13204,0,13203
train13205,0,13204
train13206,0,13205
train13207,0,13206
train13208,0,13207
train13209,0,13208
train13210,0,13209
train13211,0,13210
train13212,0,13211
train13213,0,13212
train13214,0,13213
train13215,0,13214
train13216,0,13215
train13217,0,13216
train13218,0,13217
train13219,0,13218
train13220,0,13219
train13221,0,13220
train13222,0,13221
train13223,0,13222
train13224,0,13223
train13225,0,13224
train13226,0,13225
train13227,0,13226
train13228,0,13227
train13229,0,13228
train13230,1,13229
train13231,1,13230
train13232,1,13231
train13233,1,13232
train13234,0,13233
train13235,0,13234
train13236,1,13235
train13237,1,13236
train13238,1,13237
train13239,1,13238
train13240,0,13239
train13241,0,13240
train13242,0,13241
train13243,0,13242
train13244,0,13243
train13245,1,13244
train13246,0,13245
train13247,0,13246
train13248,0,13247
train13249,0,13248
train13250,0,13249
train13251,0,13250
train13252,0,13251
train13253,0,13252
train13254,0,13253
train13255,0,13254
train13256,0,13255
train13257,0,13256
train13258,0,13257
train13259,0,13258
train13260,0,13259
train13261,0,13260
train13262,0,13261
train13263,0,13262
train13264,0,13263
train13265,0,13264
train13266,0,13265
train13267,0,13266
train13268,0,13267
train13269,0,13268
train13270,0,13269
train13271,0,13270
train13272,0,13271
train13273,0,13272
train13274,0,13273
train13275,0,13274
train13276,0,13275
train13277,0,13276
train13278,0,13277
train13279,0,13278
train13280,0,13279
train13281,1,13280
train13282,0,13281
train13283,0,13282
train13284,0,13283
train13285,0,13284
train13286,0,13285
train13287,1,13286
train13288,0,13287
train13289,0,13288
train13290,0,13289
train13291,0,13290
train13292,0,13291
train13293,0,13292
train13294,0,13293
train13295,0,13294
train13296,0,13295
train13297,0,13296
train13298,0,13297
train13299,0,13298
train13300,0,13299
train13301,0,13300
train13302,0,13301
train13303,0,13302
train13304,0,13303
train13305,0,13304
train13306,0,13305
train13307,0,13306
train13308,0,13307
train13309,0,13308
train13310,0,13309
train13311,0,13310
train13312,1,13311
train13313,0,13312
train13314,0,13313
train13315,0,13314
train13316,1,13315
train13317,0,13316
train13318,0,13317
train13319,0,13318
train13320,0,13319
train13321,0,13320
train13322,0,13321
train13323,0,13322
train13324,0,13323
train13325,0,13324
train13326,0,13325
train13327,0,13326
train13328,0,13327
train13329,0,13328
train13330,0,13329
train13331,0,13330
train13332,0,13331
train13333,0,13332
train13334,0,13333
train13335,0,13334
train13336,0,13335
train13337,1,13336
train13338,1,13337
train13339,0,13338
train13340,0,13339
train13341,0,13340
train13342,0,13341
train13343,0,13342
train13344,0,13343
train13345,0,13344
train13346,0,13345
train13347,1,13346
train13348,0,13347
train13349,1,13348
train13350,0,13349
train13351,0,13350
train13352,0,13351
train13353,0,13352
train13354,0,13353
train13355,0,13354
train13356,0,13355
train13357,0,13356
train13358,0,13357
train13359,0,13358
train13360,0,13359
train13361,0,13360
train13362,0,13361
train13363,0,13362
train13364,0,13363
train13365,0,13364
train13366,0,13365
train13367,0,13366
train13368,0,13367
train13369,0,13368
train13370,0,13369
train13371,0,13370
train13372,0,13371
train13373,0,13372
train13374,0,13373
train13375,0,13374
train13376,0,13375
train13377,0,13376
train13378,0,13377
train13379,0,13378
train13380,0,13379
train13381,0,13380
train13382,0,13381
train13383,0,13382
train13384,0,13383
train13385,0,13384
train13386,0,13385
train13387,0,13386
train13388,0,13387
train13389,0,13388
train13390,0,13389
train13391,0,13390
train13392,0,13391
train13393,0,13392
train13394,0,13393
train13395,0,13394
train13396,0,13395
train13397,0,13396
train13398,0,13397
train13399,0,13398
train13400,0,13399
train13401,0,13400
train13402,0,13401
train13403,0,13402
train13404,0,13403
train13405,0,13404
train13406,0,13405
train13407,0,13406
train13408,0,13407
train13409,0,13408
train13410,0,13409
train13411,0,13410
train13412,0,13411
train13413,0,13412
train13414,0,13413
train13415,0,13414
train13416,0,13415
train13417,0,13416
train13418,0,13417
train13419,0,13418
train13420,0,13419
train13421,0,13420
train13422,0,13421
train13423,0,13422
train13424,0,13423
train13425,0,13424
train13426,0,13425
train13427,0,13426
train13428,0,13427
train13429,0,13428
train13430,0,13429
train13431,0,13430
train13432,0,13431
train13433,0,13432
train13434,0,13433
train13435,0,13434
train13436,0,13435
train13437,0,13436
train13438,0,13437
train13439,0,13438
train13440,0,13439
train13441,0,13440
train13442,0,13441
train13443,0,13442
train13444,0,13443
train13445,0,13444
train13446,0,13445
train13447,0,13446
train13448,0,13447
train13449,0,13448
train13450,0,13449
train13451,0,13450
train13452,0,13451
train13453,0,13452
train13454,0,13453
train13455,0,13454
train13456,0,13455
train13457,0,13456
train13458,0,13457
train13459,0,13458
train13460,0,13459
train13461,0,13460
train13462,0,13461
train13463,0,13462
train13464,0,13463
train13465,0,13464
train13466,0,13465
train13467,0,13466
train13468,0,13467
train13469,0,13468
train13470,0,13469
train13471,0,13470
train13472,0,13471
train13473,0,13472
train13474,0,13473
train13475,0,13474
train13476,0,13475
train13477,0,13476
train13478,0,13477
train13479,0,13478
train13480,0,13479
train13481,0,13480
train13482,0,13481
train13483,0,13482
train13484,0,13483
train13485,0,13484
train13486,0,13485
train13487,0,13486
train13488,0,13487
train13489,0,13488
train13490,0,13489
train13491,0,13490
train13492,0,13491
train13493,0,13492
train13494,0,13493
train13495,0,13494
train13496,0,13495
train13497,0,13496
train13498,0,13497
train13499,0,13498
train13500,0,13499
train13501,0,13500
train13502,0,13501
train13503,0,13502
train13504,0,13503
train13505,0,13504
train13506,0,13505
train13507,0,13506
train13508,0,13507
train13509,0,13508
train13510,0,13509
train13511,0,13510
train13512,0,13511
train13513,0,13512
train13514,0,13513
train13515,0,13514
train13516,0,13515
train13517,0,13516
train13518,0,13517
train13519,0,13518
train13520,0,13519
train13521,0,13520
train13522,0,13521
train13523,0,13522
train13524,0,13523
train13525,0,13524
train13526,0,13525
train13527,0,13526
train13528,0,13527
train13529,0,13528
train13530,0,13529
train13531,0,13530
train13532,0,13531
train13533,0,13532
train13534,0,13533
train13535,0,13534
train13536,0,13535
train13537,0,13536
train13538,0,13537
train13539,0,13538
train13540,0,13539
train13541,0,13540
train13542,0,13541
train13543,0,13542
train13544,0,13543
train13545,0,13544
train13546,0,13545
train13547,0,13546
train13548,0,13547
train13549,0,13548
train13550,0,13549
train13551,0,13550
train13552,0,13551
train13553,0,13552
train13554,0,13553
train13555,0,13554
train13556,0,13555
train13557,0,13556
train13558,0,13557
train13559,0,13558
train13560,0,13559
train13561,0,13560
train13562,0,13561
train13563,0,13562
train13564,0,13563
train13565,0,13564
train13566,0,13565
train13567,0,13566
train13568,0,13567
train13569,0,13568
train13570,0,13569
train13571,0,13570
train13572,0,13571
train13573,0,13572
train13574,0,13573
train13575,0,13574
train13576,0,13575
train13577,0,13576
train13578,0,13577
train13579,0,13578
train13580,0,13579
train13581,0,13580
train13582,0,13581
train13583,0,13582
train13584,0,13583
train13585,0,13584
train13586,0,13585
train13587,0,13586
train13588,0,13587
train13589,0,13588
train13590,0,13589
train13591,0,13590
train13592,0,13591
train13593,0,13592
train13594,0,13593
train13595,0,13594
train13596,0,13595
train13597,0,13596
train13598,0,13597
train13599,0,13598
train13600,0,13599
train13601,0,13600
train13602,0,13601
train13603,0,13602
train13604,0,13603
train13605,0,13604
train13606,0,13605
train13607,0,13606
train13608,0,13607
train13609,0,13608
train13610,0,13609
train13611,0,13610
train13612,0,13611
train13613,0,13612
train13614,0,13613
train13615,0,13614
train13616,0,13615
train13617,0,13616
train13618,0,13617
train13619,0,13618
train13620,0,13619
train13621,0,13620
train13622,0,13621
train13623,0,13622
train13624,0,13623
train13625,0,13624
train13626,0,13625
train13627,0,13626
train13628,0,13627
train13629,0,13628
train13630,0,13629
train13631,0,13630
train13632,0,13631
train13633,0,13632
train13634,0,13633
train13635,0,13634
train13636,0,13635
train13637,0,13636
train13638,0,13637
train13639,0,13638
train13640,0,13639
train13641,0,13640
train13642,0,13641
train13643,0,13642
train13644,0,13643
train13645,0,13644
train13646,0,13645
train13647,0,13646
train13648,0,13647
train13649,0,13648
train13650,0,13649
train13651,0,13650
train13652,0,13651
train13653,0,13652
train13654,0,13653
train13655,0,13654
train13656,0,13655
train13657,0,13656
train13658,0,13657
train13659,0,13658
train13660,0,13659
train13661,0,13660
train13662,0,13661
train13663,0,13662
train13664,0,13663
train13665,0,13664
train13666,0,13665
train13667,0,13666
train13668,0,13667
train13669,0,13668
train13670,0,13669
train13671,0,13670
train13672,0,13671
train13673,0,13672
train13674,0,13673
train13675,0,13674
train13676,0,13675
train13677,0,13676
train13678,0,13677
train13679,0,13678
train13680,0,13679
train13681,0,13680
train13682,0,13681
train13683,0,13682
train13684,0,13683
train13685,0,13684
train13686,0,13685
train13687,0,13686
train13688,0,13687
train13689,0,13688
train13690,0,13689
train13691,0,13690
train13692,0,13691
train13693,0,13692
train13694,0,13693
train13695,0,13694
train13696,0,13695
train13697,0,13696
train13698,0,13697
train13699,0,13698
train13700,0,13699
train13701,0,13700
train13702,0,13701
train13703,0,13702
train13704,0,13703
train13705,0,13704
train13706,0,13705
train13707,0,13706
train13708,0,13707
train13709,0,13708
train13710,0,13709
train13711,0,13710
train13712,0,13711
train13713,0,13712
train13714,0,13713
train13715,0,13714
train13716,0,13715
train13717,0,13716
train13718,0,13717
train13719,0,13718
train13720,0,13719
train13721,0,13720
train13722,0,13721
train13723,0,13722
train13724,0,13723
train13725,0,13724
train13726,0,13725
train13727,0,13726
train13728,0,13727
train13729,0,13728
train13730,0,13729
train13731,0,13730
train13732,0,13731
train13733,0,13732
train13734,0,13733
train13735,1,13734
train13736,0,13735
train13737,0,13736
train13738,0,13737
train13739,0,13738
train13740,0,13739
train13741,0,13740
train13742,0,13741
train13743,0,13742
train13744,0,13743
train13745,0,13744
train13746,0,13745
train13747,0,13746
train13748,0,13747
train13749,0,13748
train13750,0,13749
train13751,0,13750
train13752,0,13751
train13753,0,13752
train13754,0,13753
train13755,0,13754
train13756,0,13755
train13757,0,13756
train13758,0,13757
train13759,0,13758
train13760,0,13759
train13761,0,13760
train13762,0,13761
train13763,0,13762
train13764,0,13763
train13765,0,13764
train13766,0,13765
train13767,0,13766
train13768,0,13767
train13769,0,13768
train13770,0,13769
train13771,0,13770
train13772,0,13771
train13773,0,13772
train13774,0,13773
train13775,0,13774
train13776,0,13775
train13777,0,13776
train13778,0,13777
train13779,0,13778
train13780,0,13779
train13781,0,13780
train13782,0,13781
train13783,0,13782
train13784,0,13783
train13785,0,13784
train13786,0,13785
train13787,0,13786
train13788,0,13787
train13789,0,13788
train13790,0,13789
train13791,0,13790
train13792,0,13791
train13793,0,13792
train13794,0,13793
train13795,0,13794
train13796,0,13795
train13797,0,13796
train13798,0,13797
train13799,0,13798
train13800,0,13799
train13801,0,13800
train13802,0,13801
train13803,0,13802
train13804,0,13803
train13805,0,13804
train13806,0,13805
train13807,0,13806
train13808,0,13807
train13809,0,13808
train13810,0,13809
train13811,0,13810
train13812,0,13811
train13813,0,13812
train13814,0,13813
train13815,0,13814
train13816,0,13815
train13817,0,13816
train13818,0,13817
train13819,0,13818
train13820,0,13819
train13821,0,13820
train13822,0,13821
train13823,0,13822
train13824,0,13823
train13825,0,13824
train13826,0,13825
train13827,0,13826
train13828,0,13827
train13829,0,13828
train13830,0,13829
train13831,0,13830
train13832,0,13831
train13833,0,13832
train13834,0,13833
train13835,1,13834
train13836,0,13835
train13837,0,13836
train13838,0,13837
train13839,0,13838
train13840,0,13839
train13841,0,13840
train13842,0,13841
train13843,0,13842
train13844,0,13843
train13845,0,13844
train13846,0,13845
train13847,0,13846
train13848,0,13847
train13849,0,13848
train13850,0,13849
train13851,0,13850
train13852,0,13851
train13853,0,13852
train13854,0,13853
train13855,0,13854
train13856,0,13855
train13857,0,13856
train13858,0,13857
train13859,0,13858
train13860,0,13859
train13861,0,13860
train13862,0,13861
train13863,0,13862
train13864,0,13863
train13865,0,13864
train13866,0,13865
train13867,0,13866
train13868,0,13867
train13869,0,13868
train13870,0,13869
train13871,0,13870
train13872,0,13871
train13873,0,13872
train13874,0,13873
train13875,0,13874
train13876,0,13875
train13877,0,13876
train13878,0,13877
train13879,0,13878
train13880,0,13879
train13881,0,13880
train13882,0,13881
train13883,0,13882
train13884,0,13883
train13885,0,13884
train13886,0,13885
train13887,0,13886
train13888,0,13887
train13889,0,13888
train13890,0,13889
train13891,0,13890
train13892,0,13891
train13893,0,13892
train13894,0,13893
train13895,0,13894
train13896,0,13895
train13897,0,13896
train13898,0,13897
train13899,0,13898
train13900,0,13899
train13901,0,13900
train13902,0,13901
train13903,0,13902
train13904,0,13903
train13905,0,13904
train13906,0,13905
train13907,0,13906
train13908,0,13907
train13909,0,13908
train13910,0,13909
train13911,0,13910
train13912,1,13911
train13913,0,13912
train13914,0,13913
train13915,0,13914
train13916,0,13915
train13917,0,13916
train13918,0,13917
train13919,0,13918
train13920,0,13919
train13921,0,13920
train13922,0,13921
train13923,0,13922
train13924,0,13923
train13925,0,13924
train13926,0,13925
train13927,0,13926
train13928,0,13927
train13929,0,13928
train13930,0,13929
train13931,0,13930
train13932,0,13931
train13933,0,13932
train13934,0,13933
train13935,0,13934
train13936,0,13935
train13937,0,13936
train13938,0,13937
train13939,0,13938
train13940,0,13939
train13941,0,13940
train13942,0,13941
train13943,0,13942
train13944,0,13943
train13945,0,13944
train13946,0,13945
train13947,0,13946
train13948,0,13947
train13949,0,13948
train13950,0,13949
train13951,0,13950
train13952,0,13951
train13953,0,13952
train13954,0,13953
train13955,0,13954
train13956,0,13955
train13957,0,13956
train13958,0,13957
train13959,0,13958
train13960,0,13959
train13961,0,13960
train13962,0,13961
train13963,0,13962
train13964,0,13963
train13965,0,13964
train13966,0,13965
train13967,0,13966
train13968,0,13967
train13969,0,13968
train13970,0,13969
train13971,0,13970
train13972,0,13971
train13973,0,13972
train13974,0,13973
train13975,0,13974
train13976,0,13975
train13977,0,13976
train13978,0,13977
train13979,0,13978
train13980,0,13979
train13981,0,13980
train13982,1,13981
train13983,1,13982
train13984,1,13983
train13985,1,13984
train13986,0,13985
train13987,0,13986
train13988,0,13987
train13989,0,13988
train13990,0,13989
train13991,0,13990
train13992,0,13991
train13993,0,13992
train13994,0,13993
train13995,0,13994
train13996,0,13995
train13997,1,13996
train13998,0,13997
train13999,0,13998
train14000,0,13999
train14001,0,14000
train14002,1,14001
train14003,0,14002
train14004,0,14003
train14005,0,14004
train14006,0,14005
train14007,0,14006
train14008,0,14007
train14009,0,14008
train14010,0,14009
train14011,0,14010
train14012,0,14011
train14013,0,14012
train14014,0,14013
train14015,0,14014
train14016,0,14015
train14017,0,14016
train14018,0,14017
train14019,0,14018
train14020,0,14019
train14021,0,14020
train14022,0,14021
train14023,0,14022
train14024,0,14023
train14025,0,14024
train14026,0,14025
train14027,0,14026
train14028,0,14027
train14029,0,14028
train14030,0,14029
train14031,0,14030
train14032,0,14031
train14033,0,14032
train14034,0,14033
train14035,0,14034
train14036,0,14035
train14037,0,14036
train14038,0,14037
train14039,0,14038
train14040,0,14039
train14041,0,14040
train14042,0,14041
train14043,0,14042
train14044,0,14043
train14045,0,14044
train14046,0,14045
train14047,0,14046
train14048,0,14047
train14049,0,14048
train14050,0,14049
train14051,0,14050
train14052,0,14051
train14053,0,14052
train14054,0,14053
train14055,0,14054
train14056,0,14055
train14057,0,14056
train14058,1,14057
train14059,0,14058
train14060,0,14059
train14061,0,14060
train14062,0,14061
train14063,0,14062
train14064,0,14063
train14065,0,14064
train14066,0,14065
train14067,0,14066
train14068,0,14067
train14069,0,14068
train14070,0,14069
train14071,0,14070
train14072,1,14071
train14073,1,14072
train14074,0,14073
train14075,0,14074
train14076,0,14075
train14077,0,14076
train14078,0,14077
train14079,0,14078
train14080,0,14079
train14081,0,14080
train14082,1,14081
train14083,0,14082
train14084,0,14083
train14085,0,14084
train14086,0,14085
train14087,0,14086
train14088,0,14087
train14089,0,14088
train14090,0,14089
train14091,0,14090
train14092,0,14091
train14093,0,14092
train14094,0,14093
train14095,0,14094
train14096,0,14095
train14097,0,14096
train14098,0,14097
train14099,0,14098
train14100,0,14099
train14101,0,14100
train14102,0,14101
train14103,0,14102
train14104,0,14103
train14105,0,14104
train14106,0,14105
train14107,0,14106
train14108,0,14107
train14109,0,14108
train14110,0,14109
train14111,0,14110
train14112,0,14111
train14113,0,14112
train14114,0,14113
train14115,0,14114
train14116,0,14115
train14117,0,14116
train14118,1,14117
train14119,0,14118
train14120,0,14119
train14121,0,14120
train14122,0,14121
train14123,0,14122
train14124,0,14123
train14125,0,14124
train14126,0,14125
train14127,0,14126
train14128,0,14127
train14129,0,14128
train14130,0,14129
train14131,0,14130
train14132,0,14131
train14133,0,14132
train14134,0,14133
train14135,1,14134
train14136,0,14135
train14137,0,14136
train14138,0,14137
train14139,0,14138
train14140,0,14139
train14141,0,14140
train14142,0,14141
train14143,0,14142
train14144,0,14143
train14145,0,14144
train14146,0,14145
train14147,0,14146
train14148,0,14147
train14149,0,14148
train14150,0,14149
train14151,0,14150
train14152,0,14151
train14153,0,14152
train14154,0,14153
train14155,0,14154
train14156,0,14155
train14157,0,14156
train14158,0,14157
train14159,0,14158
train14160,0,14159
train14161,0,14160
train14162,0,14161
train14163,0,14162
train14164,1,14163
train14165,0,14164
train14166,0,14165
train14167,0,14166
train14168,0,14167
train14169,0,14168
train14170,0,14169
train14171,0,14170
train14172,0,14171
train14173,0,14172
train14174,0,14173
train14175,0,14174
train14176,0,14175
train14177,0,14176
train14178,0,14177
train14179,0,14178
train14180,0,14179
train14181,0,14180
train14182,0,14181
train14183,0,14182
train14184,0,14183
train14185,1,14184
train14186,0,14185
train14187,0,14186
train14188,0,14187
train14189,0,14188
train14190,0,14189
train14191,0,14190
train14192,0,14191
train14193,0,14192
train14194,0,14193
train14195,0,14194
train14196,0,14195
train14197,0,14196
train14198,0,14197
train14199,0,14198
train14200,0,14199
train14201,0,14200
train14202,0,14201
train14203,0,14202
train14204,0,14203
train14205,0,14204
train14206,0,14205
train14207,0,14206
train14208,0,14207
train14209,0,14208
train14210,0,14209
train14211,0,14210
train14212,0,14211
train14213,0,14212
train14214,0,14213
train14215,0,14214
train14216,0,14215
train14217,0,14216
train14218,0,14217
train14219,0,14218
train14220,0,14219
train14221,0,14220
train14222,0,14221
train14223,0,14222
train14224,0,14223
train14225,0,14224
train14226,0,14225
train14227,0,14226
train14228,0,14227
train14229,0,14228
train14230,1,14229
train14231,0,14230
train14232,0,14231
train14233,0,14232
train14234,0,14233
train14235,0,14234
train14236,0,14235
train14237,0,14236
train14238,0,14237
train14239,0,14238
train14240,0,14239
train14241,0,14240
train14242,0,14241
train14243,0,14242
train14244,0,14243
train14245,0,14244
train14246,0,14245
train14247,0,14246
train14248,0,14247
train14249,0,14248
train14250,0,14249
train14251,0,14250
train14252,0,14251
train14253,1,14252
train14254,0,14253
train14255,1,14254
train14256,0,14255
train14257,0,14256
train14258,1,14257
train14259,0,14258
train14260,1,14259
train14261,1,14260
train14262,0,14261
train14263,1,14262
train14264,0,14263
train14265,0,14264
train14266,0,14265
train14267,0,14266
train14268,0,14267
train14269,0,14268
train14270,1,14269
train14271,0,14270
train14272,0,14271
train14273,0,14272
train14274,0,14273
train14275,0,14274
train14276,0,14275
train14277,0,14276
train14278,0,14277
train14279,0,14278
train14280,0,14279
train14281,0,14280
train14282,0,14281
train14283,0,14282
train14284,0,14283
train14285,0,14284
train14286,0,14285
train14287,0,14286
train14288,0,14287
train14289,0,14288
train14290,0,14289
train14291,0,14290
train14292,0,14291
train14293,0,14292
train14294,0,14293
train14295,0,14294
train14296,0,14295
train14297,0,14296
train14298,0,14297
train14299,0,14298
train14300,0,14299
train14301,0,14300
train14302,0,14301
train14303,0,14302
train14304,0,14303
train14305,0,14304
train14306,0,14305
train14307,0,14306
train14308,0,14307
train14309,0,14308
train14310,0,14309
train14311,0,14310
train14312,0,14311
train14313,0,14312
train14314,0,14313
train14315,0,14314
train14316,0,14315
train14317,0,14316
train14318,0,14317
train14319,0,14318
train14320,0,14319
train14321,0,14320
train14322,0,14321
train14323,0,14322
train14324,0,14323
train14325,0,14324
train14326,1,14325
train14327,0,14326
train14328,0,14327
train14329,0,14328
train14330,0,14329
train14331,0,14330
train14332,0,14331
train14333,0,14332
train14334,0,14333
train14335,0,14334
train14336,0,14335
train14337,0,14336
train14338,0,14337
train14339,0,14338
train14340,0,14339
train14341,0,14340
train14342,0,14341
train14343,0,14342
train14344,0,14343
train14345,0,14344
train14346,0,14345
train14347,0,14346
train14348,0,14347
train14349,0,14348
train14350,0,14349
train14351,0,14350
train14352,0,14351
train14353,0,14352
train14354,0,14353
train14355,0,14354
train14356,0,14355
train14357,0,14356
train14358,0,14357
train14359,0,14358
train14360,0,14359
train14361,0,14360
train14362,0,14361
train14363,0,14362
train14364,0,14363
train14365,0,14364
train14366,0,14365
train14367,0,14366
train14368,0,14367
train14369,0,14368
train14370,0,14369
train14371,0,14370
train14372,0,14371
train14373,0,14372
train14374,0,14373
train14375,0,14374
train14376,0,14375
train14377,0,14376
train14378,0,14377
train14379,0,14378
train14380,0,14379
train14381,0,14380
train14382,0,14381
train14383,0,14382
train14384,0,14383
train14385,0,14384
train14386,0,14385
train14387,0,14386
train14388,0,14387
train14389,0,14388
train14390,0,14389
train14391,0,14390
train14392,0,14391
train14393,0,14392
train14394,0,14393
train14395,0,14394
train14396,0,14395
train14397,0,14396
train14398,0,14397
train14399,0,14398
train14400,0,14399
train14401,0,14400
train14402,0,14401
train14403,0,14402
train14404,0,14403
train14405,0,14404
train14406,0,14405
train14407,0,14406
train14408,0,14407
train14409,0,14408
train14410,0,14409
train14411,0,14410
train14412,0,14411
train14413,0,14412
train14414,0,14413
train14415,0,14414
train14416,0,14415
train14417,0,14416
train14418,0,14417
train14419,0,14418
train14420,0,14419
train14421,0,14420
train14422,0,14421
train14423,0,14422
train14424,0,14423
train14425,1,14424
train14426,0,14425
train14427,0,14426
train14428,0,14427
train14429,0,14428
train14430,0,14429
train14431,0,14430
train14432,0,14431
train14433,0,14432
train14434,0,14433
train14435,0,14434
train14436,0,14435
train14437,0,14436
train14438,0,14437
train14439,0,14438
train14440,0,14439
train14441,0,14440
train14442,0,14441
train14443,0,14442
train14444,0,14443
train14445,0,14444
train14446,1,14445
train14447,1,14446
train14448,0,14447
train14449,0,14448
train14450,0,14449
train14451,0,14450
train14452,0,14451
train14453,0,14452
train14454,0,14453
train14455,0,14454
train14456,0,14455
train14457,0,14456
train14458,0,14457
train14459,0,14458
train14460,0,14459
train14461,0,14460
train14462,0,14461
train14463,0,14462
train14464,0,14463
train14465,0,14464
train14466,0,14465
train14467,0,14466
train14468,0,14467
train14469,0,14468
train14470,0,14469
train14471,0,14470
train14472,0,14471
train14473,0,14472
train14474,0,14473
train14475,0,14474
train14476,0,14475
train14477,0,14476
train14478,0,14477
train14479,0,14478
train14480,0,14479
train14481,0,14480
train14482,0,14481
train14483,1,14482
train14484,1,14483
train14485,1,14484
train14486,1,14485
train14487,0,14486
train14488,0,14487
train14489,0,14488
train14490,0,14489
train14491,0,14490
train14492,0,14491
train14493,0,14492
train14494,0,14493
train14495,0,14494
train14496,0,14495
train14497,0,14496
train14498,0,14497
train14499,0,14498
train14500,0,14499
train14501,1,14500
train14502,0,14501
train14503,0,14502
train14504,0,14503
train14505,0,14504
train14506,0,14505
train14507,0,14506
train14508,0,14507
train14509,0,14508
train14510,0,14509
train14511,0,14510
train14512,0,14511
train14513,0,14512
train14514,0,14513
train14515,1,14514
train14516,0,14515
train14517,0,14516
train14518,0,14517
train14519,0,14518
train14520,0,14519
train14521,0,14520
train14522,0,14521
train14523,0,14522
train14524,1,14523
train14525,0,14524
train14526,0,14525
train14527,0,14526
train14528,0,14527
train14529,0,14528
train14530,0,14529
train14531,0,14530
train14532,0,14531
train14533,0,14532
train14534,0,14533
train14535,0,14534
train14536,0,14535
train14537,0,14536
train14538,0,14537
train14539,0,14538
train14540,0,14539
train14541,0,14540
train14542,0,14541
train14543,0,14542
train14544,0,14543
train14545,0,14544
train14546,0,14545
train14547,0,14546
train14548,0,14547
train14549,0,14548
train14550,0,14549
train14551,0,14550
train14552,0,14551
train14553,0,14552
train14554,0,14553
train14555,0,14554
train14556,0,14555
train14557,0,14556
train14558,0,14557
train14559,0,14558
train14560,0,14559
train14561,0,14560
train14562,0,14561
train14563,0,14562
train14564,0,14563
train14565,0,14564
train14566,0,14565
train14567,0,14566
train14568,0,14567
train14569,0,14568
train14570,0,14569
train14571,0,14570
train14572,0,14571
train14573,0,14572
train14574,0,14573
train14575,0,14574
train14576,0,14575
train14577,0,14576
train14578,0,14577
train14579,0,14578
train14580,0,14579
train14581,0,14580
train14582,0,14581
train14583,0,14582
train14584,0,14583
train14585,0,14584
train14586,0,14585
train14587,0,14586
train14588,0,14587
train14589,0,14588
train14590,0,14589
train14591,0,14590
train14592,0,14591
train14593,0,14592
train14594,0,14593
train14595,0,14594
train14596,0,14595
train14597,0,14596
train14598,0,14597
train14599,0,14598
train14600,0,14599
train14601,0,14600
train14602,0,14601
train14603,0,14602
train14604,0,14603
train14605,0,14604
train14606,0,14605
train14607,0,14606
train14608,0,14607
train14609,0,14608
train14610,0,14609
train14611,0,14610
train14612,0,14611
train14613,0,14612
train14614,0,14613
train14615,0,14614
train14616,0,14615
train14617,0,14616
train14618,0,14617
train14619,0,14618
train14620,0,14619
train14621,0,14620
train14622,0,14621
train14623,0,14622
train14624,0,14623
train14625,0,14624
train14626,0,14625
train14627,0,14626
train14628,0,14627
train14629,0,14628
train14630,0,14629
train14631,0,14630
train14632,0,14631
train14633,0,14632
train14634,0,14633
train14635,0,14634
train14636,0,14635
train14637,0,14636
train14638,0,14637
train14639,0,14638
train14640,0,14639
train14641,0,14640
train14642,0,14641
train14643,0,14642
train14644,0,14643
train14645,0,14644
train14646,0,14645
train14647,0,14646
train14648,0,14647
train14649,0,14648
train14650,0,14649
train14651,0,14650
train14652,0,14651
train14653,0,14652
train14654,0,14653
train14655,0,14654
train14656,0,14655
train14657,0,14656
train14658,0,14657
train14659,0,14658
train14660,0,14659
train14661,0,14660
train14662,0,14661
train14663,0,14662
train14664,0,14663
train14665,0,14664
train14666,0,14665
train14667,0,14666
train14668,0,14667
train14669,0,14668
train14670,0,14669
train14671,0,14670
train14672,0,14671
train14673,0,14672
train14674,0,14673
train14675,0,14674
train14676,0,14675
train14677,0,14676
train14678,0,14677
train14679,0,14678
train14680,0,14679
train14681,0,14680
train14682,0,14681
train14683,0,14682
train14684,0,14683
train14685,0,14684
train14686,0,14685
train14687,0,14686
train14688,0,14687
train14689,0,14688
train14690,0,14689
train14691,0,14690
train14692,0,14691
train14693,0,14692
train14694,0,14693
train14695,0,14694
train14696,0,14695
train14697,0,14696
train14698,0,14697
train14699,0,14698
train14700,0,14699
train14701,0,14700
train14702,0,14701
train14703,0,14702
train14704,0,14703
train14705,0,14704
train14706,0,14705
train14707,0,14706
train14708,0,14707
train14709,0,14708
train14710,0,14709
train14711,0,14710
train14712,0,14711
train14713,0,14712
train14714,0,14713
train14715,0,14714
train14716,0,14715
train14717,0,14716
train14718,0,14717
train14719,0,14718
train14720,0,14719
train14721,0,14720
train14722,0,14721
train14723,0,14722
train14724,0,14723
train14725,0,14724
train14726,0,14725
train14727,0,14726
train14728,0,14727
train14729,0,14728
train14730,0,14729
train14731,0,14730
train14732,0,14731
train14733,0,14732
train14734,0,14733
train14735,0,14734
train14736,0,14735
train14737,0,14736
train14738,0,14737
train14739,0,14738
train14740,0,14739
train14741,0,14740
train14742,0,14741
train14743,0,14742
train14744,0,14743
train14745,0,14744
train14746,0,14745
train14747,0,14746
train14748,0,14747
train14749,0,14748
train14750,0,14749
train14751,0,14750
train14752,0,14751
train14753,0,14752
train14754,0,14753
train14755,0,14754
train14756,0,14755
train14757,0,14756
train14758,0,14757
train14759,0,14758
train14760,0,14759
train14761,0,14760
train14762,0,14761
train14763,0,14762
train14764,0,14763
train14765,0,14764
train14766,0,14765
train14767,0,14766
train14768,0,14767
train14769,0,14768
train14770,0,14769
train14771,0,14770
train14772,0,14771
train14773,0,14772
train14774,0,14773
train14775,0,14774
train14776,0,14775
train14777,0,14776
train14778,0,14777
train14779,0,14778
train14780,0,14779
train14781,0,14780
train14782,0,14781
train14783,0,14782
train14784,0,14783
train14785,0,14784
train14786,0,14785
train14787,0,14786
train14788,0,14787
train14789,0,14788
train14790,0,14789
train14791,0,14790
train14792,0,14791
train14793,0,14792
train14794,0,14793
train14795,0,14794
train14796,0,14795
train14797,0,14796
train14798,0,14797
train14799,0,14798
train14800,0,14799
train14801,0,14800
train14802,0,14801
train14803,0,14802
train14804,0,14803
train14805,0,14804
train14806,0,14805
train14807,0,14806
train14808,0,14807
train14809,0,14808
train14810,0,14809
train14811,0,14810
train14812,0,14811
train14813,0,14812
train14814,0,14813
train14815,0,14814
train14816,0,14815
train14817,0,14816
train14818,0,14817
train14819,0,14818
train14820,0,14819
train14821,0,14820
train14822,0,14821
train14823,0,14822
train14824,0,14823
train14825,0,14824
train14826,0,14825
train14827,0,14826
train14828,0,14827
train14829,0,14828
train14830,0,14829
train14831,0,14830
train14832,0,14831
train14833,0,14832
train14834,0,14833
train14835,0,14834
train14836,0,14835
train14837,0,14836
train14838,0,14837
train14839,0,14838
train14840,0,14839
train14841,0,14840
train14842,0,14841
train14843,0,14842
train14844,0,14843
train14845,0,14844
train14846,0,14845
train14847,0,14846
train14848,0,14847
train14849,0,14848
train14850,0,14849
train14851,0,14850
train14852,0,14851
train14853,0,14852
train14854,0,14853
train14855,0,14854
train14856,0,14855
train14857,0,14856
train14858,0,14857
train14859,0,14858
train14860,0,14859
train14861,0,14860
train14862,0,14861
train14863,0,14862
train14864,0,14863
train14865,0,14864
train14866,0,14865
train14867,0,14866
train14868,0,14867
train14869,0,14868
train14870,0,14869
train14871,0,14870
train14872,0,14871
train14873,0,14872
train14874,0,14873
train14875,0,14874
train14876,0,14875
train14877,0,14876
train14878,0,14877
train14879,0,14878
train14880,0,14879
train14881,0,14880
train14882,0,14881
train14883,0,14882
train14884,0,14883
train14885,0,14884
train14886,0,14885
train14887,0,14886
train14888,0,14887
train14889,0,14888
train14890,0,14889
train14891,0,14890
train14892,0,14891
train14893,0,14892
train14894,0,14893
train14895,0,14894
train14896,0,14895
train14897,0,14896
train14898,0,14897
train14899,0,14898
train14900,0,14899
train14901,0,14900
train14902,0,14901
train14903,0,14902
train14904,0,14903
train14905,0,14904
train14906,0,14905
train14907,0,14906
train14908,0,14907
train14909,0,14908
train14910,0,14909
train14911,0,14910
train14912,0,14911
train14913,0,14912
train14914,0,14913
train14915,0,14914
train14916,0,14915
train14917,0,14916
train14918,0,14917
train14919,0,14918
train14920,0,14919
train14921,0,14920
train14922,0,14921
train14923,0,14922
train14924,0,14923
train14925,0,14924
train14926,0,14925
train14927,0,14926
train14928,0,14927
train14929,0,14928
train14930,0,14929
train14931,0,14930
train14932,0,14931
train14933,0,14932
train14934,0,14933
train14935,0,14934
train14936,0,14935
train14937,0,14936
train14938,0,14937
train14939,0,14938
train14940,0,14939
train14941,0,14940
train14942,0,14941
train14943,0,14942
train14944,0,14943
train14945,0,14944
train14946,0,14945
train14947,0,14946
train14948,0,14947
train14949,0,14948
train14950,0,14949
train14951,0,14950
train14952,0,14951
train14953,0,14952
train14954,0,14953
train14955,0,14954
train14956,0,14955
train14957,0,14956
train14958,0,14957
train14959,0,14958
train14960,0,14959
train14961,0,14960
train14962,0,14961
train14963,0,14962
train14964,0,14963
train14965,0,14964
train14966,0,14965
train14967,0,14966
train14968,0,14967
train14969,0,14968
train14970,0,14969
train14971,0,14970
train14972,0,14971
train14973,0,14972
train14974,0,14973
train14975,0,14974
train14976,0,14975
train14977,0,14976
train14978,0,14977
train14979,0,14978
train14980,0,14979
train14981,0,14980
train14982,0,14981
train14983,0,14982
train14984,0,14983
train14985,0,14984
train14986,0,14985
train14987,0,14986
train14988,0,14987
train14989,0,14988
train14990,0,14989
train14991,0,14990
train14992,0,14991
train14993,0,14992
train14994,0,14993
train14995,0,14994
train14996,0,14995
train14997,0,14996
train14998,0,14997
train14999,0,14998
train15000,0,14999
train15001,0,15000
train15002,0,15001
train15003,0,15002
train15004,0,15003
train15005,0,15004
train15006,0,15005
train15007,0,15006
train15008,0,15007
train15009,0,15008
train15010,0,15009
train15011,0,15010
train15012,0,15011
train15013,0,15012
train15014,0,15013
train15015,0,15014
train15016,0,15015
train15017,0,15016
train15018,0,15017
train15019,0,15018
train15020,0,15019
train15021,0,15020
train15022,0,15021
train15023,0,15022
train15024,0,15023
train15025,0,15024
train15026,0,15025
train15027,0,15026
train15028,0,15027
train15029,0,15028
train15030,0,15029
train15031,1,15030
train15032,0,15031
train15033,0,15032
train15034,0,15033
train15035,0,15034
train15036,0,15035
train15037,0,15036
train15038,0,15037
train15039,0,15038
train15040,0,15039
train15041,0,15040
train15042,0,15041
train15043,0,15042
train15044,0,15043
train15045,0,15044
train15046,0,15045
train15047,0,15046
train15048,0,15047
train15049,0,15048
train15050,0,15049
train15051,0,15050
train15052,0,15051
train15053,0,15052
train15054,0,15053
train15055,0,15054
train15056,0,15055
train15057,0,15056
train15058,0,15057
train15059,0,15058
train15060,0,15059
train15061,0,15060
train15062,0,15061
train15063,0,15062
train15064,0,15063
train15065,0,15064
train15066,0,15065
train15067,0,15066
train15068,0,15067
train15069,0,15068
train15070,0,15069
train15071,0,15070
train15072,0,15071
train15073,0,15072
train15074,0,15073
train15075,0,15074
train15076,0,15075
train15077,0,15076
train15078,0,15077
train15079,0,15078
train15080,0,15079
train15081,0,15080
train15082,0,15081
train15083,0,15082
train15084,0,15083
train15085,0,15084
train15086,0,15085
train15087,0,15086
train15088,0,15087
train15089,0,15088
train15090,0,15089
train15091,0,15090
train15092,0,15091
train15093,0,15092
train15094,0,15093
train15095,0,15094
train15096,0,15095
train15097,0,15096
train15098,0,15097
train15099,0,15098
train15100,0,15099
train15101,0,15100
train15102,0,15101
train15103,0,15102
train15104,0,15103
train15105,0,15104
train15106,0,15105
train15107,0,15106
train15108,0,15107
train15109,0,15108
train15110,0,15109
train15111,0,15110
train15112,0,15111
train15113,0,15112
train15114,0,15113
train15115,0,15114
train15116,0,15115
train15117,0,15116
train15118,0,15117
train15119,0,15118
train15120,0,15119
train15121,0,15120
train15122,0,15121
train15123,0,15122
train15124,0,15123
train15125,0,15124
train15126,0,15125
train15127,0,15126
train15128,0,15127
train15129,0,15128
train15130,0,15129
train15131,0,15130
train15132,0,15131
train15133,0,15132
train15134,0,15133
train15135,0,15134
train15136,0,15135
train15137,0,15136
train15138,0,15137
train15139,0,15138
train15140,0,15139
train15141,0,15140
train15142,0,15141
train15143,0,15142
train15144,0,15143
train15145,0,15144
train15146,0,15145
train15147,0,15146
train15148,0,15147
train15149,0,15148
train15150,0,15149
train15151,0,15150
train15152,1,15151
train15153,0,15152
train15154,0,15153
train15155,0,15154
train15156,0,15155
train15157,0,15156
train15158,0,15157
train15159,0,15158
train15160,0,15159
train15161,0,15160
train15162,0,15161
train15163,0,15162
train15164,0,15163
train15165,0,15164
train15166,0,15165
train15167,0,15166
train15168,0,15167
train15169,0,15168
train15170,0,15169
train15171,0,15170
train15172,0,15171
train15173,0,15172
train15174,0,15173
train15175,0,15174
train15176,0,15175
train15177,0,15176
train15178,0,15177
train15179,0,15178
train15180,0,15179
train15181,0,15180
train15182,0,15181
train15183,0,15182
train15184,0,15183
train15185,0,15184
train15186,0,15185
train15187,0,15186
train15188,0,15187
train15189,0,15188
train15190,0,15189
train15191,0,15190
train15192,0,15191
train15193,0,15192
train15194,0,15193
train15195,0,15194
train15196,0,15195
train15197,0,15196
train15198,0,15197
train15199,0,15198
train15200,0,15199
train15201,0,15200
train15202,0,15201
train15203,0,15202
train15204,0,15203
train15205,1,15204
train15206,0,15205
train15207,0,15206
train15208,0,15207
train15209,0,15208
train15210,0,15209
train15211,0,15210
train15212,0,15211
train15213,0,15212
train15214,0,15213
train15215,0,15214
train15216,0,15215
train15217,0,15216
train15218,0,15217
train15219,0,15218
train15220,0,15219
train15221,0,15220
train15222,0,15221
train15223,0,15222
train15224,0,15223
train15225,0,15224
train15226,0,15225
train15227,0,15226
train15228,0,15227
train15229,0,15228
train15230,0,15229
train15231,0,15230
train15232,0,15231
train15233,0,15232
train15234,0,15233
train15235,0,15234
train15236,0,15235
train15237,0,15236
train15238,0,15237
train15239,0,15238
train15240,0,15239
train15241,0,15240
train15242,0,15241
train15243,0,15242
train15244,0,15243
train15245,0,15244
train15246,0,15245
train15247,0,15246
train15248,0,15247
train15249,0,15248
train15250,0,15249
train15251,0,15250
train15252,0,15251
train15253,0,15252
train15254,0,15253
train15255,0,15254
train15256,0,15255
train15257,0,15256
train15258,0,15257
train15259,0,15258
train15260,0,15259
train15261,0,15260
train15262,0,15261
train15263,0,15262
train15264,0,15263
train15265,0,15264
train15266,0,15265
train15267,0,15266
train15268,0,15267
train15269,0,15268
train15270,0,15269
train15271,0,15270
train15272,0,15271
train15273,0,15272
train15274,0,15273
train15275,0,15274
train15276,0,15275
train15277,0,15276
train15278,0,15277
train15279,0,15278
train15280,0,15279
train15281,0,15280
train15282,0,15281
train15283,0,15282
train15284,0,15283
train15285,0,15284
train15286,0,15285
train15287,0,15286
train15288,0,15287
train15289,0,15288
train15290,0,15289
train15291,0,15290
train15292,0,15291
train15293,0,15292
train15294,0,15293
train15295,0,15294
train15296,0,15295
train15297,0,15296
train15298,0,15297
train15299,0,15298
train15300,0,15299
train15301,0,15300
train15302,0,15301
train15303,0,15302
train15304,0,15303
train15305,0,15304
train15306,0,15305
train15307,0,15306
train15308,0,15307
train15309,0,15308
train15310,0,15309
train15311,0,15310
train15312,0,15311
train15313,0,15312
train15314,0,15313
train15315,0,15314
train15316,0,15315
train15317,0,15316
train15318,0,15317
train15319,0,15318
train15320,0,15319
train15321,0,15320
train15322,0,15321
train15323,0,15322
train15324,0,15323
train15325,0,15324
train15326,0,15325
train15327,0,15326
train15328,0,15327
train15329,0,15328
train15330,0,15329
train15331,0,15330
train15332,0,15331
train15333,0,15332
train15334,0,15333
train15335,0,15334
train15336,0,15335
train15337,0,15336
train15338,0,15337
train15339,0,15338
train15340,0,15339
train15341,0,15340
train15342,0,15341
train15343,0,15342
train15344,0,15343
train15345,0,15344
train15346,0,15345
train15347,0,15346
train15348,0,15347
train15349,0,15348
train15350,0,15349
train15351,0,15350
train15352,0,15351
train15353,0,15352
train15354,0,15353
train15355,0,15354
train15356,0,15355
train15357,0,15356
train15358,0,15357
train15359,0,15358
train15360,0,15359
train15361,0,15360
train15362,0,15361
train15363,0,15362
train15364,0,15363
train15365,0,15364
train15366,0,15365
train15367,0,15366
train15368,0,15367
train15369,0,15368
train15370,0,15369
train15371,0,15370
train15372,0,15371
train15373,0,15372
train15374,0,15373
train15375,0,15374
train15376,0,15375
train15377,0,15376
train15378,0,15377
train15379,0,15378
train15380,0,15379
train15381,0,15380
train15382,0,15381
train15383,0,15382
train15384,0,15383
train15385,0,15384
train15386,0,15385
train15387,0,15386
train15388,0,15387
train15389,0,15388
train15390,0,15389
train15391,0,15390
train15392,0,15391
train15393,0,15392
train15394,0,15393
train15395,0,15394
train15396,0,15395
train15397,0,15396
train15398,0,15397
train15399,0,15398
train15400,0,15399
train15401,0,15400
train15402,0,15401
train15403,0,15402
train15404,0,15403
train15405,0,15404
train15406,0,15405
train15407,0,15406
train15408,0,15407
train15409,0,15408
train15410,0,15409
train15411,0,15410
train15412,0,15411
train15413,0,15412
train15414,0,15413
train15415,0,15414
train15416,0,15415
train15417,0,15416
train15418,1,15417
train15419,0,15418
train15420,0,15419
train15421,0,15420
train15422,0,15421
train15423,0,15422
train15424,0,15423
train15425,0,15424
train15426,0,15425
train15427,0,15426
train15428,0,15427
train15429,0,15428
train15430,0,15429
train15431,0,15430
train15432,0,15431
train15433,0,15432
train15434,0,15433
train15435,0,15434
train15436,0,15435
train15437,0,15436
train15438,0,15437
train15439,0,15438
train15440,0,15439
train15441,0,15440
train15442,0,15441
train15443,0,15442
train15444,0,15443
train15445,0,15444
train15446,0,15445
train15447,0,15446
train15448,0,15447
train15449,0,15448
train15450,0,15449
train15451,0,15450
train15452,0,15451
train15453,0,15452
train15454,0,15453
train15455,0,15454
train15456,0,15455
train15457,0,15456
train15458,0,15457
train15459,0,15458
train15460,0,15459
train15461,0,15460
train15462,0,15461
train15463,0,15462
train15464,0,15463
train15465,0,15464
train15466,1,15465
train15467,1,15466
train15468,0,15467
train15469,0,15468
train15470,0,15469
train15471,1,15470
train15472,0,15471
train15473,0,15472
train15474,0,15473
train15475,0,15474
train15476,0,15475
train15477,0,15476
train15478,0,15477
train15479,0,15478
train15480,0,15479
train15481,0,15480
train15482,0,15481
train15483,0,15482
train15484,0,15483
train15485,0,15484
train15486,0,15485
train15487,0,15486
train15488,0,15487
train15489,0,15488
train15490,0,15489
train15491,0,15490
train15492,0,15491
train15493,0,15492
train15494,0,15493
train15495,0,15494
train15496,0,15495
train15497,0,15496
train15498,0,15497
train15499,0,15498
train15500,0,15499
train15501,0,15500
train15502,0,15501
train15503,0,15502
train15504,0,15503
train15505,0,15504
train15506,0,15505
train15507,0,15506
train15508,0,15507
train15509,0,15508
train15510,0,15509
train15511,0,15510
train15512,0,15511
train15513,0,15512
train15514,0,15513
train15515,0,15514
train15516,0,15515
train15517,0,15516
train15518,0,15517
train15519,0,15518
train15520,0,15519
train15521,0,15520
train15522,0,15521
train15523,0,15522
train15524,0,15523
train15525,0,15524
train15526,0,15525
train15527,0,15526
train15528,0,15527
train15529,0,15528
train15530,0,15529
train15531,0,15530
train15532,0,15531
train15533,0,15532
train15534,0,15533
train15535,0,15534
train15536,0,15535
train15537,0,15536
train15538,0,15537
train15539,0,15538
train15540,0,15539
train15541,0,15540
train15542,0,15541
train15543,0,15542
train15544,0,15543
train15545,0,15544
train15546,0,15545
train15547,0,15546
train15548,0,15547
train15549,0,15548
train15550,0,15549
train15551,0,15550
train15552,0,15551
train15553,0,15552
train15554,0,15553
train15555,0,15554
train15556,0,15555
train15557,0,15556
train15558,0,15557
train15559,0,15558
train15560,0,15559
train15561,0,15560
train15562,0,15561
train15563,0,15562
train15564,0,15563
train15565,0,15564
train15566,0,15565
train15567,0,15566
train15568,0,15567
train15569,0,15568
train15570,0,15569
train15571,0,15570
train15572,0,15571
train15573,0,15572
train15574,0,15573
train15575,0,15574
train15576,0,15575
train15577,0,15576
train15578,0,15577
train15579,0,15578
train15580,0,15579
train15581,0,15580
train15582,0,15581
train15583,0,15582
train15584,0,15583
train15585,0,15584
train15586,0,15585
train15587,0,15586
train15588,0,15587
train15589,0,15588
train15590,0,15589
train15591,0,15590
train15592,0,15591
train15593,0,15592
train15594,0,15593
train15595,0,15594
train15596,0,15595
train15597,0,15596
train15598,0,15597
train15599,0,15598
train15600,0,15599
train15601,0,15600
train15602,0,15601
train15603,0,15602
train15604,0,15603
train15605,0,15604
train15606,0,15605
train15607,0,15606
train15608,0,15607
train15609,0,15608
train15610,0,15609
train15611,0,15610
train15612,0,15611
train15613,0,15612
train15614,0,15613
train15615,0,15614
train15616,0,15615
train15617,0,15616
train15618,0,15617
train15619,0,15618
train15620,0,15619
train15621,0,15620
train15622,0,15621
train15623,0,15622
train15624,0,15623
train15625,0,15624
train15626,0,15625
train15627,0,15626
train15628,0,15627
train15629,0,15628
train15630,0,15629
train15631,0,15630
train15632,0,15631
train15633,0,15632
train15634,0,15633
train15635,0,15634
train15636,0,15635
train15637,0,15636
train15638,0,15637
train15639,0,15638
train15640,0,15639
train15641,0,15640
train15642,0,15641
train15643,0,15642
train15644,0,15643
train15645,0,15644
train15646,0,15645
train15647,0,15646
train15648,0,15647
train15649,0,15648
train15650,0,15649
train15651,0,15650
train15652,0,15651
train15653,0,15652
train15654,0,15653
train15655,0,15654
train15656,0,15655
train15657,0,15656
train15658,0,15657
train15659,0,15658
train15660,0,15659
train15661,0,15660
train15662,0,15661
train15663,0,15662
train15664,0,15663
train15665,0,15664
train15666,0,15665
train15667,0,15666
train15668,0,15667
train15669,0,15668
train15670,0,15669
train15671,0,15670
train15672,0,15671
train15673,0,15672
train15674,0,15673
train15675,0,15674
train15676,0,15675
train15677,0,15676
train15678,0,15677
train15679,0,15678
train15680,0,15679
train15681,0,15680
train15682,0,15681
train15683,0,15682
train15684,0,15683
train15685,0,15684
train15686,0,15685
train15687,0,15686
train15688,0,15687
train15689,1,15688
train15690,0,15689
train15691,0,15690
train15692,0,15691
train15693,0,15692
train15694,0,15693
train15695,0,15694
train15696,0,15695
train15697,0,15696
train15698,0,15697
train15699,0,15698
train15700,0,15699
train15701,0,15700
train15702,0,15701
train15703,0,15702
train15704,0,15703
train15705,0,15704
train15706,0,15705
train15707,0,15706
train15708,0,15707
train15709,0,15708
train15710,0,15709
train15711,0,15710
train15712,0,15711
train15713,0,15712
train15714,0,15713
train15715,0,15714
train15716,0,15715
train15717,0,15716
train15718,0,15717
train15719,0,15718
train15720,0,15719
train15721,0,15720
train15722,0,15721
train15723,0,15722
train15724,0,15723
train15725,0,15724
train15726,0,15725
train15727,0,15726
train15728,0,15727
train15729,0,15728
train15730,0,15729
train15731,0,15730
train15732,0,15731
train15733,0,15732
train15734,0,15733
train15735,0,15734
train15736,0,15735
train15737,0,15736
train15738,0,15737
train15739,1,15738
train15740,0,15739
train15741,0,15740
train15742,0,15741
train15743,0,15742
train15744,0,15743
train15745,0,15744
train15746,0,15745
train15747,0,15746
train15748,0,15747
train15749,0,15748
train15750,0,15749
train15751,0,15750
train15752,0,15751
train15753,0,15752
train15754,0,15753
train15755,0,15754
train15756,0,15755
train15757,0,15756
train15758,0,15757
train15759,0,15758
train15760,0,15759
train15761,0,15760
train15762,0,15761
train15763,0,15762
train15764,0,15763
train15765,0,15764
train15766,0,15765
train15767,0,15766
train15768,0,15767
train15769,0,15768
train15770,0,15769
train15771,0,15770
train15772,0,15771
train15773,0,15772
train15774,0,15773
train15775,0,15774
train15776,0,15775
train15777,0,15776
train15778,0,15777
train15779,0,15778
train15780,0,15779
train15781,0,15780
train15782,0,15781
train15783,0,15782
train15784,0,15783
train15785,0,15784
train15786,0,15785
train15787,0,15786
train15788,0,15787
train15789,0,15788
train15790,0,15789
train15791,0,15790
train15792,0,15791
train15793,0,15792
train15794,0,15793
train15795,0,15794
train15796,0,15795
train15797,0,15796
train15798,0,15797
train15799,0,15798
train15800,0,15799
train15801,0,15800
train15802,0,15801
train15803,0,15802
train15804,0,15803
train15805,0,15804
train15806,0,15805
train15807,0,15806
train15808,0,15807
train15809,0,15808
train15810,0,15809
train15811,0,15810
train15812,0,15811
train15813,0,15812
train15814,0,15813
train15815,0,15814
train15816,0,15815
train15817,0,15816
train15818,0,15817
train15819,0,15818
train15820,0,15819
train15821,0,15820
train15822,0,15821
train15823,0,15822
train15824,0,15823
train15825,0,15824
train15826,0,15825
train15827,0,15826
train15828,0,15827
train15829,0,15828
train15830,0,15829
train15831,0,15830
train15832,0,15831
train15833,0,15832
train15834,0,15833
train15835,0,15834
train15836,0,15835
train15837,0,15836
train15838,0,15837
train15839,0,15838
train15840,0,15839
train15841,0,15840
train15842,0,15841
train15843,0,15842
train15844,0,15843
train15845,0,15844
train15846,0,15845
train15847,0,15846
train15848,0,15847
train15849,0,15848
train15850,0,15849
train15851,1,15850
train15852,0,15851
train15853,0,15852
train15854,0,15853
train15855,0,15854
train15856,0,15855
train15857,0,15856
train15858,0,15857
train15859,0,15858
train15860,0,15859
train15861,0,15860
train15862,0,15861
train15863,0,15862
train15864,0,15863
train15865,0,15864
train15866,0,15865
train15867,0,15866
train15868,0,15867
train15869,0,15868
train15870,0,15869
train15871,0,15870
train15872,0,15871
train15873,0,15872
train15874,0,15873
train15875,0,15874
train15876,0,15875
train15877,0,15876
train15878,0,15877
train15879,0,15878
train15880,0,15879
train15881,0,15880
train15882,0,15881
train15883,0,15882
train15884,0,15883
train15885,0,15884
train15886,0,15885
train15887,0,15886
train15888,0,15887
train15889,0,15888
train15890,0,15889
train15891,0,15890
train15892,0,15891
train15893,0,15892
train15894,0,15893
train15895,0,15894
train15896,0,15895
train15897,0,15896
train15898,0,15897
train15899,0,15898
train15900,0,15899
train15901,0,15900
train15902,0,15901
train15903,0,15902
train15904,0,15903
train15905,0,15904
train15906,0,15905
train15907,0,15906
train15908,0,15907
train15909,0,15908
train15910,0,15909
train15911,0,15910
train15912,0,15911
train15913,0,15912
train15914,0,15913
train15915,0,15914
train15916,0,15915
train15917,0,15916
train15918,0,15917
train15919,0,15918
train15920,0,15919
train15921,0,15920
train15922,0,15921
train15923,0,15922
train15924,0,15923
train15925,1,15924
train15926,0,15925
train15927,0,15926
train15928,0,15927
train15929,0,15928
train15930,0,15929
train15931,0,15930
train15932,0,15931
train15933,0,15932
train15934,0,15933
train15935,0,15934
train15936,0,15935
train15937,0,15936
train15938,0,15937
train15939,0,15938
train15940,0,15939
train15941,0,15940
train15942,0,15941
train15943,0,15942
train15944,0,15943
train15945,0,15944
train15946,0,15945
train15947,0,15946
train15948,0,15947
train15949,0,15948
train15950,0,15949
train15951,0,15950
train15952,0,15951
train15953,0,15952
train15954,0,15953
train15955,0,15954
train15956,0,15955
train15957,0,15956
train15958,0,15957
train15959,0,15958
train15960,0,15959
train15961,0,15960
train15962,0,15961
train15963,0,15962
train15964,0,15963
train15965,0,15964
train15966,0,15965
train15967,0,15966
train15968,0,15967
train15969,0,15968
train15970,0,15969
train15971,0,15970
train15972,0,15971
train15973,0,15972
train15974,0,15973
train15975,0,15974
train15976,0,15975
train15977,0,15976
train15978,0,15977
train15979,0,15978
train15980,0,15979
train15981,0,15980
train15982,0,15981
train15983,0,15982
train15984,0,15983
train15985,0,15984
train15986,0,15985
train15987,0,15986
train15988,0,15987
train15989,0,15988
train15990,0,15989
train15991,0,15990
train15992,0,15991
train15993,0,15992
train15994,0,15993
train15995,0,15994
train15996,0,15995
train15997,0,15996
train15998,0,15997
train15999,0,15998
train16000,0,15999
train16001,0,16000
train16002,0,16001
train16003,0,16002
train16004,0,16003
train16005,0,16004
train16006,0,16005
train16007,0,16006
train16008,0,16007
train16009,0,16008
train16010,0,16009
train16011,0,16010
train16012,0,16011
train16013,0,16012
train16014,0,16013
train16015,0,16014
train16016,0,16015
train16017,0,16016
train16018,0,16017
train16019,0,16018
train16020,0,16019
train16021,0,16020
train16022,0,16021
train16023,0,16022
train16024,0,16023
train16025,0,16024
train16026,0,16025
train16027,0,16026
train16028,0,16027
train16029,0,16028
train16030,0,16029
train16031,0,16030
train16032,0,16031
train16033,0,16032
train16034,0,16033
train16035,0,16034
train16036,0,16035
train16037,0,16036
train16038,0,16037
train16039,0,16038
train16040,0,16039
train16041,0,16040
train16042,0,16041
train16043,0,16042
train16044,0,16043
train16045,0,16044
train16046,0,16045
train16047,0,16046
train16048,0,16047
train16049,0,16048
train16050,0,16049
train16051,0,16050
train16052,0,16051
train16053,0,16052
train16054,0,16053
train16055,0,16054
train16056,0,16055
train16057,0,16056
train16058,0,16057
train16059,1,16058
train16060,0,16059
train16061,0,16060
train16062,0,16061
train16063,0,16062
train16064,0,16063
train16065,0,16064
train16066,0,16065
train16067,0,16066
train16068,0,16067
train16069,0,16068
train16070,0,16069
train16071,0,16070
train16072,0,16071
train16073,0,16072
train16074,0,16073
train16075,0,16074
train16076,0,16075
train16077,0,16076
train16078,0,16077
train16079,0,16078
train16080,0,16079
train16081,0,16080
train16082,0,16081
train16083,0,16082
train16084,0,16083
train16085,0,16084
train16086,0,16085
train16087,0,16086
train16088,0,16087
train16089,0,16088
train16090,0,16089
train16091,0,16090
train16092,0,16091
train16093,0,16092
train16094,0,16093
train16095,0,16094
train16096,0,16095
train16097,0,16096
train16098,0,16097
train16099,0,16098
train16100,0,16099
train16101,0,16100
train16102,0,16101
train16103,0,16102
train16104,0,16103
train16105,0,16104
train16106,0,16105
train16107,0,16106
train16108,0,16107
train16109,0,16108
train16110,0,16109
train16111,0,16110
train16112,0,16111
train16113,0,16112
train16114,0,16113
train16115,0,16114
train16116,0,16115
train16117,0,16116
train16118,0,16117
train16119,0,16118
train16120,0,16119
train16121,0,16120
train16122,0,16121
train16123,0,16122
train16124,1,16123
train16125,0,16124
train16126,0,16125
train16127,0,16126
train16128,0,16127
train16129,0,16128
train16130,0,16129
train16131,0,16130
train16132,0,16131
train16133,0,16132
train16134,0,16133
train16135,0,16134
train16136,0,16135
train16137,0,16136
train16138,0,16137
train16139,0,16138
train16140,0,16139
train16141,0,16140
train16142,0,16141
train16143,0,16142
train16144,0,16143
train16145,0,16144
train16146,0,16145
train16147,0,16146
train16148,0,16147
train16149,0,16148
train16150,0,16149
train16151,0,16150
train16152,0,16151
train16153,1,16152
train16154,1,16153
train16155,0,16154
train16156,0,16155
train16157,1,16156
train16158,0,16157
train16159,1,16158
train16160,0,16159
train16161,0,16160
train16162,0,16161
train16163,0,16162
train16164,0,16163
train16165,0,16164
train16166,0,16165
train16167,0,16166
train16168,0,16167
train16169,0,16168
train16170,0,16169
train16171,0,16170
train16172,0,16171
train16173,1,16172
train16174,0,16173
train16175,0,16174
train16176,0,16175
train16177,1,16176
train16178,0,16177
train16179,0,16178
train16180,0,16179
train16181,0,16180
train16182,0,16181
train16183,0,16182
train16184,0,16183
train16185,0,16184
train16186,0,16185
train16187,1,16186
train16188,0,16187
train16189,0,16188
train16190,0,16189
train16191,0,16190
train16192,0,16191
train16193,0,16192
train16194,0,16193
train16195,0,16194
train16196,0,16195
train16197,0,16196
train16198,0,16197
train16199,0,16198
train16200,0,16199
train16201,0,16200
train16202,0,16201
train16203,0,16202
train16204,0,16203
train16205,0,16204
train16206,0,16205
train16207,0,16206
train16208,0,16207
train16209,0,16208
train16210,0,16209
train16211,0,16210
train16212,0,16211
train16213,0,16212
train16214,0,16213
train16215,0,16214
train16216,0,16215
train16217,0,16216
train16218,0,16217
train16219,0,16218
train16220,0,16219
train16221,0,16220
train16222,0,16221
train16223,0,16222
train16224,0,16223
train16225,0,16224
train16226,0,16225
train16227,0,16226
train16228,0,16227
train16229,0,16228
train16230,0,16229
train16231,0,16230
train16232,0,16231
train16233,0,16232
train16234,0,16233
train16235,0,16234
train16236,0,16235
train16237,0,16236
train16238,0,16237
train16239,0,16238
train16240,0,16239
train16241,0,16240
train16242,0,16241
train16243,0,16242
train16244,0,16243
train16245,0,16244
train16246,0,16245
train16247,0,16246
train16248,0,16247
train16249,0,16248
train16250,0,16249
train16251,0,16250
train16252,0,16251
train16253,0,16252
train16254,0,16253
train16255,0,16254
train16256,0,16255
train16257,0,16256
train16258,0,16257
train16259,0,16258
train16260,0,16259
train16261,0,16260
train16262,0,16261
train16263,0,16262
train16264,0,16263
train16265,0,16264
train16266,0,16265
train16267,0,16266
train16268,0,16267
train16269,0,16268
train16270,0,16269
train16271,0,16270
train16272,0,16271
train16273,0,16272
train16274,0,16273
train16275,0,16274
train16276,0,16275
train16277,0,16276
train16278,0,16277
train16279,0,16278
train16280,0,16279
train16281,0,16280
train16282,0,16281
train16283,0,16282
train16284,0,16283
train16285,0,16284
train16286,0,16285
train16287,0,16286
train16288,0,16287
train16289,0,16288
train16290,0,16289
train16291,0,16290
train16292,0,16291
train16293,0,16292
train16294,0,16293
train16295,0,16294
train16296,0,16295
train16297,0,16296
train16298,0,16297
train16299,0,16298
train16300,0,16299
train16301,0,16300
train16302,0,16301
train16303,0,16302
train16304,0,16303
train16305,0,16304
train16306,0,16305
train16307,0,16306
train16308,0,16307
train16309,0,16308
train16310,0,16309
train16311,0,16310
train16312,0,16311
train16313,0,16312
train16314,0,16313
train16315,0,16314
train16316,0,16315
train16317,0,16316
train16318,0,16317
train16319,0,16318
train16320,0,16319
train16321,0,16320
train16322,0,16321
train16323,0,16322
train16324,0,16323
train16325,0,16324
train16326,0,16325
train16327,0,16326
train16328,0,16327
train16329,0,16328
train16330,0,16329
train16331,0,16330
train16332,0,16331
train16333,0,16332
train16334,0,16333
train16335,0,16334
train16336,0,16335
train16337,0,16336
train16338,0,16337
train16339,0,16338
train16340,0,16339
train16341,0,16340
train16342,0,16341
train16343,0,16342
train16344,0,16343
train16345,0,16344
train16346,0,16345
train16347,0,16346
train16348,0,16347
train16349,0,16348
train16350,0,16349
train16351,0,16350
train16352,0,16351
train16353,0,16352
train16354,0,16353
train16355,0,16354
train16356,0,16355
train16357,0,16356
train16358,0,16357
train16359,0,16358
train16360,0,16359
train16361,0,16360
train16362,0,16361
train16363,0,16362
train16364,0,16363
train16365,0,16364
train16366,0,16365
train16367,0,16366
train16368,0,16367
train16369,0,16368
train16370,0,16369
train16371,0,16370
train16372,0,16371
train16373,0,16372
train16374,0,16373
train16375,0,16374
train16376,0,16375
train16377,0,16376
train16378,0,16377
train16379,0,16378
train16380,0,16379
train16381,0,16380
train16382,0,16381
train16383,0,16382
train16384,0,16383
train16385,0,16384
train16386,0,16385
train16387,0,16386
train16388,0,16387
train16389,0,16388
train16390,0,16389
train16391,0,16390
train16392,0,16391
train16393,0,16392
train16394,0,16393
train16395,0,16394
train16396,0,16395
train16397,0,16396
train16398,0,16397
train16399,0,16398
train16400,0,16399
train16401,0,16400
train16402,0,16401
train16403,0,16402
train16404,0,16403
train16405,0,16404
train16406,0,16405
train16407,0,16406
train16408,0,16407
train16409,0,16408
train16410,0,16409
train16411,0,16410
train16412,0,16411
train16413,0,16412
train16414,0,16413
train16415,0,16414
train16416,0,16415
train16417,0,16416
train16418,0,16417
train16419,0,16418
train16420,0,16419
train16421,0,16420
train16422,0,16421
train16423,0,16422
train16424,0,16423
train16425,0,16424
train16426,0,16425
train16427,0,16426
train16428,0,16427
train16429,0,16428
train16430,0,16429
train16431,0,16430
train16432,0,16431
train16433,0,16432
train16434,0,16433
train16435,0,16434
train16436,0,16435
train16437,0,16436
train16438,0,16437
train16439,0,16438
train16440,0,16439
train16441,0,16440
train16442,0,16441
train16443,0,16442
train16444,0,16443
train16445,0,16444
train16446,1,16445
train16447,0,16446
train16448,0,16447
train16449,0,16448
train16450,0,16449
train16451,0,16450
train16452,0,16451
train16453,0,16452
train16454,0,16453
train16455,0,16454
train16456,0,16455
train16457,0,16456
train16458,0,16457
train16459,0,16458
train16460,0,16459
train16461,0,16460
train16462,0,16461
train16463,0,16462
train16464,0,16463
train16465,0,16464
train16466,0,16465
train16467,0,16466
train16468,1,16467
train16469,0,16468
train16470,0,16469
train16471,0,16470
train16472,0,16471
train16473,0,16472
train16474,0,16473
train16475,0,16474
train16476,0,16475
train16477,0,16476
train16478,0,16477
train16479,0,16478
train16480,0,16479
train16481,0,16480
train16482,0,16481
train16483,0,16482
train16484,0,16483
train16485,0,16484
train16486,0,16485
train16487,0,16486
train16488,0,16487
train16489,0,16488
train16490,1,16489
train16491,0,16490
train16492,0,16491
train16493,0,16492
train16494,0,16493
train16495,0,16494
train16496,0,16495
train16497,0,16496
train16498,0,16497
train16499,0,16498
train16500,0,16499
train16501,0,16500
train16502,0,16501
train16503,0,16502
train16504,0,16503
train16505,0,16504
train16506,0,16505
train16507,0,16506
train16508,0,16507
train16509,0,16508
train16510,0,16509
train16511,0,16510
train16512,1,16511
train16513,0,16512
train16514,0,16513
train16515,0,16514
train16516,0,16515
train16517,0,16516
train16518,0,16517
train16519,0,16518
train16520,0,16519
train16521,0,16520
train16522,0,16521
train16523,0,16522
train16524,0,16523
train16525,0,16524
train16526,0,16525
train16527,0,16526
train16528,0,16527
train16529,0,16528
train16530,0,16529
train16531,0,16530
train16532,0,16531
train16533,0,16532
train16534,0,16533
train16535,0,16534
train16536,0,16535
train16537,0,16536
train16538,0,16537
train16539,0,16538
train16540,0,16539
train16541,0,16540
train16542,0,16541
train16543,0,16542
train16544,0,16543
train16545,0,16544
train16546,0,16545
train16547,0,16546
train16548,0,16547
train16549,0,16548
train16550,0,16549
train16551,0,16550
train16552,0,16551
train16553,0,16552
train16554,0,16553
train16555,0,16554
train16556,0,16555
train16557,0,16556
train16558,0,16557
train16559,0,16558
train16560,0,16559
train16561,0,16560
train16562,0,16561
train16563,0,16562
train16564,0,16563
train16565,0,16564
train16566,0,16565
train16567,0,16566
train16568,0,16567
train16569,0,16568
train16570,0,16569
train16571,0,16570
train16572,0,16571
train16573,0,16572
train16574,0,16573
train16575,0,16574
train16576,0,16575
train16577,0,16576
train16578,0,16577
train16579,0,16578
train16580,0,16579
train16581,0,16580
train16582,0,16581
train16583,0,16582
train16584,0,16583
train16585,0,16584
train16586,0,16585
train16587,0,16586
train16588,0,16587
train16589,0,16588
train16590,0,16589
train16591,0,16590
train16592,0,16591
train16593,0,16592
train16594,0,16593
train16595,0,16594
train16596,0,16595
train16597,0,16596
train16598,0,16597
train16599,0,16598
train16600,0,16599
train16601,0,16600
train16602,0,16601
train16603,0,16602
train16604,0,16603
train16605,0,16604
train16606,0,16605
train16607,0,16606
train16608,0,16607
train16609,0,16608
train16610,0,16609
train16611,0,16610
train16612,0,16611
train16613,0,16612
train16614,0,16613
train16615,0,16614
train16616,0,16615
train16617,0,16616
train16618,0,16617
train16619,0,16618
train16620,0,16619
train16621,0,16620
train16622,0,16621
train16623,0,16622
train16624,0,16623
train16625,0,16624
train16626,1,16625
train16627,0,16626
train16628,0,16627
train16629,0,16628
train16630,0,16629
train16631,0,16630
train16632,0,16631
train16633,0,16632
train16634,0,16633
train16635,0,16634
train16636,0,16635
train16637,0,16636
train16638,0,16637
train16639,0,16638
train16640,1,16639
train16641,1,16640
train16642,1,16641
train16643,1,16642
train16644,1,16643
train16645,1,16644
train16646,0,16645
train16647,1,16646
train16648,0,16647
train16649,1,16648
train16650,1,16649
train16651,1,16650
train16652,0,16651
train16653,0,16652
train16654,0,16653
train16655,0,16654
train16656,0,16655
train16657,0,16656
train16658,0,16657
train16659,0,16658
train16660,0,16659
train16661,0,16660
train16662,0,16661
train16663,0,16662
train16664,0,16663
train16665,0,16664
train16666,0,16665
train16667,0,16666
train16668,0,16667
train16669,1,16668
train16670,1,16669
train16671,0,16670
train16672,1,16671
train16673,0,16672
train16674,0,16673
train16675,0,16674
train16676,0,16675
train16677,0,16676
train16678,0,16677
train16679,0,16678
train16680,0,16679
train16681,0,16680
train16682,0,16681
train16683,0,16682
train16684,0,16683
train16685,0,16684
train16686,0,16685
train16687,0,16686
train16688,0,16687
train16689,0,16688
train16690,0,16689
train16691,0,16690
train16692,0,16691
train16693,0,16692
train16694,0,16693
train16695,0,16694
train16696,0,16695
train16697,0,16696
train16698,0,16697
train16699,0,16698
train16700,0,16699
train16701,0,16700
train16702,0,16701
train16703,0,16702
train16704,0,16703
train16705,0,16704
train16706,0,16705
train16707,0,16706
train16708,0,16707
train16709,0,16708
train16710,0,16709
train16711,1,16710
train16712,0,16711
train16713,0,16712
train16714,1,16713
train16715,0,16714
train16716,0,16715
train16717,0,16716
train16718,0,16717
train16719,0,16718
train16720,0,16719
train16721,0,16720
train16722,0,16721
train16723,0,16722
train16724,0,16723
train16725,0,16724
train16726,0,16725
train16727,0,16726
train16728,0,16727
train16729,0,16728
train16730,0,16729
train16731,1,16730
train16732,1,16731
train16733,1,16732
train16734,1,16733
train16735,0,16734
train16736,0,16735
train16737,0,16736
train16738,0,16737
train16739,0,16738
train16740,0,16739
train16741,1,16740
train16742,0,16741
train16743,1,16742
train16744,1,16743
train16745,0,16744
train16746,0,16745
train16747,0,16746
train16748,0,16747
train16749,0,16748
train16750,0,16749
train16751,0,16750
train16752,0,16751
train16753,0,16752
train16754,1,16753
train16755,0,16754
train16756,1,16755
train16757,0,16756
train16758,0,16757
train16759,0,16758
train16760,0,16759
train16761,0,16760
train16762,0,16761
train16763,0,16762
train16764,1,16763
train16765,0,16764
train16766,0,16765
train16767,0,16766
train16768,0,16767
train16769,0,16768
train16770,0,16769
train16771,0,16770
train16772,1,16771
train16773,0,16772
train16774,1,16773
train16775,0,16774
train16776,1,16775
train16777,0,16776
train16778,0,16777
train16779,0,16778
train16780,0,16779
train16781,0,16780
train16782,0,16781
train16783,0,16782
train16784,1,16783
train16785,0,16784
train16786,0,16785
train16787,0,16786
train16788,0,16787
train16789,0,16788
train16790,0,16789
train16791,0,16790
train16792,0,16791
train16793,0,16792
train16794,0,16793
train16795,0,16794
train16796,0,16795
train16797,0,16796
train16798,0,16797
train16799,0,16798
train16800,0,16799
train16801,1,16800
train16802,1,16801
train16803,0,16802
train16804,0,16803
train16805,0,16804
train16806,0,16805
train16807,0,16806
train16808,0,16807
train16809,0,16808
train16810,0,16809
train16811,1,16810
train16812,1,16811
train16813,1,16812
train16814,0,16813
train16815,1,16814
train16816,1,16815
train16817,1,16816
train16818,1,16817
train16819,1,16818
train16820,1,16819
train16821,1,16820
train16822,1,16821
train16823,1,16822
train16824,1,16823
train16825,1,16824
train16826,1,16825
train16827,0,16826
train16828,0,16827
train16829,0,16828
train16830,0,16829
train16831,0,16830
train16832,0,16831
train16833,0,16832
train16834,0,16833
train16835,0,16834
train16836,0,16835
train16837,0,16836
train16838,0,16837
train16839,0,16838
train16840,0,16839
train16841,0,16840
train16842,0,16841
train16843,1,16842
train16844,0,16843
train16845,0,16844
train16846,0,16845
train16847,0,16846
train16848,0,16847
train16849,0,16848
train16850,0,16849
train16851,0,16850
train16852,0,16851
train16853,0,16852
train16854,0,16853
train16855,0,16854
train16856,0,16855
train16857,0,16856
train16858,0,16857
train16859,0,16858
train16860,0,16859
train16861,0,16860
train16862,0,16861
train16863,0,16862
train16864,0,16863
train16865,0,16864
train16866,0,16865
train16867,0,16866
train16868,0,16867
train16869,0,16868
train16870,0,16869
train16871,0,16870
train16872,0,16871
train16873,0,16872
train16874,0,16873
train16875,0,16874
train16876,0,16875
train16877,0,16876
train16878,0,16877
train16879,0,16878
train16880,0,16879
train16881,0,16880
train16882,0,16881
train16883,0,16882
train16884,0,16883
train16885,0,16884
train16886,0,16885
train16887,0,16886
train16888,0,16887
train16889,0,16888
train16890,0,16889
train16891,0,16890
train16892,0,16891
train16893,0,16892
train16894,0,16893
train16895,0,16894
train16896,0,16895
train16897,0,16896
train16898,0,16897
train16899,0,16898
train16900,0,16899
train16901,0,16900
train16902,0,16901
train16903,0,16902
train16904,0,16903
train16905,0,16904
train16906,0,16905
train16907,0,16906
train16908,0,16907
train16909,0,16908
train16910,0,16909
train16911,0,16910
train16912,0,16911
train16913,0,16912
train16914,0,16913
train16915,0,16914
train16916,0,16915
train16917,0,16916
train16918,0,16917
train16919,0,16918
train16920,0,16919
train16921,0,16920
train16922,0,16921
train16923,0,16922
train16924,0,16923
train16925,0,16924
train16926,0,16925
train16927,0,16926
train16928,0,16927
train16929,0,16928
train16930,0,16929
train16931,0,16930
train16932,0,16931
train16933,0,16932
train16934,0,16933
train16935,0,16934
train16936,0,16935
train16937,0,16936
train16938,1,16937
train16939,0,16938
train16940,0,16939
train16941,0,16940
train16942,1,16941
train16943,1,16942
train16944,0,16943
train16945,0,16944
train16946,0,16945
train16947,0,16946
train16948,0,16947
train16949,0,16948
train16950,0,16949
train16951,0,16950
train16952,0,16951
train16953,0,16952
train16954,0,16953
train16955,0,16954
train16956,0,16955
train16957,0,16956
train16958,0,16957
train16959,0,16958
train16960,0,16959
train16961,0,16960
train16962,0,16961
train16963,0,16962
train16964,0,16963
train16965,0,16964
train16966,0,16965
train16967,0,16966
train16968,0,16967
train16969,0,16968
train16970,0,16969
train16971,0,16970
train16972,0,16971
train16973,0,16972
train16974,0,16973
train16975,0,16974
train16976,0,16975
train16977,0,16976
train16978,0,16977
train16979,0,16978
train16980,0,16979
train16981,0,16980
train16982,0,16981
train16983,0,16982
train16984,0,16983
train16985,0,16984
train16986,0,16985
train16987,0,16986
train16988,0,16987
train16989,0,16988
train16990,0,16989
train16991,0,16990
train16992,0,16991
train16993,0,16992
train16994,0,16993
train16995,0,16994
train16996,0,16995
train16997,0,16996
train16998,0,16997
train16999,0,16998
train17000,0,16999
train17001,0,17000
train17002,0,17001
train17003,0,17002
train17004,0,17003
train17005,0,17004
train17006,0,17005
train17007,0,17006
train17008,0,17007
train17009,0,17008
train17010,0,17009
train17011,0,17010
train17012,0,17011
train17013,0,17012
train17014,0,17013
train17015,0,17014
train17016,0,17015
train17017,0,17016
train17018,0,17017
train17019,0,17018
train17020,0,17019
train17021,0,17020
train17022,0,17021
train17023,0,17022
train17024,0,17023
train17025,0,17024
train17026,0,17025
train17027,0,17026
train17028,0,17027
train17029,0,17028
train17030,0,17029
train17031,0,17030
train17032,0,17031
train17033,0,17032
train17034,0,17033
train17035,0,17034
train17036,0,17035
train17037,0,17036
train17038,0,17037
train17039,0,17038
train17040,0,17039
train17041,0,17040
train17042,0,17041
train17043,0,17042
train17044,0,17043
train17045,0,17044
train17046,0,17045
train17047,0,17046
train17048,0,17047
train17049,0,17048
train17050,0,17049
train17051,0,17050
train17052,0,17051
train17053,0,17052
train17054,0,17053
train17055,0,17054
train17056,0,17055
train17057,0,17056
train17058,0,17057
train17059,0,17058
train17060,0,17059
train17061,0,17060
train17062,0,17061
train17063,0,17062
train17064,0,17063
train17065,0,17064
train17066,0,17065
train17067,0,17066
train17068,0,17067
train17069,0,17068
train17070,0,17069
train17071,0,17070
train17072,0,17071
train17073,0,17072
train17074,0,17073
train17075,0,17074
train17076,0,17075
train17077,0,17076
train17078,0,17077
train17079,0,17078
train17080,0,17079
train17081,0,17080
train17082,0,17081
train17083,0,17082
train17084,0,17083
train17085,0,17084
train17086,0,17085
train17087,0,17086
train17088,0,17087
train17089,0,17088
train17090,0,17089
train17091,0,17090
train17092,0,17091
train17093,0,17092
train17094,0,17093
train17095,0,17094
train17096,0,17095
train17097,0,17096
train17098,0,17097
train17099,0,17098
train17100,0,17099
train17101,0,17100
train17102,0,17101
train17103,1,17102
train17104,0,17103
train17105,0,17104
train17106,0,17105
train17107,0,17106
train17108,0,17107
train17109,0,17108
train17110,0,17109
train17111,0,17110
train17112,0,17111
train17113,0,17112
train17114,0,17113
train17115,0,17114
train17116,0,17115
train17117,0,17116
train17118,0,17117
train17119,0,17118
train17120,1,17119
train17121,0,17120
train17122,0,17121
train17123,0,17122
train17124,0,17123
train17125,0,17124
train17126,0,17125
train17127,0,17126
train17128,0,17127
train17129,0,17128
train17130,0,17129
train17131,0,17130
train17132,0,17131
train17133,0,17132
train17134,0,17133
train17135,0,17134
train17136,0,17135
train17137,0,17136
train17138,0,17137
train17139,0,17138
train17140,0,17139
train17141,0,17140
train17142,0,17141
train17143,0,17142
train17144,0,17143
train17145,0,17144
train17146,0,17145
train17147,0,17146
train17148,0,17147
train17149,0,17148
train17150,0,17149
train17151,0,17150
train17152,0,17151
train17153,0,17152
train17154,0,17153
train17155,0,17154
train17156,0,17155
train17157,0,17156
train17158,0,17157
train17159,0,17158
train17160,0,17159
train17161,0,17160
train17162,1,17161
train17163,0,17162
train17164,0,17163
train17165,0,17164
train17166,0,17165
train17167,0,17166
train17168,0,17167
train17169,0,17168
train17170,0,17169
train17171,0,17170
train17172,0,17171
train17173,0,17172
train17174,0,17173
train17175,0,17174
train17176,0,17175
train17177,0,17176
train17178,1,17177
train17179,0,17178
train17180,0,17179
train17181,0,17180
train17182,0,17181
train17183,0,17182
train17184,1,17183
train17185,0,17184
train17186,0,17185
train17187,0,17186
train17188,0,17187
train17189,0,17188
train17190,0,17189
train17191,0,17190
train17192,0,17191
train17193,0,17192
train17194,0,17193
train17195,0,17194
train17196,0,17195
train17197,0,17196
train17198,0,17197
train17199,0,17198
train17200,0,17199
train17201,0,17200
train17202,0,17201
train17203,0,17202
train17204,0,17203
train17205,0,17204
train17206,0,17205
train17207,0,17206
train17208,0,17207
train17209,0,17208
train17210,0,17209
train17211,0,17210
train17212,0,17211
train17213,0,17212
train17214,0,17213
train17215,0,17214
train17216,0,17215
train17217,0,17216
train17218,0,17217
train17219,0,17218
train17220,0,17219
train17221,0,17220
train17222,0,17221
train17223,0,17222
train17224,0,17223
train17225,0,17224
train17226,0,17225
train17227,0,17226
train17228,0,17227
train17229,1,17228
train17230,0,17229
train17231,0,17230
train17232,0,17231
train17233,0,17232
train17234,0,17233
train17235,0,17234
train17236,1,17235
train17237,1,17236
train17238,0,17237
train17239,0,17238
train17240,0,17239
train17241,0,17240
train17242,1,17241
train17243,0,17242
train17244,1,17243
train17245,1,17244
train17246,1,17245
train17247,0,17246
train17248,0,17247
train17249,0,17248
train17250,0,17249
train17251,0,17250
train17252,0,17251
train17253,0,17252
train17254,1,17253
train17255,1,17254
train17256,1,17255
train17257,1,17256
train17258,1,17257
train17259,0,17258
train17260,0,17259
train17261,1,17260
train17262,0,17261
train17263,0,17262
train17264,0,17263
train17265,0,17264
train17266,0,17265
train17267,0,17266
train17268,1,17267
train17269,1,17268
train17270,1,17269
train17271,0,17270
train17272,0,17271
train17273,0,17272
train17274,0,17273
train17275,0,17274
train17276,0,17275
train17277,0,17276
train17278,0,17277
train17279,0,17278
train17280,0,17279
train17281,0,17280
train17282,0,17281
train17283,0,17282
train17284,0,17283
train17285,0,17284
train17286,0,17285
train17287,0,17286
train17288,0,17287
train17289,0,17288
train17290,0,17289
train17291,0,17290
train17292,0,17291
train17293,1,17292
train17294,0,17293
train17295,1,17294
train17296,1,17295
train17297,1,17296
train17298,0,17297
train17299,0,17298
train17300,0,17299
train17301,1,17300
train17302,0,17301
train17303,0,17302
train17304,0,17303
train17305,1,17304
train17306,1,17305
train17307,0,17306
train17308,0,17307
train17309,0,17308
train17310,0,17309
train17311,0,17310
train17312,0,17311
train17313,1,17312
train17314,0,17313
train17315,1,17314
train17316,0,17315
train17317,0,17316
train17318,1,17317
train17319,1,17318
train17320,0,17319
train17321,0,17320
train17322,0,17321
train17323,0,17322
train17324,0,17323
train17325,0,17324
train17326,0,17325
train17327,0,17326
train17328,0,17327
train17329,0,17328
train17330,0,17329
train17331,0,17330
train17332,0,17331
train17333,0,17332
train17334,0,17333
train17335,0,17334
train17336,0,17335
train17337,0,17336
train17338,0,17337
train17339,0,17338
train17340,0,17339
train17341,0,17340
train17342,0,17341
train17343,0,17342
train17344,0,17343
train17345,0,17344
train17346,0,17345
train17347,0,17346
train17348,0,17347
train17349,0,17348
train17350,0,17349
train17351,0,17350
train17352,0,17351
train17353,0,17352
train17354,0,17353
train17355,1,17354
train17356,0,17355
train17357,0,17356
train17358,0,17357
train17359,0,17358
train17360,0,17359
train17361,0,17360
train17362,0,17361
train17363,0,17362
train17364,0,17363
train17365,0,17364
train17366,0,17365
train17367,0,17366
train17368,0,17367
train17369,0,17368
train17370,0,17369
train17371,0,17370
train17372,0,17371
train17373,0,17372
train17374,0,17373
train17375,0,17374
train17376,0,17375
train17377,1,17376
train17378,0,17377
train17379,0,17378
train17380,0,17379
train17381,0,17380
train17382,0,17381
train17383,0,17382
train17384,0,17383
train17385,0,17384
train17386,0,17385
train17387,0,17386
train17388,0,17387
train17389,0,17388
train17390,0,17389
train17391,0,17390
train17392,1,17391
train17393,0,17392
train17394,0,17393
train17395,0,17394
train17396,0,17395
train17397,0,17396
train17398,0,17397
train17399,0,17398
train17400,0,17399
train17401,0,17400
train17402,0,17401
train17403,0,17402
train17404,0,17403
train17405,0,17404
train17406,0,17405
train17407,0,17406
train17408,0,17407
train17409,0,17408
train17410,0,17409
train17411,0,17410
train17412,0,17411
train17413,0,17412
train17414,0,17413
train17415,0,17414
train17416,0,17415
train17417,0,17416
train17418,1,17417
train17419,1,17418
train17420,0,17419
train17421,0,17420
train17422,0,17421
train17423,0,17422
train17424,0,17423
train17425,0,17424
train17426,0,17425
train17427,0,17426
train17428,0,17427
train17429,0,17428
train17430,0,17429
train17431,0,17430
train17432,0,17431
train17433,1,17432
train17434,0,17433
train17435,0,17434
train17436,0,17435
train17437,1,17436
train17438,0,17437
train17439,0,17438
train17440,0,17439
train17441,0,17440
train17442,0,17441
train17443,0,17442
train17444,0,17443
train17445,0,17444
train17446,0,17445
train17447,0,17446
train17448,0,17447
train17449,0,17448
train17450,0,17449
train17451,0,17450
train17452,0,17451
train17453,0,17452
train17454,0,17453
train17455,1,17454
train17456,0,17455
train17457,0,17456
train17458,0,17457
train17459,0,17458
train17460,0,17459
train17461,0,17460
train17462,0,17461
train17463,0,17462
train17464,0,17463
train17465,0,17464
train17466,1,17465
train17467,0,17466
train17468,0,17467
train17469,0,17468
train17470,0,17469
train17471,1,17470
train17472,0,17471
train17473,0,17472
train17474,0,17473
train17475,1,17474
train17476,0,17475
train17477,1,17476
train17478,0,17477
train17479,0,17478
train17480,0,17479
train17481,0,17480
train17482,0,17481
train17483,0,17482
train17484,0,17483
train17485,0,17484
train17486,0,17485
train17487,0,17486
train17488,0,17487
train17489,0,17488
train17490,0,17489
train17491,0,17490
train17492,0,17491
train17493,0,17492
train17494,0,17493
train17495,0,17494
train17496,0,17495
train17497,0,17496
train17498,0,17497
train17499,0,17498
train17500,0,17499
train17501,1,17500
train17502,0,17501
train17503,0,17502
train17504,0,17503
train17505,0,17504
train17506,0,17505
train17507,1,17506
train17508,0,17507
train17509,0,17508
train17510,0,17509
train17511,0,17510
train17512,0,17511
train17513,0,17512
train17514,0,17513
train17515,0,17514
train17516,0,17515
train17517,0,17516
train17518,0,17517
train17519,0,17518
train17520,0,17519
train17521,1,17520
train17522,1,17521
train17523,0,17522
train17524,0,17523
train17525,0,17524
train17526,0,17525
train17527,0,17526
train17528,0,17527
train17529,0,17528
train17530,1,17529
train17531,1,17530
train17532,1,17531
train17533,1,17532
train17534,0,17533
train17535,0,17534
train17536,0,17535
train17537,0,17536
train17538,0,17537
train17539,0,17538
train17540,1,17539
train17541,1,17540
train17542,0,17541
train17543,1,17542
train17544,1,17543
train17545,0,17544
train17546,1,17545
train17547,0,17546
train17548,0,17547
train17549,1,17548
train17550,0,17549
train17551,1,17550
train17552,0,17551
train17553,0,17552
train17554,0,17553
train17555,1,17554
train17556,0,17555
train17557,0,17556
train17558,1,17557
train17559,0,17558
train17560,0,17559
train17561,0,17560
train17562,0,17561
train17563,1,17562
train17564,0,17563
train17565,0,17564
train17566,0,17565
train17567,0,17566
train17568,0,17567
train17569,0,17568
train17570,0,17569
train17571,0,17570
train17572,0,17571
train17573,0,17572
train17574,0,17573
train17575,0,17574
train17576,0,17575
train17577,0,17576
train17578,0,17577
train17579,0,17578
train17580,0,17579
train17581,1,17580
train17582,0,17581
train17583,1,17582
train17584,0,17583
train17585,0,17584
train17586,0,17585
train17587,0,17586
train17588,0,17587
train17589,0,17588
train17590,0,17589
train17591,0,17590
train17592,0,17591
train17593,0,17592
train17594,0,17593
train17595,0,17594
train17596,0,17595
train17597,1,17596
train17598,0,17597
train17599,0,17598
train17600,0,17599
train17601,0,17600
train17602,0,17601
train17603,0,17602
train17604,0,17603
train17605,0,17604
train17606,0,17605
train17607,0,17606
train17608,0,17607
train17609,0,17608
train17610,0,17609
train17611,0,17610
train17612,0,17611
train17613,0,17612
train17614,0,17613
train17615,0,17614
train17616,0,17615
train17617,0,17616
train17618,1,17617
train17619,0,17618
train17620,0,17619
train17621,0,17620
train17622,1,17621
train17623,1,17622
train17624,0,17623
train17625,0,17624
train17626,0,17625
train17627,0,17626
train17628,0,17627
train17629,0,17628
train17630,0,17629
train17631,0,17630
train17632,0,17631
train17633,1,17632
train17634,0,17633
train17635,0,17634
train17636,0,17635
train17637,0,17636
train17638,0,17637
train17639,0,17638
train17640,0,17639
train17641,0,17640
train17642,0,17641
train17643,0,17642
train17644,0,17643
train17645,0,17644
train17646,0,17645
train17647,0,17646
train17648,0,17647
train17649,0,17648
train17650,0,17649
train17651,0,17650
train17652,0,17651
train17653,0,17652
train17654,0,17653
train17655,0,17654
train17656,0,17655
train17657,0,17656
train17658,0,17657
train17659,0,17658
train17660,0,17659
train17661,0,17660
train17662,0,17661
train17663,0,17662
train17664,0,17663
train17665,0,17664
train17666,0,17665
train17667,0,17666
train17668,0,17667
train17669,0,17668
train17670,0,17669
train17671,0,17670
train17672,0,17671
train17673,0,17672
train17674,0,17673
train17675,0,17674
train17676,0,17675
train17677,0,17676
train17678,0,17677
train17679,0,17678
train17680,0,17679
train17681,0,17680
train17682,0,17681
train17683,0,17682
train17684,1,17683
train17685,0,17684
train17686,0,17685
train17687,0,17686
train17688,0,17687
train17689,0,17688
train17690,0,17689
train17691,0,17690
train17692,0,17691
train17693,0,17692
train17694,0,17693
train17695,0,17694
train17696,0,17695
train17697,0,17696
train17698,0,17697
train17699,0,17698
train17700,0,17699
train17701,0,17700
train17702,0,17701
train17703,0,17702
train17704,1,17703
train17705,1,17704
train17706,0,17705
train17707,0,17706
train17708,0,17707
train17709,0,17708
train17710,0,17709
train17711,0,17710
train17712,0,17711
train17713,0,17712
train17714,0,17713
train17715,1,17714
train17716,0,17715
train17717,1,17716
train17718,1,17717
train17719,0,17718
train17720,0,17719
train17721,0,17720
train17722,0,17721
train17723,0,17722
train17724,0,17723
train17725,0,17724
train17726,1,17725
train17727,1,17726
train17728,1,17727
train17729,0,17728
train17730,0,17729
train17731,0,17730
train17732,1,17731
train17733,0,17732
train17734,1,17733
train17735,0,17734
train17736,0,17735
train17737,0,17736
train17738,0,17737
train17739,0,17738
train17740,0,17739
train17741,0,17740
train17742,1,17741
train17743,0,17742
train17744,1,17743
train17745,0,17744
train17746,0,17745
train17747,0,17746
train17748,0,17747
train17749,1,17748
train17750,0,17749
train17751,0,17750
train17752,0,17751
train17753,0,17752
train17754,1,17753
train17755,0,17754
train17756,0,17755
train17757,0,17756
train17758,0,17757
train17759,0,17758
train17760,1,17759
train17761,1,17760
train17762,1,17761
train17763,0,17762
train17764,0,17763
train17765,0,17764
train17766,0,17765
train17767,0,17766
train17768,0,17767
train17769,0,17768
train17770,0,17769
train17771,0,17770
train17772,0,17771
train17773,0,17772
train17774,0,17773
train17775,0,17774
train17776,0,17775
train17777,0,17776
train17778,0,17777
train17779,0,17778
train17780,0,17779
train17781,0,17780
train17782,0,17781
train17783,1,17782
train17784,1,17783
train17785,0,17784
train17786,0,17785
train17787,0,17786
train17788,1,17787
train17789,1,17788
train17790,0,17789
train17791,0,17790
train17792,0,17791
train17793,1,17792
train17794,1,17793
train17795,0,17794
train17796,0,17795
train17797,0,17796
train17798,0,17797
train17799,0,17798
train17800,0,17799
train17801,0,17800
train17802,0,17801
train17803,0,17802
train17804,0,17803
train17805,0,17804
train17806,0,17805
train17807,0,17806
train17808,0,17807
train17809,0,17808
train17810,0,17809
train17811,0,17810
train17812,0,17811
train17813,0,17812
train17814,1,17813
train17815,0,17814
train17816,0,17815
train17817,1,17816
train17818,0,17817
train17819,0,17818
train17820,0,17819
train17821,0,17820
train17822,0,17821
train17823,0,17822
train17824,0,17823
train17825,0,17824
train17826,0,17825
train17827,0,17826
train17828,0,17827
train17829,0,17828
train17830,0,17829
train17831,0,17830
train17832,0,17831
train17833,0,17832
train17834,0,17833
train17835,0,17834
train17836,0,17835
train17837,0,17836
train17838,0,17837
train17839,0,17838
train17840,0,17839
train17841,0,17840
train17842,0,17841
train17843,0,17842
train17844,0,17843
train17845,0,17844
train17846,0,17845
train17847,0,17846
train17848,0,17847
train17849,0,17848
train17850,0,17849
train17851,0,17850
train17852,0,17851
train17853,0,17852
train17854,0,17853
train17855,0,17854
train17856,0,17855
train17857,0,17856
train17858,0,17857
train17859,0,17858
train17860,0,17859
train17861,0,17860
train17862,0,17861
train17863,0,17862
train17864,0,17863
train17865,0,17864
train17866,0,17865
train17867,1,17866
train17868,0,17867
train17869,0,17868
train17870,0,17869
train17871,0,17870
train17872,0,17871
train17873,0,17872
train17874,0,17873
train17875,1,17874
train17876,0,17875
train17877,0,17876
train17878,0,17877
train17879,1,17878
train17880,0,17879
train17881,1,17880
train17882,0,17881
train17883,0,17882
train17884,0,17883
train17885,0,17884
train17886,0,17885
train17887,0,17886
train17888,0,17887
train17889,0,17888
train17890,0,17889
train17891,0,17890
train17892,0,17891
train17893,0,17892
train17894,0,17893
train17895,0,17894
train17896,0,17895
train17897,0,17896
train17898,0,17897
train17899,0,17898
train17900,0,17899
train17901,0,17900
train17902,0,17901
train17903,0,17902
train17904,0,17903
train17905,0,17904
train17906,0,17905
train17907,0,17906
train17908,0,17907
train17909,0,17908
train17910,0,17909
train17911,0,17910
train17912,0,17911
train17913,0,17912
train17914,0,17913
train17915,0,17914
train17916,0,17915
train17917,0,17916
train17918,0,17917
train17919,0,17918
train17920,0,17919
train17921,0,17920
train17922,0,17921
train17923,0,17922
train17924,0,17923
train17925,0,17924
train17926,0,17925
train17927,0,17926
train17928,0,17927
train17929,0,17928
train17930,0,17929
train17931,0,17930
train17932,0,17931
train17933,0,17932
train17934,0,17933
train17935,0,17934
train17936,0,17935
train17937,0,17936
train17938,0,17937
train17939,0,17938
train17940,0,17939
train17941,0,17940
train17942,0,17941
train17943,0,17942
train17944,0,17943
train17945,0,17944
train17946,0,17945
train17947,0,17946
train17948,0,17947
train17949,0,17948
train17950,0,17949
train17951,0,17950
train17952,0,17951
train17953,0,17952
train17954,0,17953
train17955,0,17954
train17956,0,17955
train17957,0,17956
train17958,0,17957
train17959,0,17958
train17960,1,17959
train17961,1,17960
train17962,1,17961
train17963,0,17962
train17964,0,17963
train17965,0,17964
train17966,1,17965
train17967,0,17966
train17968,0,17967
train17969,0,17968
train17970,0,17969
train17971,0,17970
train17972,0,17971
train17973,0,17972
train17974,0,17973
train17975,0,17974
train17976,1,17975
train17977,1,17976
train17978,0,17977
train17979,0,17978
train17980,0,17979
train17981,0,17980
train17982,0,17981
train17983,0,17982
train17984,0,17983
train17985,0,17984
train17986,0,17985
train17987,0,17986
train17988,0,17987
train17989,1,17988
train17990,0,17989
train17991,0,17990
train17992,0,17991
train17993,0,17992
train17994,1,17993
train17995,0,17994
train17996,0,17995
train17997,0,17996
train17998,0,17997
train17999,0,17998
train18000,0,17999
train18001,1,18000
train18002,0,18001
train18003,0,18002
train18004,0,18003
train18005,0,18004
train18006,1,18005
train18007,0,18006
train18008,0,18007
train18009,1,18008
train18010,0,18009
train18011,0,18010
train18012,0,18011
train18013,0,18012
train18014,0,18013
train18015,0,18014
train18016,0,18015
train18017,0,18016
train18018,0,18017
train18019,0,18018
train18020,0,18019
train18021,0,18020
train18022,0,18021
train18023,0,18022
train18024,0,18023
train18025,0,18024
train18026,0,18025
train18027,0,18026
train18028,0,18027
train18029,0,18028
train18030,0,18029
train18031,0,18030
train18032,0,18031
train18033,0,18032
train18034,0,18033
train18035,0,18034
train18036,0,18035
train18037,0,18036
train18038,0,18037
train18039,0,18038
train18040,0,18039
train18041,0,18040
train18042,0,18041
train18043,0,18042
train18044,0,18043
train18045,0,18044
train18046,0,18045
train18047,0,18046
train18048,0,18047
train18049,0,18048
train18050,0,18049
train18051,0,18050
train18052,0,18051
train18053,0,18052
train18054,0,18053
train18055,0,18054
train18056,0,18055
train18057,0,18056
train18058,0,18057
train18059,0,18058
train18060,0,18059
train18061,0,18060
train18062,0,18061
train18063,0,18062
train18064,0,18063
train18065,0,18064
train18066,0,18065
train18067,0,18066
train18068,0,18067
train18069,0,18068
train18070,1,18069
train18071,0,18070
train18072,0,18071
train18073,0,18072
train18074,0,18073
train18075,1,18074
train18076,1,18075
train18077,0,18076
train18078,0,18077
train18079,0,18078
train18080,0,18079
train18081,0,18080
train18082,0,18081
train18083,0,18082
train18084,0,18083
train18085,0,18084
train18086,0,18085
train18087,0,18086
train18088,0,18087
train18089,0,18088
train18090,0,18089
train18091,0,18090
train18092,0,18091
train18093,0,18092
train18094,0,18093
train18095,0,18094
train18096,0,18095
train18097,0,18096
train18098,0,18097
train18099,0,18098
train18100,0,18099
train18101,1,18100
train18102,0,18101
train18103,0,18102
train18104,0,18103
train18105,0,18104
train18106,0,18105
train18107,1,18106
train18108,0,18107
train18109,0,18108
train18110,0,18109
train18111,0,18110
train18112,0,18111
train18113,0,18112
train18114,1,18113
train18115,0,18114
train18116,0,18115
train18117,0,18116
train18118,0,18117
train18119,0,18118
train18120,0,18119
train18121,0,18120
train18122,0,18121
train18123,0,18122
train18124,1,18123
train18125,1,18124
train18126,0,18125
train18127,0,18126
train18128,0,18127
train18129,1,18128
train18130,0,18129
train18131,0,18130
train18132,0,18131
train18133,0,18132
train18134,0,18133
train18135,0,18134
train18136,0,18135
train18137,0,18136
train18138,0,18137
train18139,0,18138
train18140,0,18139
train18141,0,18140
train18142,0,18141
train18143,0,18142
train18144,0,18143
train18145,0,18144
train18146,0,18145
train18147,0,18146
train18148,0,18147
train18149,0,18148
train18150,1,18149
train18151,0,18150
train18152,0,18151
train18153,0,18152
train18154,0,18153
train18155,1,18154
train18156,0,18155
train18157,0,18156
train18158,0,18157
train18159,0,18158
train18160,0,18159
train18161,0,18160
train18162,0,18161
train18163,0,18162
train18164,0,18163
train18165,0,18164
train18166,0,18165
train18167,0,18166
train18168,0,18167
train18169,0,18168
train18170,0,18169
train18171,0,18170
train18172,1,18171
train18173,0,18172
train18174,0,18173
train18175,0,18174
train18176,0,18175
train18177,1,18176
train18178,0,18177
train18179,0,18178
train18180,1,18179
train18181,0,18180
train18182,0,18181
train18183,0,18182
train18184,0,18183
train18185,0,18184
train18186,0,18185
train18187,0,18186
train18188,0,18187
train18189,0,18188
train18190,1,18189
train18191,1,18190
train18192,1,18191
train18193,1,18192
train18194,1,18193
train18195,0,18194
train18196,0,18195
train18197,1,18196
train18198,1,18197
train18199,0,18198
train18200,1,18199
train18201,0,18200
train18202,1,18201
train18203,1,18202
train18204,0,18203
train18205,1,18204
train18206,1,18205
train18207,1,18206
train18208,1,18207
train18209,1,18208
train18210,0,18209
train18211,0,18210
train18212,0,18211
train18213,0,18212
train18214,0,18213
train18215,0,18214
train18216,0,18215
train18217,0,18216
train18218,0,18217
train18219,0,18218
train18220,0,18219
train18221,0,18220
train18222,0,18221
train18223,0,18222
train18224,0,18223
train18225,0,18224
train18226,0,18225
train18227,0,18226
train18228,0,18227
train18229,0,18228
train18230,0,18229
train18231,0,18230
train18232,0,18231
train18233,0,18232
train18234,1,18233
train18235,0,18234
train18236,0,18235
train18237,0,18236
train18238,0,18237
train18239,0,18238
train18240,0,18239
train18241,1,18240
train18242,1,18241
train18243,0,18242
train18244,0,18243
train18245,0,18244
train18246,0,18245
train18247,0,18246
train18248,0,18247
train18249,0,18248
train18250,1,18249
train18251,0,18250
train18252,0,18251
train18253,0,18252
train18254,0,18253
train18255,0,18254
train18256,0,18255
train18257,0,18256
train18258,0,18257
train18259,0,18258
train18260,0,18259
train18261,0,18260
train18262,0,18261
train18263,0,18262
train18264,0,18263
train18265,0,18264
train18266,0,18265
train18267,0,18266
train18268,0,18267
train18269,0,18268
train18270,0,18269
train18271,0,18270
train18272,1,18271
train18273,1,18272
train18274,1,18273
train18275,1,18274
train18276,0,18275
train18277,0,18276
train18278,0,18277
train18279,0,18278
train18280,0,18279
train18281,0,18280
train18282,0,18281
train18283,0,18282
train18284,0,18283
train18285,0,18284
train18286,0,18285
train18287,0,18286
train18288,0,18287
train18289,0,18288
train18290,0,18289
train18291,1,18290
train18292,0,18291
train18293,0,18292
train18294,0,18293
train18295,0,18294
train18296,0,18295
train18297,0,18296
train18298,0,18297
train18299,0,18298
train18300,0,18299
train18301,0,18300
train18302,0,18301
train18303,0,18302
train18304,0,18303
train18305,0,18304
train18306,0,18305
train18307,0,18306
train18308,0,18307
train18309,0,18308
train18310,0,18309
train18311,0,18310
train18312,0,18311
train18313,0,18312
train18314,0,18313
train18315,0,18314
train18316,0,18315
train18317,0,18316
train18318,0,18317
train18319,0,18318
train18320,0,18319
train18321,1,18320
train18322,0,18321
train18323,0,18322
train18324,0,18323
train18325,0,18324
train18326,0,18325
train18327,0,18326
train18328,0,18327
train18329,0,18328
train18330,0,18329
train18331,0,18330
train18332,0,18331
train18333,0,18332
train18334,0,18333
train18335,0,18334
train18336,0,18335
train18337,0,18336
train18338,0,18337
train18339,0,18338
train18340,0,18339
train18341,0,18340
train18342,0,18341
train18343,0,18342
train18344,0,18343
train18345,0,18344
train18346,0,18345
train18347,0,18346
train18348,0,18347
train18349,1,18348
train18350,0,18349
train18351,0,18350
train18352,1,18351
train18353,0,18352
train18354,0,18353
train18355,1,18354
train18356,0,18355
train18357,0,18356
train18358,0,18357
train18359,0,18358
train18360,0,18359
train18361,0,18360
train18362,0,18361
train18363,0,18362
train18364,0,18363
train18365,0,18364
train18366,0,18365
train18367,0,18366
train18368,0,18367
train18369,0,18368
train18370,0,18369
train18371,0,18370
train18372,1,18371
train18373,1,18372
train18374,1,18373
train18375,1,18374
train18376,1,18375
train18377,0,18376
train18378,0,18377
train18379,1,18378
train18380,0,18379
train18381,0,18380
train18382,0,18381
train18383,1,18382
train18384,0,18383
train18385,0,18384
train18386,1,18385
train18387,0,18386
train18388,0,18387
train18389,0,18388
train18390,1,18389
train18391,1,18390
train18392,1,18391
train18393,1,18392
train18394,0,18393
train18395,0,18394
train18396,0,18395
train18397,0,18396
train18398,0,18397
train18399,0,18398
train18400,1,18399
train18401,1,18400
train18402,1,18401
train18403,0,18402
train18404,0,18403
train18405,0,18404
train18406,0,18405
train18407,0,18406
train18408,0,18407
train18409,0,18408
train18410,0,18409
train18411,0,18410
train18412,0,18411
train18413,0,18412
train18414,0,18413
train18415,0,18414
train18416,1,18415
train18417,0,18416
train18418,0,18417
train18419,0,18418
train18420,0,18419
train18421,0,18420
train18422,0,18421
train18423,0,18422
train18424,0,18423
train18425,0,18424
train18426,1,18425
train18427,0,18426
train18428,0,18427
train18429,0,18428
train18430,1,18429
train18431,1,18430
train18432,1,18431
train18433,1,18432
train18434,1,18433
train18435,0,18434
train18436,1,18435
train18437,0,18436
train18438,0,18437
train18439,1,18438
train18440,1,18439
train18441,0,18440
train18442,0,18441
train18443,1,18442
train18444,1,18443
train18445,1,18444
train18446,1,18445
train18447,0,18446
train18448,1,18447
train18449,1,18448
train18450,1,18449
train18451,1,18450
train18452,0,18451
train18453,1,18452
train18454,1,18453
train18455,1,18454
train18456,0,18455
train18457,0,18456
train18458,0,18457
train18459,1,18458
train18460,1,18459
train18461,0,18460
train18462,0,18461
train18463,0,18462
train18464,0,18463
train18465,0,18464
train18466,0,18465
train18467,0,18466
train18468,0,18467
train18469,0,18468
train18470,0,18469
train18471,0,18470
train18472,0,18471
train18473,0,18472
train18474,0,18473
train18475,0,18474
train18476,1,18475
train18477,0,18476
train18478,0,18477
train18479,0,18478
train18480,0,18479
train18481,0,18480
train18482,1,18481
train18483,1,18482
train18484,1,18483
train18485,1,18484
train18486,0,18485
train18487,0,18486
train18488,1,18487
train18489,0,18488
train18490,1,18489
train18491,1,18490
train18492,0,18491
train18493,0,18492
train18494,1,18493
train18495,1,18494
train18496,1,18495
train18497,1,18496
train18498,0,18497
train18499,0,18498
train18500,1,18499
train18501,1,18500
train18502,0,18501
train18503,1,18502
train18504,1,18503
train18505,1,18504
train18506,1,18505
train18507,1,18506
train18508,1,18507
train18509,1,18508
train18510,1,18509
train18511,1,18510
train18512,1,18511
train18513,1,18512
train18514,0,18513
train18515,1,18514
train18516,1,18515
train18517,1,18516
train18518,1,18517
train18519,0,18518
train18520,0,18519
train18521,1,18520
train18522,0,18521
train18523,0,18522
train18524,0,18523
train18525,1,18524
train18526,1,18525
train18527,0,18526
train18528,0,18527
train18529,1,18528
train18530,1,18529
train18531,1,18530
train18532,1,18531
train18533,1,18532
train18534,1,18533
train18535,1,18534
train18536,1,18535
train18537,1,18536
train18538,1,18537
train18539,1,18538
train18540,1,18539
train18541,1,18540
train18542,1,18541
train18543,1,18542
train18544,1,18543
train18545,0,18544
train18546,1,18545
train18547,1,18546
train18548,1,18547
train18549,1,18548
train18550,1,18549
train18551,0,18550
train18552,0,18551
train18553,0,18552
train18554,1,18553
train18555,1,18554
train18556,1,18555
train18557,0,18556
train18558,1,18557
train18559,1,18558
train18560,1,18559
train18561,1,18560
train18562,1,18561
train18563,1,18562
train18564,1,18563
train18565,0,18564
train18566,1,18565
train18567,1,18566
train18568,1,18567
train18569,1,18568
train18570,1,18569
train18571,1,18570
train18572,0,18571
train18573,1,18572
train18574,1,18573
train18575,0,18574
train18576,1,18575
train18577,1,18576
train18578,0,18577
train18579,0,18578
train18580,1,18579
train18581,1,18580
train18582,1,18581
train18583,0,18582
train18584,0,18583
train18585,0,18584
train18586,0,18585
train18587,1,18586
train18588,1,18587
train18589,1,18588
train18590,0,18589
train18591,0,18590
train18592,0,18591
train18593,1,18592
train18594,0,18593
train18595,0,18594
train18596,0,18595
train18597,0,18596
train18598,0,18597
train18599,0,18598
train18600,0,18599
train18601,1,18600
train18602,1,18601
train18603,1,18602
train18604,1,18603
train18605,1,18604
train18606,1,18605
train18607,0,18606
train18608,1,18607
train18609,1,18608
train18610,0,18609
train18611,1,18610
train18612,1,18611
train18613,1,18612
train18614,0,18613
train18615,0,18614
train18616,1,18615
train18617,1,18616
train18618,1,18617
train18619,1,18618
train18620,0,18619
train18621,0,18620
train18622,1,18621
train18623,0,18622
train18624,0,18623
train18625,0,18624
train18626,0,18625
train18627,0,18626
train18628,0,18627
train18629,0,18628
train18630,0,18629
train18631,1,18630
train18632,0,18631
train18633,0,18632
train18634,0,18633
train18635,1,18634
train18636,1,18635
train18637,0,18636
train18638,0,18637
train18639,1,18638
train18640,1,18639
train18641,0,18640
train18642,1,18641
train18643,1,18642
train18644,1,18643
train18645,1,18644
train18646,1,18645
train18647,1,18646
train18648,1,18647
train18649,0,18648
train18650,0,18649
train18651,0,18650
train18652,0,18651
train18653,0,18652
train18654,1,18653
train18655,1,18654
train18656,1,18655
train18657,1,18656
train18658,1,18657
train18659,1,18658
train18660,1,18659
train18661,0,18660
train18662,1,18661
train18663,1,18662
train18664,1,18663
train18665,0,18664
train18666,0,18665
train18667,1,18666
train18668,1,18667
train18669,1,18668
train18670,1,18669
train18671,1,18670
train18672,1,18671
train18673,1,18672
train18674,1,18673
train18675,0,18674
train18676,0,18675
train18677,1,18676
train18678,1,18677
train18679,0,18678
train18680,0,18679
train18681,1,18680
train18682,1,18681
train18683,1,18682
train18684,1,18683
train18685,0,18684
train18686,0,18685
train18687,0,18686
train18688,0,18687
train18689,0,18688
train18690,0,18689
train18691,0,18690
train18692,0,18691
train18693,1,18692
train18694,1,18693
train18695,1,18694
train18696,1,18695
train18697,0,18696
train18698,0,18697
train18699,1,18698
train18700,1,18699
train18701,1,18700
train18702,0,18701
train18703,1,18702
train18704,1,18703
train18705,0,18704
train18706,0,18705
train18707,1,18706
train18708,0,18707
train18709,0,18708
train18710,0,18709
train18711,1,18710
train18712,1,18711
train18713,1,18712
train18714,0,18713
train18715,0,18714
train18716,1,18715
train18717,0,18716
train18718,0,18717
train18719,0,18718
train18720,1,18719
train18721,0,18720
train18722,0,18721
train18723,0,18722
train18724,1,18723
train18725,1,18724
train18726,0,18725
train18727,1,18726
train18728,1,18727
train18729,1,18728
train18730,1,18729
train18731,1,18730
train18732,1,18731
train18733,1,18732
train18734,1,18733
train18735,1,18734
train18736,1,18735
train18737,0,18736
train18738,0,18737
train18739,0,18738
train18740,0,18739
train18741,0,18740
train18742,0,18741
train18743,1,18742
train18744,1,18743
train18745,0,18744
train18746,1,18745
train18747,0,18746
train18748,0,18747
train18749,0,18748
train18750,0,18749
train18751,1,18750
train18752,1,18751
train18753,0,18752
train18754,1,18753
train18755,0,18754
train18756,1,18755
train18757,1,18756
train18758,0,18757
train18759,1,18758
train18760,0,18759
train18761,1,18760
train18762,1,18761
train18763,1,18762
train18764,1,18763
train18765,1,18764
train18766,1,18765
train18767,1,18766
train18768,1,18767
train18769,1,18768
train18770,1,18769
train18771,1,18770
train18772,1,18771
train18773,1,18772
train18774,1,18773
train18775,1,18774
train18776,1,18775
train18777,1,18776
train18778,1,18777
train18779,1,18778
train18780,0,18779
train18781,1,18780
train18782,0,18781
train18783,1,18782
train18784,0,18783
train18785,0,18784
train18786,1,18785
train18787,1,18786
train18788,1,18787
train18789,0,18788
train18790,0,18789
train18791,0,18790
train18792,0,18791
train18793,0,18792
train18794,1,18793
train18795,1,18794
train18796,0,18795
train18797,1,18796
train18798,1,18797
train18799,0,18798
train18800,1,18799
train18801,1,18800
train18802,0,18801
train18803,0,18802
train18804,0,18803
train18805,1,18804
train18806,1,18805
train18807,1,18806
train18808,1,18807
train18809,1,18808
train18810,1,18809
train18811,1,18810
train18812,1,18811
train18813,1,18812
train18814,0,18813
train18815,0,18814
train18816,1,18815
train18817,1,18816
train18818,1,18817
train18819,1,18818
train18820,1,18819
train18821,1,18820
train18822,1,18821
train18823,0,18822
train18824,1,18823
train18825,1,18824
train18826,1,18825
train18827,1,18826
train18828,1,18827
train18829,0,18828
train18830,1,18829
train18831,1,18830
train18832,1,18831
train18833,1,18832
train18834,1,18833
train18835,0,18834
train18836,1,18835
train18837,1,18836
train18838,1,18837
train18839,0,18838
train18840,0,18839
train18841,0,18840
train18842,1,18841
train18843,0,18842
train18844,0,18843
train18845,1,18844
train18846,0,18845
train18847,1,18846
train18848,0,18847
train18849,1,18848
train18850,1,18849
train18851,0,18850
train18852,0,18851
train18853,1,18852
train18854,1,18853
train18855,1,18854
train18856,1,18855
train18857,0,18856
train18858,1,18857
train18859,1,18858
train18860,1,18859
train18861,0,18860
train18862,0,18861
train18863,0,18862
train18864,1,18863
train18865,1,18864
train18866,1,18865
train18867,1,18866
train18868,1,18867
train18869,1,18868
train18870,1,18869
train18871,1,18870
train18872,1,18871
train18873,1,18872
train18874,0,18873
train18875,1,18874
train18876,1,18875
train18877,1,18876
train18878,1,18877
train18879,0,18878
train18880,1,18879
train18881,0,18880
train18882,0,18881
train18883,0,18882
train18884,0,18883
train18885,0,18884
train18886,0,18885
train18887,0,18886
train18888,0,18887
train18889,0,18888
train18890,0,18889
train18891,1,18890
train18892,0,18891
train18893,0,18892
train18894,0,18893
train18895,0,18894
train18896,0,18895
train18897,0,18896
train18898,0,18897
train18899,0,18898
train18900,0,18899
train18901,0,18900
train18902,0,18901
train18903,1,18902
train18904,1,18903
train18905,1,18904
train18906,0,18905
train18907,1,18906
train18908,1,18907
train18909,0,18908
train18910,1,18909
train18911,1,18910
train18912,1,18911
train18913,1,18912
train18914,1,18913
train18915,0,18914
train18916,0,18915
train18917,0,18916
train18918,1,18917
train18919,0,18918
train18920,0,18919
train18921,0,18920
train18922,0,18921
train18923,1,18922
train18924,1,18923
train18925,1,18924
train18926,0,18925
train18927,0,18926
train18928,0,18927
train18929,0,18928
train18930,0,18929
train18931,0,18930
train18932,0,18931
train18933,0,18932
train18934,0,18933
train18935,0,18934
train18936,0,18935
train18937,1,18936
train18938,1,18937
train18939,1,18938
train18940,0,18939
train18941,1,18940
train18942,1,18941
train18943,1,18942
train18944,0,18943
train18945,0,18944
train18946,1,18945
train18947,1,18946
train18948,1,18947
train18949,1,18948
train18950,1,18949
train18951,1,18950
train18952,1,18951
train18953,1,18952
train18954,1,18953
train18955,1,18954
train18956,1,18955
train18957,1,18956
train18958,1,18957
train18959,0,18958
train18960,0,18959
train18961,0,18960
train18962,0,18961
train18963,0,18962
train18964,1,18963
train18965,1,18964
train18966,1,18965
train18967,1,18966
train18968,1,18967
train18969,1,18968
train18970,1,18969
train18971,0,18970
train18972,0,18971
train18973,1,18972
train18974,1,18973
train18975,1,18974
train18976,1,18975
train18977,1,18976
train18978,1,18977
train18979,0,18978
train18980,1,18979
train18981,1,18980
train18982,0,18981
train18983,1,18982
train18984,1,18983
train18985,1,18984
train18986,1,18985
train18987,1,18986
train18988,0,18987
train18989,0,18988
train18990,1,18989
train18991,1,18990
train18992,0,18991
train18993,0,18992
train18994,0,18993
train18995,1,18994
train18996,1,18995
train18997,0,18996
train18998,0,18997
train18999,1,18998
train19000,1,18999
train19001,1,19000
train19002,1,19001
train19003,1,19002
train19004,1,19003
train19005,1,19004
train19006,0,19005
train19007,0,19006
train19008,1,19007
train19009,1,19008
train19010,1,19009
train19011,0,19010
train19012,1,19011
train19013,1,19012
train19014,1,19013
train19015,1,19014
train19016,1,19015
train19017,0,19016
train19018,1,19017
train19019,1,19018
train19020,0,19019
train19021,0,19020
train19022,1,19021
train19023,1,19022
train19024,1,19023
train19025,1,19024
train19026,1,19025
train19027,1,19026
train19028,0,19027
train19029,0,19028
train19030,1,19029
train19031,0,19030
train19032,1,19031
train19033,1,19032
train19034,1,19033
train19035,0,19034
train19036,0,19035
train19037,0,19036
train19038,0,19037
train19039,0,19038
train19040,0,19039
train19041,0,19040
train19042,0,19041
train19043,0,19042
train19044,0,19043
train19045,0,19044
train19046,0,19045
train19047,0,19046
train19048,0,19047
train19049,0,19048
train19050,1,19049
train19051,1,19050
train19052,1,19051
train19053,1,19052
train19054,1,19053
train19055,1,19054
train19056,0,19055
train19057,1,19056
train19058,1,19057
train19059,0,19058
train19060,1,19059
train19061,1,19060
train19062,1,19061
train19063,1,19062
train19064,1,19063
train19065,0,19064
train19066,1,19065
train19067,0,19066
train19068,0,19067
train19069,1,19068
train19070,1,19069
train19071,1,19070
train19072,1,19071
train19073,0,19072
train19074,1,19073
train19075,0,19074
train19076,1,19075
train19077,1,19076
train19078,1,19077
train19079,1,19078
train19080,1,19079
train19081,1,19080
train19082,1,19081
train19083,1,19082
train19084,1,19083
train19085,1,19084
train19086,1,19085
train19087,1,19086
train19088,1,19087
train19089,0,19088
train19090,0,19089
train19091,1,19090
train19092,1,19091
train19093,1,19092
train19094,1,19093
train19095,1,19094
train19096,1,19095
train19097,1,19096
train19098,1,19097
train19099,1,19098
train19100,1,19099
train19101,1,19100
train19102,1,19101
train19103,1,19102
train19104,0,19103
train19105,1,19104
train19106,1,19105
train19107,1,19106
train19108,1,19107
train19109,1,19108
train19110,1,19109
train19111,0,19110
train19112,1,19111
train19113,1,19112
train19114,0,19113
train19115,0,19114
train19116,1,19115
train19117,1,19116
train19118,1,19117
train19119,1,19118
train19120,0,19119
train19121,0,19120
train19122,1,19121
train19123,1,19122
train19124,0,19123
train19125,1,19124
train19126,1,19125
train19127,0,19126
train19128,0,19127
train19129,1,19128
train19130,1,19129
train19131,1,19130
train19132,1,19131
train19133,1,19132
train19134,0,19133
train19135,1,19134
train19136,1,19135
train19137,1,19136
train19138,1,19137
train19139,1,19138
train19140,1,19139
train19141,1,19140
train19142,1,19141
train19143,1,19142
train19144,1,19143
train19145,1,19144
train19146,0,19145
train19147,0,19146
train19148,0,19147
train19149,1,19148
train19150,0,19149
train19151,0,19150
train19152,0,19151
train19153,0,19152
train19154,1,19153
train19155,1,19154
train19156,0,19155
train19157,1,19156
train19158,1,19157
train19159,1,19158
train19160,0,19159
train19161,0,19160
train19162,0,19161
train19163,0,19162
train19164,0,19163
train19165,1,19164
train19166,1,19165
train19167,0,19166
train19168,0,19167
train19169,0,19168
train19170,0,19169
train19171,0,19170
train19172,0,19171
train19173,0,19172
train19174,1,19173
train19175,1,19174
train19176,1,19175
train19177,1,19176
train19178,1,19177
train19179,1,19178
train19180,1,19179
train19181,1,19180
train19182,1,19181
train19183,1,19182
train19184,1,19183
train19185,0,19184
train19186,0,19185
train19187,1,19186
train19188,1,19187
train19189,0,19188
train19190,0,19189
train19191,0,19190
train19192,0,19191
train19193,0,19192
train19194,0,19193
train19195,1,19194
train19196,1,19195
train19197,0,19196
train19198,0,19197
train19199,1,19198
train19200,1,19199
train19201,1,19200
train19202,0,19201
train19203,1,19202
train19204,0,19203
train19205,0,19204
train19206,0,19205
train19207,1,19206
train19208,0,19207
train19209,1,19208
train19210,1,19209
train19211,1,19210
train19212,0,19211
train19213,1,19212
train19214,1,19213
train19215,1,19214
train19216,1,19215
train19217,0,19216
train19218,0,19217
train19219,0,19218
train19220,0,19219
train19221,0,19220
train19222,0,19221
train19223,1,19222
train19224,0,19223
train19225,1,19224
train19226,0,19225
train19227,1,19226
train19228,0,19227
train19229,0,19228
train19230,0,19229
train19231,0,19230
train19232,1,19231
train19233,1,19232
train19234,1,19233
train19235,1,19234
train19236,0,19235
train19237,1,19236
train19238,1,19237
train19239,1,19238
train19240,1,19239
train19241,1,19240
train19242,1,19241
train19243,1,19242
train19244,0,19243
train19245,0,19244
train19246,1,19245
train19247,0,19246
train19248,1,19247
train19249,1,19248
train19250,1,19249
train19251,1,19250
train19252,1,19251
train19253,1,19252
train19254,0,19253
train19255,0,19254
train19256,1,19255
train19257,1,19256
train19258,0,19257
train19259,0,19258
train19260,0,19259
train19261,1,19260
train19262,1,19261
train19263,1,19262
train19264,1,19263
train19265,1,19264
train19266,1,19265
train19267,1,19266
train19268,1,19267
train19269,1,19268
train19270,0,19269
train19271,0,19270
train19272,1,19271
train19273,1,19272
train19274,1,19273
train19275,1,19274
train19276,1,19275
train19277,1,19276
train19278,1,19277
train19279,1,19278
train19280,0,19279
train19281,0,19280
train19282,1,19281
train19283,1,19282
train19284,0,19283
train19285,0,19284
train19286,0,19285
train19287,0,19286
train19288,0,19287
train19289,0,19288
train19290,0,19289
train19291,1,19290
train19292,0,19291
train19293,0,19292
train19294,0,19293
train19295,0,19294
train19296,0,19295
train19297,0,19296
train19298,0,19297
train19299,0,19298
train19300,0,19299
train19301,1,19300
train19302,1,19301
train19303,1,19302
train19304,1,19303
train19305,1,19304
train19306,0,19305
train19307,0,19306
train19308,0,19307
train19309,0,19308
train19310,0,19309
train19311,0,19310
train19312,0,19311
train19313,1,19312
train19314,0,19313
train19315,1,19314
train19316,0,19315
train19317,1,19316
train19318,1,19317
train19319,1,19318
train19320,1,19319
train19321,1,19320
train19322,1,19321
train19323,1,19322
train19324,1,19323
train19325,1,19324
train19326,0,19325
train19327,0,19326
train19328,1,19327
train19329,1,19328
train19330,0,19329
train19331,1,19330
train19332,0,19331
train19333,0,19332
train19334,0,19333
train19335,0,19334
train19336,0,19335
train19337,0,19336
train19338,1,19337
train19339,1,19338
train19340,1,19339
train19341,1,19340
train19342,1,19341
train19343,1,19342
train19344,1,19343
train19345,1,19344
train19346,1,19345
train19347,1,19346
train19348,1,19347
train19349,0,19348
train19350,1,19349
train19351,1,19350
train19352,0,19351
train19353,0,19352
train19354,0,19353
train19355,1,19354
train19356,1,19355
train19357,0,19356
train19358,1,19357
train19359,1,19358
train19360,1,19359
train19361,1,19360
train19362,1,19361
train19363,1,19362
train19364,1,19363
train19365,1,19364
train19366,1,19365
train19367,1,19366
train19368,1,19367
train19369,1,19368
train19370,0,19369
train19371,1,19370
train19372,1,19371
train19373,1,19372
train19374,1,19373
train19375,1,19374
train19376,1,19375
train19377,1,19376
train19378,1,19377
train19379,1,19378
train19380,0,19379
train19381,1,19380
train19382,1,19381
train19383,1,19382
train19384,1,19383
train19385,1,19384
train19386,1,19385
train19387,1,19386
train19388,1,19387
train19389,1,19388
train19390,1,19389
train19391,1,19390
train19392,1,19391
train19393,1,19392
train19394,1,19393
train19395,1,19394
train19396,1,19395
train19397,1,19396
train19398,1,19397
train19399,1,19398
train19400,1,19399
train19401,1,19400
train19402,1,19401
train19403,1,19402
train19404,1,19403
train19405,1,19404
train19406,0,19405
train19407,1,19406
train19408,1,19407
train19409,1,19408
train19410,1,19409
train19411,1,19410
train19412,0,19411
train19413,1,19412
train19414,1,19413
train19415,1,19414
train19416,1,19415
train19417,1,19416
train19418,0,19417
train19419,1,19418
train19420,1,19419
train19421,1,19420
train19422,1,19421
train19423,0,19422
train19424,0,19423
train19425,1,19424
train19426,1,19425
train19427,0,19426
train19428,0,19427
train19429,1,19428
train19430,1,19429
train19431,1,19430
train19432,1,19431
train19433,1,19432
train19434,1,19433
train19435,1,19434
train19436,1,19435
train19437,0,19436
train19438,1,19437
train19439,1,19438
train19440,0,19439
train19441,1,19440
train19442,1,19441
train19443,1,19442
train19444,0,19443
train19445,0,19444
train19446,0,19445
train19447,1,19446
train19448,1,19447
train19449,1,19448
train19450,1,19449
train19451,1,19450
train19452,0,19451
train19453,0,19452
train19454,1,19453
train19455,1,19454
train19456,0,19455
train19457,0,19456
train19458,1,19457
train19459,0,19458
train19460,0,19459
train19461,0,19460
train19462,1,19461
train19463,1,19462
train19464,1,19463
train19465,1,19464
train19466,0,19465
train19467,0,19466
train19468,0,19467
train19469,0,19468
train19470,1,19469
train19471,1,19470
train19472,1,19471
train19473,1,19472
train19474,0,19473
train19475,1,19474
train19476,1,19475
train19477,1,19476
train19478,0,19477
train19479,0,19478
train19480,1,19479
train19481,0,19480
train19482,1,19481
train19483,1,19482
train19484,1,19483
train19485,1,19484
train19486,1,19485
train19487,0,19486
train19488,1,19487
train19489,0,19488
train19490,0,19489
train19491,0,19490
train19492,0,19491
train19493,1,19492
train19494,1,19493
train19495,1,19494
train19496,0,19495
train19497,1,19496
train19498,0,19497
train19499,0,19498
train19500,1,19499
train19501,1,19500
train19502,1,19501
train19503,1,19502
train19504,1,19503
train19505,1,19504
train19506,1,19505
train19507,1,19506
train19508,1,19507
train19509,1,19508
train19510,1,19509
train19511,0,19510
train19512,0,19511
train19513,1,19512
train19514,1,19513
train19515,1,19514
train19516,1,19515
train19517,1,19516
train19518,0,19517
train19519,0,19518
train19520,0,19519
train19521,0,19520
train19522,1,19521
train19523,0,19522
train19524,0,19523
train19525,1,19524
train19526,1,19525
train19527,0,19526
train19528,1,19527
train19529,1,19528
train19530,1,19529
train19531,1,19530
train19532,1,19531
train19533,1,19532
train19534,1,19533
train19535,1,19534
train19536,1,19535
train19537,1,19536
train19538,1,19537
train19539,1,19538
train19540,1,19539
train19541,1,19540
train19542,1,19541
train19543,1,19542
train19544,1,19543
train19545,1,19544
train19546,1,19545
train19547,1,19546
train19548,0,19547
train19549,1,19548
train19550,1,19549
train19551,0,19550
train19552,0,19551
train19553,0,19552
train19554,0,19553
train19555,0,19554
train19556,0,19555
train19557,1,19556
train19558,1,19557
train19559,1,19558
train19560,1,19559
train19561,1,19560
train19562,1,19561
train19563,1,19562
train19564,1,19563
train19565,1,19564
train19566,1,19565
train19567,1,19566
train19568,1,19567
train19569,1,19568
train19570,1,19569
train19571,1,19570
train19572,1,19571
train19573,1,19572
train19574,1,19573
train19575,1,19574
train19576,1,19575
train19577,0,19576
train19578,1,19577
train19579,1,19578
train19580,1,19579
train19581,1,19580
train19582,1,19581
train19583,1,19582
train19584,0,19583
train19585,1,19584
train19586,0,19585
train19587,0,19586
train19588,1,19587
train19589,0,19588
train19590,1,19589
train19591,1,19590
train19592,1,19591
train19593,1,19592
train19594,1,19593
train19595,0,19594
train19596,0,19595
train19597,1,19596
train19598,1,19597
train19599,1,19598
train19600,0,19599
train19601,0,19600
train19602,0,19601
train19603,0,19602
train19604,0,19603
train19605,0,19604
train19606,1,19605
train19607,1,19606
train19608,1,19607
train19609,1,19608
train19610,1,19609
train19611,1,19610
train19612,1,19611
train19613,1,19612
train19614,0,19613
train19615,1,19614
train19616,1,19615
train19617,1,19616
train19618,0,19617
train19619,1,19618
train19620,1,19619
train19621,1,19620
train19622,1,19621
train19623,1,19622
train19624,1,19623
train19625,0,19624
train19626,0,19625
train19627,0,19626
train19628,1,19627
train19629,0,19628
train19630,0,19629
train19631,1,19630
train19632,1,19631
train19633,0,19632
train19634,0,19633
train19635,1,19634
train19636,1,19635
train19637,1,19636
train19638,1,19637
train19639,1,19638
train19640,0,19639
train19641,1,19640
train19642,0,19641
train19643,1,19642
train19644,0,19643
train19645,0,19644
train19646,0,19645
train19647,0,19646
train19648,1,19647
train19649,1,19648
train19650,1,19649
train19651,1,19650
train19652,1,19651
train19653,1,19652
train19654,1,19653
train19655,1,19654
train19656,1,19655
train19657,0,19656
train19658,0,19657
train19659,1,19658
train19660,1,19659
train19661,1,19660
train19662,0,19661
train19663,0,19662
train19664,0,19663
train19665,0,19664
train19666,0,19665
train19667,1,19666
train19668,1,19667
train19669,1,19668
train19670,0,19669
train19671,0,19670
train19672,1,19671
train19673,1,19672
train19674,1,19673
train19675,1,19674
train19676,0,19675
train19677,0,19676
train19678,0,19677
train19679,1,19678
train19680,1,19679
train19681,1,19680
train19682,1,19681
train19683,1,19682
train19684,1,19683
train19685,0,19684
train19686,1,19685
train19687,1,19686
train19688,1,19687
train19689,0,19688
train19690,0,19689
train19691,0,19690
train19692,0,19691
train19693,0,19692
train19694,0,19693
train19695,1,19694
train19696,1,19695
train19697,0,19696
train19698,1,19697
train19699,1,19698
train19700,1,19699
train19701,0,19700
train19702,0,19701
train19703,1,19702
train19704,1,19703
train19705,1,19704
train19706,1,19705
train19707,1,19706
train19708,0,19707
train19709,1,19708
train19710,1,19709
train19711,0,19710
train19712,0,19711
train19713,0,19712
train19714,1,19713
train19715,1,19714
train19716,0,19715
train19717,1,19716
train19718,0,19717
train19719,0,19718
train19720,0,19719
train19721,0,19720
train19722,0,19721
train19723,0,19722
train19724,1,19723
train19725,1,19724
train19726,1,19725
train19727,1,19726
train19728,1,19727
train19729,1,19728
train19730,1,19729
train19731,1,19730
train19732,1,19731
train19733,1,19732
train19734,1,19733
train19735,1,19734
train19736,1,19735
train19737,1,19736
train19738,0,19737
train19739,0,19738
train19740,1,19739
train19741,0,19740
train19742,1,19741
train19743,1,19742
train19744,0,19743
train19745,0,19744
train19746,1,19745
train19747,0,19746
train19748,0,19747
train19749,1,19748
train19750,1,19749
train19751,1,19750
train19752,0,19751
train19753,0,19752
train19754,1,19753
train19755,0,19754
train19756,1,19755
train19757,1,19756
train19758,0,19757
train19759,0,19758
train19760,1,19759
train19761,1,19760
train19762,1,19761
train19763,1,19762
train19764,1,19763
train19765,1,19764
train19766,1,19765
train19767,0,19766
train19768,0,19767
train19769,1,19768
train19770,0,19769
train19771,1,19770
train19772,1,19771
train19773,1,19772
train19774,0,19773
train19775,1,19774
train19776,1,19775
train19777,0,19776
train19778,0,19777
train19779,0,19778
train19780,1,19779
train19781,1,19780
train19782,1,19781
train19783,1,19782
train19784,1,19783
train19785,0,19784
train19786,0,19785
train19787,0,19786
train19788,0,19787
train19789,0,19788
train19790,1,19789
train19791,1,19790
train19792,1,19791
train19793,1,19792
train19794,1,19793
train19795,1,19794
train19796,1,19795
train19797,1,19796
train19798,1,19797
train19799,0,19798
train19800,0,19799
train19801,1,19800
train19802,1,19801
train19803,1,19802
train19804,1,19803
train19805,1,19804
train19806,1,19805
train19807,0,19806
train19808,0,19807
train19809,0,19808
train19810,0,19809
train19811,0,19810
train19812,0,19811
train19813,0,19812
train19814,0,19813
train19815,0,19814
train19816,0,19815
train19817,0,19816
train19818,1,19817
train19819,0,19818
train19820,0,19819
train19821,1,19820
train19822,1,19821
train19823,1,19822
train19824,1,19823
train19825,1,19824
train19826,1,19825
train19827,1,19826
train19828,1,19827
train19829,0,19828
train19830,1,19829
train19831,0,19830
train19832,1,19831
train19833,1,19832
train19834,0,19833
train19835,1,19834
train19836,1,19835
train19837,0,19836
train19838,0,19837
train19839,0,19838
train19840,0,19839
train19841,0,19840
train19842,0,19841
train19843,1,19842
train19844,0,19843
train19845,0,19844
train19846,0,19845
train19847,0,19846
train19848,0,19847
train19849,0,19848
train19850,0,19849
train19851,1,19850
train19852,1,19851
train19853,1,19852
train19854,1,19853
train19855,1,19854
train19856,1,19855
train19857,1,19856
train19858,1,19857
train19859,1,19858
train19860,0,19859
train19861,0,19860
train19862,1,19861
train19863,0,19862
train19864,0,19863
train19865,0,19864
train19866,0,19865
train19867,1,19866
train19868,0,19867
train19869,0,19868
train19870,1,19869
train19871,1,19870
train19872,1,19871
train19873,0,19872
train19874,0,19873
train19875,0,19874
train19876,1,19875
train19877,0,19876
train19878,0,19877
train19879,0,19878
train19880,0,19879
train19881,0,19880
train19882,0,19881
train19883,0,19882
train19884,0,19883
train19885,0,19884
train19886,1,19885
train19887,0,19886
train19888,0,19887
train19889,1,19888
train19890,0,19889
train19891,0,19890
train19892,0,19891
train19893,0,19892
train19894,0,19893
train19895,0,19894
train19896,0,19895
train19897,0,19896
train19898,0,19897
train19899,0,19898
train19900,1,19899
train19901,1,19900
train19902,1,19901
train19903,1,19902
train19904,1,19903
train19905,0,19904
train19906,0,19905
train19907,1,19906
train19908,1,19907
train19909,1,19908
train19910,1,19909
train19911,0,19910
train19912,0,19911
train19913,1,19912
train19914,0,19913
train19915,0,19914
train19916,1,19915
train19917,1,19916
train19918,0,19917
train19919,0,19918
train19920,0,19919
train19921,0,19920
train19922,0,19921
train19923,0,19922
train19924,0,19923
train19925,0,19924
train19926,0,19925
train19927,0,19926
train19928,1,19927
train19929,1,19928
train19930,0,19929
train19931,0,19930
train19932,1,19931
train19933,0,19932
train19934,0,19933
train19935,0,19934
train19936,0,19935
train19937,0,19936
train19938,0,19937
train19939,1,19938
train19940,1,19939
train19941,0,19940
train19942,0,19941
train19943,0,19942
train19944,0,19943
train19945,0,19944
train19946,0,19945
train19947,0,19946
train19948,0,19947
train19949,0,19948
train19950,0,19949
train19951,0,19950
train19952,0,19951
train19953,1,19952
train19954,0,19953
train19955,0,19954
train19956,0,19955
train19957,1,19956
train19958,0,19957
train19959,0,19958
train19960,0,19959
train19961,0,19960
train19962,0,19961
train19963,0,19962
train19964,0,19963
train19965,0,19964
train19966,1,19965
train19967,0,19966
train19968,0,19967
train19969,0,19968
train19970,0,19969
train19971,0,19970
train19972,0,19971
train19973,0,19972
train19974,0,19973
train19975,0,19974
train19976,0,19975
train19977,0,19976
train19978,0,19977
train19979,0,19978
train19980,0,19979
train19981,1,19980
train19982,1,19981
train19983,0,19982
train19984,0,19983
train19985,0,19984
train19986,0,19985
train19987,1,19986
train19988,0,19987
train19989,0,19988
train19990,1,19989
train19991,1,19990
train19992,1,19991
train19993,0,19992
train19994,0,19993
train19995,0,19994
train19996,0,19995
train19997,0,19996
train19998,0,19997
train19999,0,19998
train20000,0,19999
train20001,0,20000
train20002,0,20001
train20003,0,20002
train20004,0,20003
train20005,0,20004
train20006,0,20005
train20007,0,20006
train20008,0,20007
train20009,0,20008
train20010,0,20009
train20011,1,20010
train20012,0,20011
train20013,0,20012
train20014,1,20013
train20015,0,20014
train20016,1,20015
train20017,1,20016
train20018,0,20017
train20019,0,20018
train20020,0,20019
train20021,0,20020
train20022,0,20021
train20023,0,20022
train20024,0,20023
train20025,0,20024
train20026,1,20025
train20027,1,20026
train20028,1,20027
train20029,0,20028
train20030,0,20029
train20031,1,20030
train20032,1,20031
train20033,1,20032
train20034,1,20033
train20035,0,20034
train20036,0,20035
train20037,0,20036
train20038,0,20037
train20039,0,20038
train20040,0,20039
train20041,0,20040
train20042,0,20041
train20043,0,20042
train20044,0,20043
train20045,0,20044
train20046,0,20045
train20047,0,20046
train20048,0,20047
train20049,0,20048
train20050,0,20049
train20051,0,20050
train20052,0,20051
train20053,0,20052
train20054,0,20053
train20055,0,20054
train20056,0,20055
train20057,0,20056
train20058,1,20057
train20059,1,20058
train20060,0,20059
train20061,0,20060
train20062,0,20061
train20063,1,20062
train20064,0,20063
train20065,0,20064
train20066,0,20065
train20067,0,20066
train20068,0,20067
train20069,0,20068
train20070,0,20069
train20071,0,20070
train20072,0,20071
train20073,0,20072
train20074,0,20073
train20075,0,20074
train20076,0,20075
train20077,0,20076
train20078,0,20077
train20079,0,20078
train20080,0,20079
train20081,0,20080
train20082,0,20081
train20083,0,20082
train20084,0,20083
train20085,0,20084
train20086,0,20085
train20087,0,20086
train20088,1,20087
train20089,1,20088
train20090,1,20089
train20091,1,20090
train20092,1,20091
train20093,0,20092
train20094,1,20093
train20095,0,20094
train20096,0,20095
train20097,0,20096
train20098,0,20097
train20099,0,20098
train20100,0,20099
train20101,0,20100
train20102,1,20101
train20103,0,20102
train20104,1,20103
train20105,1,20104
train20106,1,20105
train20107,1,20106
train20108,0,20107
train20109,0,20108
train20110,1,20109
train20111,1,20110
train20112,1,20111
train20113,1,20112
train20114,1,20113
train20115,0,20114
train20116,1,20115
train20117,1,20116
train20118,0,20117
train20119,1,20118
train20120,1,20119
train20121,1,20120
train20122,0,20121
train20123,0,20122
train20124,0,20123
train20125,0,20124
train20126,1,20125
train20127,0,20126
train20128,0,20127
train20129,1,20128
train20130,0,20129
train20131,0,20130
train20132,0,20131
train20133,0,20132
train20134,0,20133
train20135,1,20134
train20136,0,20135
train20137,0,20136
train20138,0,20137
train20139,0,20138
train20140,1,20139
train20141,1,20140
train20142,1,20141
train20143,1,20142
train20144,1,20143
train20145,1,20144
train20146,1,20145
train20147,1,20146
train20148,0,20147
train20149,0,20148
train20150,0,20149
train20151,0,20150
train20152,0,20151
train20153,0,20152
train20154,0,20153
train20155,0,20154
train20156,0,20155
train20157,1,20156
train20158,0,20157
train20159,0,20158
train20160,0,20159
train20161,0,20160
train20162,0,20161
train20163,0,20162
train20164,1,20163
train20165,0,20164
train20166,0,20165
train20167,0,20166
train20168,0,20167
train20169,1,20168
train20170,0,20169
train20171,0,20170
train20172,0,20171
train20173,0,20172
train20174,0,20173
train20175,0,20174
train20176,0,20175
train20177,0,20176
train20178,0,20177
train20179,0,20178
train20180,0,20179
train20181,0,20180
train20182,0,20181
train20183,0,20182
train20184,0,20183
train20185,1,20184
train20186,1,20185
train20187,1,20186
train20188,1,20187
train20189,0,20188
train20190,0,20189
train20191,0,20190
train20192,1,20191
train20193,1,20192
train20194,1,20193
train20195,0,20194
train20196,0,20195
train20197,1,20196
train20198,0,20197
train20199,0,20198
train20200,0,20199
train20201,0,20200
train20202,0,20201
train20203,0,20202
train20204,0,20203
train20205,0,20204
train20206,0,20205
train20207,0,20206
train20208,0,20207
train20209,1,20208
train20210,1,20209
train20211,0,20210
train20212,0,20211
train20213,0,20212
train20214,0,20213
train20215,0,20214
train20216,0,20215
train20217,0,20216
train20218,0,20217
train20219,0,20218
train20220,1,20219
train20221,0,20220
train20222,0,20221
train20223,0,20222
train20224,0,20223
train20225,0,20224
train20226,0,20225
train20227,0,20226
train20228,0,20227
train20229,0,20228
train20230,0,20229
train20231,0,20230
train20232,0,20231
train20233,0,20232
train20234,0,20233
train20235,1,20234
train20236,0,20235
train20237,0,20236
train20238,0,20237
train20239,0,20238
train20240,0,20239
train20241,0,20240
train20242,0,20241
train20243,0,20242
train20244,0,20243
train20245,1,20244
train20246,0,20245
train20247,1,20246
train20248,0,20247
train20249,0,20248
train20250,0,20249
train20251,0,20250
train20252,0,20251
train20253,0,20252
train20254,0,20253
train20255,0,20254
train20256,1,20255
train20257,0,20256
train20258,0,20257
train20259,0,20258
train20260,1,20259
train20261,1,20260
train20262,1,20261
train20263,0,20262
train20264,1,20263
train20265,0,20264
train20266,0,20265
train20267,0,20266
train20268,0,20267
train20269,0,20268
train20270,0,20269
train20271,0,20270
train20272,0,20271
train20273,0,20272
train20274,1,20273
train20275,0,20274
train20276,1,20275
train20277,0,20276
train20278,1,20277
train20279,0,20278
train20280,0,20279
train20281,1,20280
train20282,1,20281
train20283,0,20282
train20284,1,20283
train20285,1,20284
train20286,1,20285
train20287,1,20286
train20288,1,20287
train20289,0,20288
train20290,0,20289
train20291,1,20290
train20292,1,20291
train20293,1,20292
train20294,1,20293
train20295,0,20294
train20296,0,20295
train20297,1,20296
train20298,0,20297
train20299,1,20298
train20300,1,20299
train20301,1,20300
train20302,1,20301
train20303,1,20302
train20304,0,20303
train20305,0,20304
train20306,0,20305
train20307,0,20306
train20308,1,20307
train20309,0,20308
train20310,0,20309
train20311,1,20310
train20312,0,20311
train20313,1,20312
train20314,1,20313
train20315,1,20314
train20316,0,20315
train20317,0,20316
train20318,1,20317
train20319,1,20318
train20320,0,20319
train20321,0,20320
train20322,1,20321
train20323,1,20322
train20324,0,20323
train20325,1,20324
train20326,0,20325
train20327,0,20326
train20328,1,20327
train20329,1,20328
train20330,0,20329
train20331,1,20330
train20332,1,20331
train20333,0,20332
train20334,1,20333
train20335,0,20334
train20336,1,20335
train20337,1,20336
train20338,1,20337
train20339,0,20338
train20340,0,20339
train20341,0,20340
train20342,0,20341
train20343,0,20342
train20344,1,20343
train20345,0,20344
train20346,0,20345
train20347,1,20346
train20348,1,20347
train20349,1,20348
train20350,0,20349
train20351,0,20350
train20352,0,20351
train20353,1,20352
train20354,1,20353
train20355,1,20354
train20356,1,20355
train20357,1,20356
train20358,1,20357
train20359,1,20358
train20360,0,20359
train20361,1,20360
train20362,0,20361
train20363,0,20362
train20364,0,20363
train20365,0,20364
train20366,0,20365
train20367,1,20366
train20368,1,20367
train20369,1,20368
train20370,1,20369
train20371,0,20370
train20372,0,20371
train20373,0,20372
train20374,0,20373
train20375,1,20374
train20376,1,20375
train20377,1,20376
train20378,1,20377
train20379,1,20378
train20380,1,20379
train20381,1,20380
train20382,1,20381
train20383,1,20382
train20384,0,20383
train20385,1,20384
train20386,0,20385
train20387,1,20386
train20388,0,20387
train20389,1,20388
train20390,1,20389
train20391,0,20390
train20392,0,20391
train20393,0,20392
train20394,0,20393
train20395,0,20394
train20396,1,20395
train20397,0,20396
train20398,0,20397
train20399,0,20398
train20400,0,20399
train20401,0,20400
train20402,0,20401
train20403,0,20402
train20404,0,20403
train20405,0,20404
train20406,0,20405
train20407,0,20406
train20408,0,20407
train20409,0,20408
train20410,0,20409
train20411,0,20410
train20412,0,20411
train20413,1,20412
train20414,1,20413
train20415,1,20414
train20416,1,20415
train20417,1,20416
train20418,0,20417
train20419,1,20418
train20420,0,20419
train20421,0,20420
train20422,1,20421
train20423,1,20422
train20424,0,20423
train20425,1,20424
train20426,0,20425
train20427,1,20426
train20428,1,20427
train20429,0,20428
train20430,0,20429
train20431,1,20430
train20432,1,20431
train20433,0,20432
train20434,1,20433
train20435,0,20434
train20436,1,20435
train20437,1,20436
train20438,0,20437
train20439,1,20438
train20440,0,20439
train20441,1,20440
train20442,1,20441
train20443,1,20442
train20444,0,20443
train20445,1,20444
train20446,1,20445
train20447,0,20446
train20448,0,20447
train20449,0,20448
train20450,0,20449
train20451,0,20450
train20452,0,20451
train20453,0,20452
train20454,0,20453
train20455,0,20454
train20456,1,20455
train20457,0,20456
train20458,1,20457
train20459,1,20458
train20460,1,20459
train20461,0,20460
train20462,1,20461
train20463,0,20462
train20464,0,20463
train20465,0,20464
train20466,1,20465
train20467,1,20466
train20468,1,20467
train20469,1,20468
train20470,0,20469
train20471,1,20470
train20472,0,20471
train20473,1,20472
train20474,1,20473
train20475,0,20474
train20476,1,20475
train20477,1,20476
train20478,1,20477
train20479,1,20478
train20480,0,20479
train20481,1,20480
train20482,1,20481
train20483,0,20482
train20484,0,20483
train20485,1,20484
train20486,0,20485
train20487,0,20486
train20488,0,20487
train20489,0,20488
train20490,1,20489
train20491,1,20490
train20492,1,20491
train20493,1,20492
train20494,1,20493
train20495,0,20494
train20496,0,20495
train20497,1,20496
train20498,0,20497
train20499,0,20498
train20500,1,20499
train20501,0,20500
train20502,1,20501
train20503,1,20502
train20504,0,20503
train20505,1,20504
train20506,0,20505
train20507,0,20506
train20508,0,20507
train20509,0,20508
train20510,0,20509
train20511,1,20510
train20512,0,20511
train20513,0,20512
train20514,0,20513
train20515,0,20514
train20516,0,20515
train20517,1,20516
train20518,0,20517
train20519,0,20518
train20520,0,20519
train20521,0,20520
train20522,0,20521
train20523,0,20522
train20524,0,20523
train20525,0,20524
train20526,0,20525
train20527,0,20526
train20528,0,20527
train20529,0,20528
train20530,0,20529
train20531,0,20530
train20532,0,20531
train20533,1,20532
train20534,1,20533
train20535,0,20534
train20536,1,20535
train20537,0,20536
train20538,0,20537
train20539,0,20538
train20540,0,20539
train20541,0,20540
train20542,0,20541
train20543,1,20542
train20544,0,20543
train20545,0,20544
train20546,0,20545
train20547,0,20546
train20548,0,20547
train20549,0,20548
train20550,0,20549
train20551,1,20550
train20552,0,20551
train20553,0,20552
train20554,0,20553
train20555,0,20554
train20556,1,20555
train20557,1,20556
train20558,1,20557
train20559,1,20558
train20560,0,20559
train20561,1,20560
train20562,1,20561
train20563,1,20562
train20564,1,20563
train20565,1,20564
train20566,0,20565
train20567,0,20566
train20568,0,20567
train20569,1,20568
train20570,1,20569
train20571,0,20570
train20572,0,20571
train20573,0,20572
train20574,1,20573
train20575,1,20574
train20576,1,20575
train20577,1,20576
train20578,0,20577
train20579,0,20578
train20580,0,20579
train20581,0,20580
train20582,0,20581
train20583,0,20582
train20584,0,20583
train20585,0,20584
train20586,0,20585
train20587,0,20586
train20588,0,20587
train20589,0,20588
train20590,1,20589
train20591,1,20590
train20592,1,20591
train20593,0,20592
train20594,1,20593
train20595,1,20594
train20596,1,20595
train20597,0,20596
train20598,0,20597
train20599,0,20598
train20600,0,20599
train20601,0,20600
train20602,0,20601
train20603,0,20602
train20604,0,20603
train20605,0,20604
train20606,1,20605
train20607,1,20606
train20608,1,20607
train20609,1,20608
train20610,0,20609
train20611,1,20610
train20612,1,20611
train20613,1,20612
train20614,0,20613
train20615,0,20614
train20616,1,20615
train20617,0,20616
train20618,0,20617
train20619,1,20618
train20620,0,20619
train20621,0,20620
train20622,0,20621
train20623,0,20622
train20624,1,20623
train20625,0,20624
train20626,0,20625
train20627,0,20626
train20628,1,20627
train20629,1,20628
train20630,0,20629
train20631,0,20630
train20632,0,20631
train20633,0,20632
train20634,0,20633
train20635,0,20634
train20636,1,20635
train20637,1,20636
train20638,1,20637
train20639,1,20638
train20640,1,20639
train20641,0,20640
train20642,0,20641
train20643,1,20642
train20644,1,20643
train20645,1,20644
train20646,1,20645
train20647,0,20646
train20648,0,20647
train20649,0,20648
train20650,0,20649
train20651,1,20650
train20652,1,20651
train20653,1,20652
train20654,1,20653
train20655,1,20654
train20656,1,20655
train20657,1,20656
train20658,1,20657
train20659,0,20658
train20660,0,20659
train20661,0,20660
train20662,1,20661
train20663,0,20662
train20664,0,20663
train20665,1,20664
train20666,0,20665
train20667,0,20666
train20668,0,20667
train20669,0,20668
train20670,0,20669
train20671,0,20670
train20672,0,20671
train20673,1,20672
train20674,1,20673
train20675,1,20674
train20676,1,20675
train20677,1,20676
train20678,0,20677
train20679,0,20678
train20680,1,20679
train20681,1,20680
train20682,1,20681
train20683,0,20682
train20684,1,20683
train20685,1,20684
train20686,1,20685
train20687,1,20686
train20688,1,20687
train20689,0,20688
train20690,0,20689
train20691,0,20690
train20692,0,20691
train20693,1,20692
train20694,1,20693
train20695,1,20694
train20696,0,20695
train20697,0,20696
train20698,0,20697
train20699,0,20698
train20700,0,20699
train20701,1,20700
train20702,1,20701
train20703,0,20702
train20704,0,20703
train20705,0,20704
train20706,0,20705
train20707,0,20706
train20708,0,20707
train20709,0,20708
train20710,0,20709
train20711,0,20710
train20712,0,20711
train20713,0,20712
train20714,0,20713
train20715,0,20714
train20716,1,20715
train20717,0,20716
train20718,1,20717
train20719,1,20718
train20720,1,20719
train20721,1,20720
train20722,0,20721
train20723,0,20722
train20724,1,20723
train20725,1,20724
train20726,1,20725
train20727,1,20726
train20728,1,20727
train20729,1,20728
train20730,0,20729
train20731,1,20730
train20732,1,20731
train20733,1,20732
train20734,0,20733
train20735,0,20734
train20736,0,20735
train20737,1,20736
train20738,0,20737
train20739,1,20738
train20740,1,20739
train20741,0,20740
train20742,0,20741
train20743,1,20742
train20744,1,20743
train20745,1,20744
train20746,1,20745
train20747,1,20746
train20748,1,20747
train20749,1,20748
train20750,0,20749
train20751,1,20750
train20752,1,20751
train20753,0,20752
train20754,0,20753
train20755,1,20754
train20756,0,20755
train20757,1,20756
train20758,1,20757
train20759,0,20758
train20760,0,20759
train20761,0,20760
train20762,1,20761
train20763,0,20762
train20764,1,20763
train20765,0,20764
train20766,0,20765
train20767,0,20766
train20768,0,20767
train20769,1,20768
train20770,1,20769
train20771,1,20770
train20772,1,20771
train20773,1,20772
train20774,1,20773
train20775,0,20774
train20776,0,20775
train20777,0,20776
train20778,0,20777
train20779,0,20778
train20780,0,20779
train20781,0,20780
train20782,0,20781
train20783,0,20782
train20784,0,20783
train20785,1,20784
train20786,0,20785
train20787,0,20786
train20788,1,20787
train20789,1,20788
train20790,1,20789
train20791,1,20790
train20792,1,20791
train20793,0,20792
train20794,0,20793
train20795,0,20794
train20796,1,20795
train20797,1,20796
train20798,1,20797
train20799,1,20798
train20800,1,20799
train20801,0,20800
train20802,0,20801
train20803,0,20802
train20804,0,20803
train20805,0,20804
train20806,0,20805
train20807,1,20806
train20808,1,20807
train20809,1,20808
train20810,0,20809
train20811,0,20810
train20812,1,20811
train20813,1,20812
train20814,1,20813
train20815,1,20814
train20816,1,20815
train20817,1,20816
train20818,0,20817
train20819,0,20818
train20820,0,20819
train20821,0,20820
train20822,1,20821
train20823,1,20822
train20824,0,20823
train20825,0,20824
train20826,0,20825
train20827,0,20826
train20828,0,20827
train20829,0,20828
train20830,0,20829
train20831,0,20830
train20832,1,20831
train20833,1,20832
train20834,1,20833
train20835,0,20834
train20836,0,20835
train20837,0,20836
train20838,1,20837
train20839,1,20838
train20840,1,20839
train20841,1,20840
train20842,1,20841
train20843,0,20842
train20844,0,20843
train20845,0,20844
train20846,0,20845
train20847,0,20846
train20848,1,20847
train20849,1,20848
train20850,0,20849
train20851,0,20850
train20852,0,20851
train20853,0,20852
train20854,1,20853
train20855,1,20854
train20856,1,20855
train20857,0,20856
train20858,0,20857
train20859,0,20858
train20860,0,20859
train20861,0,20860
train20862,0,20861
train20863,0,20862
train20864,0,20863
train20865,0,20864
train20866,1,20865
train20867,1,20866
train20868,1,20867
train20869,1,20868
train20870,0,20869
train20871,1,20870
train20872,1,20871
train20873,0,20872
train20874,0,20873
train20875,0,20874
train20876,1,20875
train20877,0,20876
train20878,0,20877
train20879,0,20878
train20880,0,20879
train20881,0,20880
train20882,0,20881
train20883,0,20882
train20884,0,20883
train20885,0,20884
train20886,0,20885
train20887,0,20886
train20888,0,20887
train20889,0,20888
train20890,0,20889
train20891,0,20890
train20892,1,20891
train20893,1,20892
train20894,1,20893
train20895,0,20894
train20896,0,20895
train20897,0,20896
train20898,0,20897
train20899,0,20898
train20900,0,20899
train20901,0,20900
train20902,0,20901
train20903,0,20902
train20904,0,20903
train20905,0,20904
train20906,0,20905
train20907,0,20906
train20908,1,20907
train20909,1,20908
train20910,0,20909
train20911,1,20910
train20912,0,20911
train20913,0,20912
train20914,0,20913
train20915,0,20914
train20916,0,20915
train20917,0,20916
train20918,0,20917
train20919,0,20918
train20920,0,20919
train20921,0,20920
train20922,0,20921
train20923,0,20922
train20924,0,20923
train20925,0,20924
train20926,0,20925
train20927,1,20926
train20928,0,20927
train20929,0,20928
train20930,0,20929
train20931,0,20930
train20932,0,20931
train20933,0,20932
train20934,0,20933
train20935,0,20934
train20936,0,20935
train20937,0,20936
train20938,0,20937
train20939,0,20938
train20940,0,20939
train20941,0,20940
train20942,0,20941
train20943,0,20942
train20944,0,20943
train20945,0,20944
train20946,0,20945
train20947,0,20946
train20948,0,20947
train20949,0,20948
train20950,0,20949
train20951,0,20950
train20952,0,20951
train20953,0,20952
train20954,1,20953
train20955,0,20954
train20956,0,20955
train20957,1,20956
train20958,1,20957
train20959,0,20958
train20960,0,20959
train20961,0,20960
train20962,0,20961
train20963,0,20962
train20964,1,20963
train20965,0,20964
train20966,0,20965
train20967,0,20966
train20968,0,20967
train20969,0,20968
train20970,0,20969
train20971,0,20970
train20972,0,20971
train20973,0,20972
train20974,0,20973
train20975,0,20974
train20976,0,20975
train20977,0,20976
train20978,0,20977
train20979,0,20978
train20980,0,20979
train20981,0,20980
train20982,0,20981
train20983,0,20982
train20984,0,20983
train20985,0,20984
train20986,0,20985
train20987,0,20986
train20988,0,20987
train20989,0,20988
train20990,0,20989
train20991,0,20990
train20992,0,20991
train20993,0,20992
train20994,0,20993
train20995,0,20994
train20996,0,20995
train20997,0,20996
train20998,0,20997
train20999,0,20998
train21000,0,20999
train21001,0,21000
train21002,0,21001
train21003,0,21002
train21004,0,21003
train21005,0,21004
train21006,0,21005
train21007,0,21006
train21008,0,21007
train21009,0,21008
train21010,0,21009
train21011,0,21010
train21012,0,21011
train21013,0,21012
train21014,1,21013
train21015,0,21014
train21016,0,21015
train21017,0,21016
train21018,0,21017
train21019,0,21018
train21020,0,21019
train21021,0,21020
train21022,0,21021
train21023,0,21022
train21024,0,21023
train21025,0,21024
train21026,0,21025
train21027,0,21026
train21028,0,21027
train21029,0,21028
train21030,0,21029
train21031,0,21030
train21032,0,21031
train21033,0,21032
train21034,0,21033
train21035,0,21034
train21036,0,21035
train21037,0,21036
train21038,0,21037
train21039,0,21038
train21040,0,21039
train21041,0,21040
train21042,0,21041
train21043,0,21042
train21044,0,21043
train21045,0,21044
train21046,0,21045
train21047,0,21046
train21048,0,21047
train21049,0,21048
train21050,0,21049
train21051,0,21050
train21052,0,21051
train21053,0,21052
train21054,0,21053
train21055,0,21054
train21056,0,21055
train21057,0,21056
train21058,0,21057
train21059,0,21058
train21060,0,21059
train21061,0,21060
train21062,0,21061
train21063,0,21062
train21064,0,21063
train21065,0,21064
train21066,0,21065
train21067,0,21066
train21068,0,21067
train21069,0,21068
train21070,0,21069
train21071,0,21070
train21072,0,21071
train21073,0,21072
train21074,0,21073
train21075,0,21074
train21076,0,21075
train21077,0,21076
train21078,0,21077
train21079,0,21078
train21080,0,21079
train21081,0,21080
train21082,0,21081
train21083,0,21082
train21084,0,21083
train21085,0,21084
train21086,0,21085
train21087,0,21086
train21088,0,21087
train21089,0,21088
train21090,0,21089
train21091,0,21090
train21092,0,21091
train21093,0,21092
train21094,0,21093
train21095,0,21094
train21096,0,21095
train21097,0,21096
train21098,0,21097
train21099,0,21098
train21100,0,21099
train21101,0,21100
train21102,0,21101
train21103,0,21102
train21104,0,21103
train21105,0,21104
train21106,0,21105
train21107,0,21106
train21108,0,21107
train21109,0,21108
train21110,0,21109
train21111,0,21110
train21112,0,21111
train21113,0,21112
train21114,0,21113
train21115,0,21114
train21116,0,21115
train21117,0,21116
train21118,0,21117
train21119,0,21118
train21120,0,21119
train21121,0,21120
train21122,0,21121
train21123,0,21122
train21124,0,21123
train21125,0,21124
train21126,0,21125
train21127,0,21126
train21128,0,21127
train21129,0,21128
train21130,0,21129
train21131,0,21130
train21132,0,21131
train21133,0,21132
train21134,0,21133
train21135,0,21134
train21136,0,21135
train21137,0,21136
train21138,0,21137
train21139,0,21138
train21140,0,21139
train21141,0,21140
train21142,0,21141
train21143,0,21142
train21144,0,21143
train21145,0,21144
train21146,0,21145
train21147,0,21146
train21148,0,21147
train21149,0,21148
train21150,0,21149
train21151,0,21150
train21152,0,21151
train21153,0,21152
train21154,0,21153
train21155,0,21154
train21156,0,21155
train21157,0,21156
train21158,0,21157
train21159,0,21158
train21160,0,21159
train21161,0,21160
train21162,0,21161
train21163,0,21162
train21164,0,21163
train21165,0,21164
train21166,0,21165
train21167,0,21166
train21168,0,21167
train21169,0,21168
train21170,0,21169
train21171,0,21170
train21172,0,21171
train21173,0,21172
train21174,0,21173
train21175,0,21174
train21176,0,21175
train21177,0,21176
train21178,0,21177
train21179,0,21178
train21180,0,21179
train21181,0,21180
train21182,0,21181
train21183,0,21182
train21184,0,21183
train21185,0,21184
train21186,0,21185
train21187,0,21186
train21188,0,21187
train21189,0,21188
train21190,0,21189
train21191,0,21190
train21192,0,21191
train21193,0,21192
train21194,0,21193
train21195,0,21194
train21196,0,21195
train21197,0,21196
train21198,0,21197
train21199,0,21198
train21200,0,21199
train21201,0,21200
train21202,0,21201
train21203,0,21202
train21204,0,21203
train21205,0,21204
train21206,0,21205
train21207,0,21206
train21208,0,21207
train21209,0,21208
train21210,0,21209
train21211,0,21210
train21212,0,21211
train21213,0,21212
train21214,0,21213
train21215,0,21214
train21216,0,21215
train21217,1,21216
train21218,0,21217
train21219,0,21218
train21220,0,21219
train21221,0,21220
train21222,0,21221
train21223,0,21222
train21224,0,21223
train21225,0,21224
train21226,0,21225
train21227,0,21226
train21228,0,21227
train21229,0,21228
train21230,1,21229
train21231,0,21230
train21232,0,21231
train21233,0,21232
train21234,0,21233
train21235,0,21234
train21236,0,21235
train21237,0,21236
train21238,0,21237
train21239,0,21238
train21240,0,21239
train21241,0,21240
train21242,0,21241
train21243,0,21242
train21244,0,21243
train21245,0,21244
train21246,0,21245
train21247,0,21246
train21248,0,21247
train21249,0,21248
train21250,0,21249
train21251,0,21250
train21252,0,21251
train21253,0,21252
train21254,0,21253
train21255,0,21254
train21256,0,21255
train21257,0,21256
train21258,0,21257
train21259,0,21258
train21260,0,21259
train21261,0,21260
train21262,0,21261
train21263,0,21262
train21264,0,21263
train21265,0,21264
train21266,0,21265
train21267,0,21266
train21268,0,21267
train21269,0,21268
train21270,1,21269
train21271,0,21270
train21272,0,21271
train21273,0,21272
train21274,0,21273
train21275,0,21274
train21276,0,21275
train21277,0,21276
train21278,0,21277
train21279,0,21278
train21280,0,21279
train21281,0,21280
train21282,0,21281
train21283,0,21282
train21284,0,21283
train21285,0,21284
train21286,0,21285
train21287,0,21286
train21288,0,21287
train21289,0,21288
train21290,0,21289
train21291,0,21290
train21292,0,21291
train21293,0,21292
train21294,0,21293
train21295,0,21294
train21296,0,21295
train21297,0,21296
train21298,0,21297
train21299,0,21298
train21300,0,21299
train21301,0,21300
train21302,0,21301
train21303,0,21302
train21304,0,21303
train21305,0,21304
train21306,0,21305
train21307,0,21306
train21308,0,21307
train21309,0,21308
train21310,0,21309
train21311,0,21310
train21312,0,21311
train21313,0,21312
train21314,0,21313
train21315,0,21314
train21316,0,21315
train21317,0,21316
train21318,0,21317
train21319,0,21318
train21320,0,21319
train21321,0,21320
train21322,0,21321
train21323,0,21322
train21324,0,21323
train21325,0,21324
train21326,0,21325
train21327,0,21326
train21328,0,21327
train21329,0,21328
train21330,0,21329
train21331,0,21330
train21332,0,21331
train21333,0,21332
train21334,0,21333
train21335,0,21334
train21336,0,21335
train21337,0,21336
train21338,0,21337
train21339,0,21338
train21340,0,21339
train21341,0,21340
train21342,0,21341
train21343,0,21342
train21344,0,21343
train21345,0,21344
train21346,0,21345
train21347,0,21346
train21348,0,21347
train21349,0,21348
train21350,0,21349
train21351,0,21350
train21352,0,21351
train21353,0,21352
train21354,0,21353
train21355,0,21354
train21356,0,21355
train21357,0,21356
train21358,0,21357
train21359,0,21358
train21360,0,21359
train21361,0,21360
train21362,0,21361
train21363,0,21362
train21364,0,21363
train21365,0,21364
train21366,0,21365
train21367,0,21366
train21368,0,21367
train21369,0,21368
train21370,0,21369
train21371,0,21370
train21372,0,21371
train21373,0,21372
train21374,0,21373
train21375,0,21374
train21376,0,21375
train21377,0,21376
train21378,0,21377
train21379,0,21378
train21380,0,21379
train21381,0,21380
train21382,0,21381
train21383,0,21382
train21384,0,21383
train21385,0,21384
train21386,0,21385
train21387,0,21386
train21388,0,21387
train21389,0,21388
train21390,0,21389
train21391,0,21390
train21392,0,21391
train21393,0,21392
train21394,0,21393
train21395,0,21394
train21396,0,21395
train21397,0,21396
train21398,0,21397
train21399,0,21398
train21400,0,21399
train21401,0,21400
train21402,0,21401
train21403,0,21402
train21404,0,21403
train21405,0,21404
train21406,0,21405
train21407,0,21406
train21408,0,21407
train21409,0,21408
train21410,0,21409
train21411,0,21410
train21412,0,21411
train21413,0,21412
train21414,0,21413
train21415,0,21414
train21416,0,21415
train21417,0,21416
train21418,0,21417
train21419,0,21418
train21420,0,21419
train21421,0,21420
train21422,0,21421
train21423,0,21422
train21424,0,21423
train21425,0,21424
train21426,0,21425
train21427,0,21426
train21428,0,21427
train21429,0,21428
train21430,0,21429
train21431,0,21430
train21432,0,21431
train21433,0,21432
train21434,0,21433
train21435,0,21434
train21436,0,21435
train21437,0,21436
train21438,0,21437
train21439,0,21438
train21440,0,21439
train21441,0,21440
train21442,0,21441
train21443,0,21442
train21444,0,21443
train21445,0,21444
train21446,0,21445
train21447,0,21446
train21448,0,21447
train21449,0,21448
train21450,0,21449
train21451,0,21450
train21452,0,21451
train21453,0,21452
train21454,0,21453
train21455,0,21454
train21456,0,21455
train21457,0,21456
train21458,0,21457
train21459,0,21458
train21460,0,21459
train21461,0,21460
train21462,0,21461
train21463,0,21462
train21464,0,21463
train21465,0,21464
train21466,0,21465
train21467,0,21466
train21468,0,21467
train21469,0,21468
train21470,0,21469
train21471,0,21470
train21472,0,21471
train21473,0,21472
train21474,0,21473
train21475,0,21474
train21476,0,21475
train21477,0,21476
train21478,0,21477
train21479,0,21478
train21480,0,21479
train21481,0,21480
train21482,0,21481
train21483,0,21482
train21484,0,21483
train21485,0,21484
train21486,0,21485
train21487,0,21486
train21488,0,21487
train21489,0,21488
train21490,0,21489
train21491,0,21490
train21492,0,21491
train21493,0,21492
train21494,0,21493
train21495,0,21494
train21496,0,21495
train21497,0,21496
train21498,0,21497
train21499,0,21498
train21500,0,21499
train21501,0,21500
train21502,0,21501
train21503,0,21502
train21504,0,21503
train21505,0,21504
train21506,0,21505
train21507,0,21506
train21508,0,21507
train21509,0,21508
train21510,0,21509
train21511,0,21510
train21512,0,21511
train21513,0,21512
train21514,0,21513
train21515,0,21514
train21516,0,21515
train21517,0,21516
train21518,0,21517
train21519,0,21518
train21520,0,21519
train21521,0,21520
train21522,0,21521
train21523,0,21522
train21524,0,21523
train21525,0,21524
train21526,0,21525
train21527,0,21526
train21528,0,21527
train21529,0,21528
train21530,0,21529
train21531,0,21530
train21532,0,21531
train21533,0,21532
train21534,0,21533
train21535,0,21534
train21536,0,21535
train21537,0,21536
train21538,0,21537
train21539,0,21538
train21540,0,21539
train21541,0,21540
train21542,0,21541
train21543,0,21542
train21544,0,21543
train21545,0,21544
train21546,0,21545
train21547,0,21546
train21548,0,21547
train21549,0,21548
train21550,0,21549
train21551,0,21550
train21552,0,21551
train21553,0,21552
train21554,0,21553
train21555,0,21554
train21556,0,21555
train21557,0,21556
train21558,0,21557
train21559,0,21558
train21560,0,21559
train21561,0,21560
train21562,0,21561
train21563,0,21562
train21564,0,21563
train21565,0,21564
train21566,0,21565
train21567,0,21566
train21568,0,21567
train21569,0,21568
train21570,0,21569
train21571,0,21570
train21572,0,21571
train21573,0,21572
train21574,0,21573
train21575,0,21574
train21576,0,21575
train21577,0,21576
train21578,0,21577
train21579,0,21578
train21580,0,21579
train21581,0,21580
train21582,0,21581
train21583,0,21582
train21584,0,21583
train21585,0,21584
train21586,0,21585
train21587,0,21586
train21588,0,21587
train21589,0,21588
train21590,0,21589
train21591,0,21590
train21592,0,21591
train21593,0,21592
train21594,0,21593
train21595,0,21594
train21596,0,21595
train21597,0,21596
train21598,0,21597
train21599,0,21598
train21600,0,21599
train21601,0,21600
train21602,0,21601
train21603,0,21602
train21604,0,21603
train21605,0,21604
train21606,0,21605
train21607,0,21606
train21608,0,21607
train21609,0,21608
train21610,0,21609
train21611,0,21610
train21612,0,21611
train21613,0,21612
train21614,0,21613
train21615,0,21614
train21616,0,21615
train21617,0,21616
train21618,0,21617
train21619,0,21618
train21620,0,21619
train21621,0,21620
train21622,0,21621
train21623,0,21622
train21624,0,21623
train21625,0,21624
train21626,0,21625
train21627,0,21626
train21628,0,21627
train21629,0,21628
train21630,0,21629
train21631,0,21630
train21632,0,21631
train21633,0,21632
train21634,0,21633
train21635,0,21634
train21636,0,21635
train21637,0,21636
train21638,0,21637
train21639,0,21638
train21640,0,21639
train21641,0,21640
train21642,0,21641
train21643,0,21642
train21644,0,21643
train21645,0,21644
train21646,0,21645
train21647,0,21646
train21648,0,21647
train21649,0,21648
train21650,0,21649
train21651,0,21650
train21652,0,21651
train21653,0,21652
train21654,0,21653
train21655,0,21654
train21656,0,21655
train21657,0,21656
train21658,0,21657
train21659,0,21658
train21660,0,21659
train21661,0,21660
train21662,0,21661
train21663,0,21662
train21664,0,21663
train21665,0,21664
train21666,0,21665
train21667,0,21666
train21668,0,21667
train21669,0,21668
train21670,0,21669
train21671,0,21670
train21672,0,21671
train21673,0,21672
train21674,0,21673
train21675,0,21674
train21676,0,21675
train21677,0,21676
train21678,0,21677
train21679,0,21678
train21680,0,21679
train21681,0,21680
train21682,0,21681
train21683,0,21682
train21684,0,21683
train21685,0,21684
train21686,0,21685
train21687,0,21686
train21688,0,21687
train21689,0,21688
train21690,0,21689
train21691,0,21690
train21692,0,21691
train21693,1,21692
train21694,0,21693
train21695,0,21694
train21696,0,21695
train21697,0,21696
train21698,0,21697
train21699,0,21698
train21700,0,21699
train21701,0,21700
train21702,0,21701
train21703,0,21702
train21704,0,21703
train21705,0,21704
train21706,0,21705
train21707,0,21706
train21708,0,21707
train21709,0,21708
train21710,0,21709
train21711,0,21710
train21712,0,21711
train21713,0,21712
train21714,0,21713
train21715,0,21714
train21716,0,21715
train21717,0,21716
train21718,0,21717
train21719,0,21718
train21720,0,21719
train21721,1,21720
train21722,0,21721
train21723,0,21722
train21724,0,21723
train21725,0,21724
train21726,0,21725
train21727,1,21726
train21728,1,21727
train21729,1,21728
train21730,0,21729
train21731,0,21730
train21732,0,21731
train21733,0,21732
train21734,1,21733
train21735,0,21734
train21736,0,21735
train21737,0,21736
train21738,0,21737
train21739,0,21738
train21740,0,21739
train21741,0,21740
train21742,0,21741
train21743,0,21742
train21744,0,21743
train21745,0,21744
train21746,0,21745
train21747,0,21746
train21748,0,21747
train21749,0,21748
train21750,0,21749
train21751,0,21750
train21752,0,21751
train21753,0,21752
train21754,0,21753
train21755,0,21754
train21756,0,21755
train21757,0,21756
train21758,0,21757
train21759,0,21758
train21760,0,21759
train21761,0,21760
train21762,0,21761
train21763,0,21762
train21764,0,21763
train21765,0,21764
train21766,1,21765
train21767,0,21766
train21768,0,21767
train21769,0,21768
train21770,0,21769
train21771,0,21770
train21772,0,21771
train21773,0,21772
train21774,0,21773
train21775,0,21774
train21776,0,21775
train21777,0,21776
train21778,0,21777
train21779,0,21778
train21780,0,21779
train21781,0,21780
train21782,0,21781
train21783,0,21782
train21784,0,21783
train21785,0,21784
train21786,0,21785
train21787,0,21786
train21788,0,21787
train21789,0,21788
train21790,0,21789
train21791,0,21790
train21792,0,21791
train21793,0,21792
train21794,0,21793
train21795,0,21794
train21796,0,21795
train21797,0,21796
train21798,0,21797
train21799,0,21798
train21800,0,21799
train21801,1,21800
train21802,0,21801
train21803,1,21802
train21804,0,21803
train21805,0,21804
train21806,0,21805
train21807,0,21806
train21808,0,21807
train21809,0,21808
train21810,1,21809
train21811,1,21810
train21812,1,21811
train21813,0,21812
train21814,0,21813
train21815,0,21814
train21816,1,21815
train21817,1,21816
train21818,1,21817
train21819,1,21818
train21820,1,21819
train21821,1,21820
train21822,1,21821
train21823,1,21822
train21824,1,21823
train21825,0,21824
train21826,0,21825
train21827,0,21826
train21828,0,21827
train21829,0,21828
train21830,0,21829
train21831,0,21830
train21832,0,21831
train21833,1,21832
train21834,1,21833
train21835,0,21834
train21836,0,21835
train21837,0,21836
train21838,0,21837
train21839,0,21838
train21840,0,21839
train21841,0,21840
train21842,0,21841
train21843,1,21842
train21844,0,21843
train21845,0,21844
train21846,1,21845
train21847,1,21846
train21848,1,21847
train21849,1,21848
train21850,0,21849
train21851,0,21850
train21852,0,21851
train21853,0,21852
train21854,0,21853
train21855,1,21854
train21856,0,21855
train21857,1,21856
train21858,1,21857
train21859,1,21858
train21860,0,21859
train21861,1,21860
train21862,1,21861
train21863,1,21862
train21864,0,21863
train21865,0,21864
train21866,0,21865
train21867,0,21866
train21868,1,21867
train21869,0,21868
train21870,1,21869
train21871,0,21870
train21872,0,21871
train21873,0,21872
train21874,1,21873
train21875,0,21874
train21876,1,21875
train21877,0,21876
train21878,0,21877
train21879,0,21878
train21880,0,21879
train21881,0,21880
train21882,0,21881
train21883,0,21882
train21884,0,21883
train21885,0,21884
train21886,0,21885
train21887,0,21886
train21888,1,21887
train21889,1,21888
train21890,1,21889
train21891,1,21890
train21892,0,21891
train21893,0,21892
train21894,0,21893
train21895,1,21894
train21896,0,21895
train21897,1,21896
train21898,0,21897
train21899,0,21898
train21900,0,21899
train21901,0,21900
train21902,0,21901
train21903,0,21902
train21904,0,21903
train21905,0,21904
train21906,0,21905
train21907,0,21906
train21908,1,21907
train21909,1,21908
train21910,1,21909
train21911,0,21910
train21912,1,21911
train21913,1,21912
train21914,0,21913
train21915,0,21914
train21916,0,21915
train21917,1,21916
train21918,1,21917
train21919,0,21918
train21920,0,21919
train21921,0,21920
train21922,0,21921
train21923,0,21922
train21924,0,21923
train21925,0,21924
train21926,0,21925
train21927,0,21926
train21928,0,21927
train21929,0,21928
train21930,0,21929
train21931,0,21930
train21932,0,21931
train21933,0,21932
train21934,0,21933
train21935,0,21934
train21936,0,21935
train21937,0,21936
train21938,0,21937
train21939,0,21938
train21940,0,21939
train21941,0,21940
train21942,0,21941
train21943,0,21942
train21944,0,21943
train21945,0,21944
train21946,1,21945
train21947,0,21946
train21948,0,21947
train21949,0,21948
train21950,0,21949
train21951,0,21950
train21952,1,21951
train21953,0,21952
train21954,0,21953
train21955,0,21954
train21956,0,21955
train21957,0,21956
train21958,1,21957
train21959,0,21958
train21960,0,21959
train21961,0,21960
train21962,0,21961
train21963,0,21962
train21964,0,21963
train21965,0,21964
train21966,0,21965
train21967,0,21966
train21968,0,21967
train21969,0,21968
train21970,0,21969
train21971,0,21970
train21972,1,21971
train21973,0,21972
train21974,0,21973
train21975,0,21974
train21976,0,21975
train21977,0,21976
train21978,0,21977
train21979,1,21978
train21980,0,21979
train21981,0,21980
train21982,1,21981
train21983,1,21982
train21984,0,21983
train21985,0,21984
train21986,0,21985
train21987,0,21986
train21988,0,21987
train21989,0,21988
train21990,1,21989
train21991,0,21990
train21992,0,21991
train21993,0,21992
train21994,0,21993
train21995,0,21994
train21996,0,21995
train21997,0,21996
train21998,1,21997
train21999,0,21998
train22000,0,21999
train22001,1,22000
train22002,1,22001
train22003,1,22002
train22004,0,22003
train22005,0,22004
train22006,0,22005
train22007,0,22006
train22008,0,22007
train22009,0,22008
train22010,0,22009
train22011,0,22010
train22012,0,22011
train22013,0,22012
train22014,0,22013
train22015,0,22014
train22016,0,22015
train22017,0,22016
train22018,0,22017
train22019,0,22018
train22020,0,22019
train22021,0,22020
train22022,0,22021
train22023,0,22022
train22024,0,22023
train22025,0,22024
train22026,0,22025
train22027,1,22026
train22028,1,22027
train22029,1,22028
train22030,0,22029
train22031,0,22030
train22032,0,22031
train22033,0,22032
train22034,0,22033
train22035,0,22034
train22036,0,22035
train22037,0,22036
train22038,0,22037
train22039,0,22038
train22040,0,22039
train22041,0,22040
train22042,0,22041
train22043,1,22042
train22044,0,22043
train22045,0,22044
train22046,0,22045
train22047,0,22046
train22048,1,22047
train22049,1,22048
train22050,1,22049
train22051,0,22050
train22052,0,22051
train22053,1,22052
train22054,0,22053
train22055,0,22054
train22056,0,22055
train22057,1,22056
train22058,1,22057
train22059,0,22058
train22060,0,22059
train22061,0,22060
train22062,1,22061
train22063,0,22062
train22064,1,22063
train22065,0,22064
train22066,1,22065
train22067,1,22066
train22068,1,22067
train22069,1,22068
train22070,1,22069
train22071,1,22070
train22072,1,22071
train22073,1,22072
train22074,1,22073
train22075,0,22074
train22076,0,22075
train22077,1,22076
train22078,1,22077
train22079,1,22078
train22080,1,22079
train22081,0,22080
train22082,0,22081
train22083,0,22082
train22084,0,22083
train22085,0,22084
train22086,1,22085
train22087,1,22086
train22088,0,22087
train22089,0,22088
train22090,0,22089
train22091,1,22090
train22092,1,22091
train22093,1,22092
train22094,1,22093
train22095,1,22094
train22096,0,22095
train22097,0,22096
train22098,0,22097
train22099,0,22098
train22100,0,22099
train22101,0,22100
train22102,0,22101
train22103,0,22102
train22104,0,22103
train22105,0,22104
train22106,0,22105
train22107,0,22106
train22108,0,22107
train22109,0,22108
train22110,0,22109
train22111,0,22110
train22112,0,22111
train22113,0,22112
train22114,0,22113
train22115,0,22114
train22116,0,22115
train22117,0,22116
train22118,0,22117
train22119,0,22118
train22120,0,22119
train22121,0,22120
train22122,0,22121
train22123,0,22122
train22124,0,22123
train22125,0,22124
train22126,0,22125
train22127,0,22126
train22128,0,22127
train22129,0,22128
train22130,0,22129
train22131,0,22130
train22132,0,22131
train22133,0,22132
train22134,0,22133
train22135,0,22134
train22136,0,22135
train22137,1,22136
train22138,0,22137
train22139,0,22138
train22140,0,22139
train22141,0,22140
train22142,1,22141
train22143,0,22142
train22144,0,22143
train22145,0,22144
train22146,0,22145
train22147,0,22146
train22148,1,22147
train22149,0,22148
train22150,0,22149
train22151,0,22150
train22152,0,22151
train22153,0,22152
train22154,0,22153
train22155,0,22154
train22156,0,22155
train22157,0,22156
train22158,0,22157
train22159,1,22158
train22160,1,22159
train22161,0,22160
train22162,0,22161
train22163,0,22162
train22164,0,22163
train22165,0,22164
train22166,0,22165
train22167,0,22166
train22168,0,22167
train22169,0,22168
train22170,0,22169
train22171,0,22170
train22172,0,22171
train22173,0,22172
train22174,0,22173
train22175,0,22174
train22176,0,22175
train22177,0,22176
train22178,1,22177
train22179,1,22178
train22180,1,22179
train22181,1,22180
train22182,1,22181
train22183,1,22182
train22184,1,22183
train22185,1,22184
train22186,1,22185
train22187,1,22186
train22188,1,22187
train22189,1,22188
train22190,1,22189
train22191,1,22190
train22192,1,22191
train22193,0,22192
train22194,0,22193
train22195,1,22194
train22196,0,22195
train22197,1,22196
train22198,1,22197
train22199,1,22198
train22200,0,22199
train22201,0,22200
train22202,1,22201
train22203,1,22202
train22204,1,22203
train22205,1,22204
train22206,1,22205
train22207,1,22206
train22208,1,22207
train22209,1,22208
train22210,1,22209
train22211,0,22210
train22212,0,22211
train22213,1,22212
train22214,1,22213
train22215,1,22214
train22216,1,22215
train22217,0,22216
train22218,1,22217
train22219,1,22218
train22220,1,22219
train22221,0,22220
train22222,1,22221
train22223,1,22222
train22224,1,22223
train22225,0,22224
train22226,0,22225
train22227,0,22226
train22228,1,22227
train22229,1,22228
train22230,0,22229
train22231,0,22230
train22232,0,22231
train22233,0,22232
train22234,0,22233
train22235,0,22234
train22236,0,22235
train22237,0,22236
train22238,0,22237
train22239,0,22238
train22240,1,22239
train22241,1,22240
train22242,0,22241
train22243,0,22242
train22244,0,22243
train22245,0,22244
train22246,0,22245
train22247,0,22246
train22248,0,22247
train22249,0,22248
train22250,0,22249
train22251,0,22250
train22252,0,22251
train22253,0,22252
train22254,0,22253
train22255,0,22254
train22256,0,22255
train22257,0,22256
train22258,1,22257
train22259,1,22258
train22260,0,22259
train22261,1,22260
train22262,0,22261
train22263,1,22262
train22264,0,22263
train22265,0,22264
train22266,0,22265
train22267,0,22266
train22268,0,22267
train22269,1,22268
train22270,0,22269
train22271,0,22270
train22272,1,22271
train22273,1,22272
train22274,1,22273
train22275,0,22274
train22276,0,22275
train22277,0,22276
train22278,0,22277
train22279,0,22278
train22280,0,22279
train22281,1,22280
train22282,0,22281
train22283,0,22282
train22284,0,22283
train22285,0,22284
train22286,1,22285
train22287,0,22286
train22288,0,22287
train22289,0,22288
train22290,1,22289
train22291,0,22290
train22292,0,22291
train22293,0,22292
train22294,0,22293
train22295,1,22294
train22296,1,22295
train22297,1,22296
train22298,0,22297
train22299,0,22298
train22300,1,22299
train22301,1,22300
train22302,0,22301
train22303,0,22302
train22304,0,22303
train22305,0,22304
train22306,0,22305
train22307,0,22306
train22308,0,22307
train22309,0,22308
train22310,0,22309
train22311,0,22310
train22312,0,22311
train22313,0,22312
train22314,0,22313
train22315,0,22314
train22316,0,22315
train22317,0,22316
train22318,0,22317
train22319,0,22318
train22320,0,22319
train22321,0,22320
train22322,0,22321
train22323,0,22322
train22324,0,22323
train22325,1,22324
train22326,1,22325
train22327,1,22326
train22328,0,22327
train22329,0,22328
train22330,1,22329
train22331,1,22330
train22332,1,22331
train22333,1,22332
train22334,1,22333
train22335,0,22334
train22336,0,22335
train22337,1,22336
train22338,0,22337
train22339,0,22338
train22340,0,22339
train22341,0,22340
train22342,1,22341
train22343,1,22342
train22344,0,22343
train22345,0,22344
train22346,0,22345
train22347,0,22346
train22348,1,22347
train22349,1,22348
train22350,0,22349
train22351,0,22350
train22352,0,22351
train22353,1,22352
train22354,0,22353
train22355,0,22354
train22356,0,22355
train22357,1,22356
train22358,1,22357
train22359,1,22358
train22360,0,22359
train22361,0,22360
train22362,0,22361
train22363,0,22362
train22364,0,22363
train22365,0,22364
train22366,0,22365
train22367,0,22366
train22368,0,22367
train22369,1,22368
train22370,0,22369
train22371,0,22370
train22372,0,22371
train22373,0,22372
train22374,0,22373
train22375,0,22374
train22376,0,22375
train22377,0,22376
train22378,0,22377
train22379,0,22378
train22380,0,22379
train22381,0,22380
train22382,0,22381
train22383,0,22382
train22384,0,22383
train22385,0,22384
train22386,0,22385
train22387,0,22386
train22388,0,22387
train22389,0,22388
train22390,0,22389
train22391,1,22390
train22392,0,22391
train22393,0,22392
train22394,0,22393
train22395,0,22394
train22396,0,22395
train22397,0,22396
train22398,0,22397
train22399,0,22398
train22400,0,22399
train22401,0,22400
train22402,0,22401
train22403,0,22402
train22404,0,22403
train22405,0,22404
train22406,0,22405
train22407,0,22406
train22408,0,22407
train22409,0,22408
train22410,0,22409
train22411,0,22410
train22412,0,22411
train22413,0,22412
train22414,1,22413
train22415,0,22414
train22416,0,22415
train22417,0,22416
train22418,1,22417
train22419,0,22418
train22420,0,22419
train22421,1,22420
train22422,1,22421
train22423,0,22422
train22424,0,22423
train22425,0,22424
train22426,0,22425
train22427,0,22426
train22428,0,22427
train22429,0,22428
train22430,0,22429
train22431,0,22430
train22432,0,22431
train22433,0,22432
train22434,0,22433
train22435,0,22434
train22436,0,22435
train22437,0,22436
train22438,0,22437
train22439,0,22438
train22440,0,22439
train22441,0,22440
train22442,0,22441
train22443,0,22442
train22444,0,22443
train22445,0,22444
train22446,0,22445
train22447,0,22446
train22448,0,22447
train22449,0,22448
train22450,0,22449
train22451,0,22450
train22452,0,22451
train22453,0,22452
train22454,0,22453
train22455,0,22454
train22456,0,22455
train22457,0,22456
train22458,0,22457
train22459,0,22458
train22460,0,22459
train22461,0,22460
train22462,0,22461
train22463,0,22462
train22464,0,22463
train22465,0,22464
train22466,0,22465
train22467,0,22466
train22468,0,22467
train22469,0,22468
train22470,0,22469
train22471,0,22470
train22472,0,22471
train22473,0,22472
train22474,0,22473
train22475,0,22474
train22476,0,22475
train22477,0,22476
train22478,0,22477
train22479,0,22478
train22480,0,22479
train22481,0,22480
train22482,0,22481
train22483,0,22482
train22484,0,22483
train22485,0,22484
train22486,0,22485
train22487,0,22486
train22488,0,22487
train22489,0,22488
train22490,0,22489
train22491,0,22490
train22492,0,22491
train22493,0,22492
train22494,0,22493
train22495,0,22494
train22496,0,22495
train22497,0,22496
train22498,0,22497
train22499,0,22498
train22500,0,22499
train22501,0,22500
train22502,0,22501
train22503,0,22502
train22504,0,22503
train22505,0,22504
train22506,0,22505
train22507,0,22506
train22508,0,22507
train22509,0,22508
train22510,0,22509
train22511,1,22510
train22512,1,22511
train22513,1,22512
train22514,1,22513
train22515,0,22514
train22516,0,22515
train22517,0,22516
train22518,0,22517
train22519,0,22518
train22520,0,22519
train22521,0,22520
train22522,0,22521
train22523,0,22522
train22524,0,22523
train22525,0,22524
train22526,0,22525
train22527,0,22526
train22528,0,22527
train22529,0,22528
train22530,0,22529
train22531,0,22530
train22532,0,22531
train22533,0,22532
train22534,0,22533
train22535,0,22534
train22536,0,22535
train22537,0,22536
train22538,1,22537
train22539,1,22538
train22540,0,22539
train22541,0,22540
train22542,0,22541
train22543,0,22542
train22544,0,22543
train22545,0,22544
train22546,0,22545
train22547,0,22546
train22548,0,22547
train22549,0,22548
train22550,0,22549
train22551,0,22550
train22552,0,22551
train22553,0,22552
train22554,0,22553
train22555,1,22554
train22556,0,22555
train22557,1,22556
train22558,0,22557
train22559,0,22558
train22560,0,22559
train22561,1,22560
train22562,0,22561
train22563,1,22562
train22564,0,22563
train22565,1,22564
train22566,1,22565
train22567,0,22566
train22568,0,22567
train22569,0,22568
train22570,0,22569
train22571,0,22570
train22572,1,22571
train22573,1,22572
train22574,1,22573
train22575,0,22574
train22576,0,22575
train22577,1,22576
train22578,0,22577
train22579,1,22578
train22580,1,22579
train22581,1,22580
train22582,1,22581
train22583,1,22582
train22584,1,22583
train22585,0,22584
train22586,0,22585
train22587,1,22586
train22588,1,22587
train22589,1,22588
train22590,0,22589
train22591,1,22590
train22592,1,22591
train22593,0,22592
train22594,0,22593
train22595,0,22594
train22596,1,22595
train22597,1,22596
train22598,1,22597
train22599,0,22598
train22600,1,22599
train22601,1,22600
train22602,1,22601
train22603,1,22602
train22604,1,22603
train22605,1,22604
train22606,1,22605
train22607,1,22606
train22608,1,22607
train22609,0,22608
train22610,1,22609
train22611,0,22610
train22612,0,22611
train22613,0,22612
train22614,0,22613
train22615,0,22614
train22616,1,22615
train22617,1,22616
train22618,0,22617
train22619,1,22618
train22620,1,22619
train22621,0,22620
train22622,0,22621
train22623,0,22622
train22624,1,22623
train22625,1,22624
train22626,0,22625
train22627,0,22626
train22628,0,22627
train22629,1,22628
train22630,1,22629
train22631,1,22630
train22632,1,22631
train22633,1,22632
train22634,1,22633
train22635,0,22634
train22636,0,22635
train22637,0,22636
train22638,0,22637
train22639,1,22638
train22640,1,22639
train22641,1,22640
train22642,1,22641
train22643,0,22642
train22644,0,22643
train22645,0,22644
train22646,0,22645
train22647,0,22646
train22648,0,22647
train22649,0,22648
train22650,0,22649
train22651,0,22650
train22652,0,22651
train22653,0,22652
train22654,0,22653
train22655,0,22654
train22656,0,22655
train22657,0,22656
train22658,0,22657
train22659,0,22658
train22660,0,22659
train22661,0,22660
train22662,0,22661
train22663,1,22662
train22664,1,22663
train22665,0,22664
train22666,0,22665
train22667,0,22666
train22668,0,22667
train22669,0,22668
train22670,0,22669
train22671,0,22670
train22672,1,22671
train22673,1,22672
train22674,1,22673
train22675,1,22674
train22676,1,22675
train22677,1,22676
train22678,1,22677
train22679,0,22678
train22680,0,22679
train22681,0,22680
train22682,0,22681
train22683,0,22682
train22684,0,22683
train22685,0,22684
train22686,0,22685
train22687,0,22686
train22688,0,22687
train22689,0,22688
train22690,0,22689
train22691,0,22690
train22692,0,22691
train22693,0,22692
train22694,0,22693
train22695,0,22694
train22696,1,22695
train22697,0,22696
train22698,0,22697
train22699,0,22698
train22700,0,22699
train22701,0,22700
train22702,0,22701
train22703,0,22702
train22704,0,22703
train22705,0,22704
train22706,0,22705
train22707,0,22706
train22708,0,22707
train22709,0,22708
train22710,0,22709
train22711,0,22710
train22712,0,22711
train22713,0,22712
train22714,0,22713
train22715,0,22714
train22716,0,22715
train22717,0,22716
train22718,0,22717
train22719,0,22718
train22720,0,22719
train22721,0,22720
train22722,0,22721
train22723,0,22722
train22724,0,22723
train22725,0,22724
train22726,0,22725
train22727,0,22726
train22728,0,22727
train22729,0,22728
train22730,0,22729
train22731,0,22730
train22732,0,22731
train22733,0,22732
train22734,0,22733
train22735,0,22734
train22736,0,22735
train22737,0,22736
train22738,0,22737
train22739,0,22738
train22740,0,22739
train22741,0,22740
train22742,1,22741
train22743,0,22742
train22744,0,22743
train22745,0,22744
train22746,0,22745
train22747,0,22746
train22748,0,22747
train22749,0,22748
train22750,0,22749
train22751,0,22750
train22752,0,22751
train22753,0,22752
train22754,0,22753
train22755,0,22754
train22756,0,22755
train22757,0,22756
train22758,0,22757
train22759,0,22758
train22760,0,22759
train22761,0,22760
train22762,0,22761
train22763,0,22762
train22764,0,22763
train22765,0,22764
train22766,0,22765
train22767,0,22766
train22768,0,22767
train22769,0,22768
train22770,0,22769
train22771,0,22770
train22772,0,22771
train22773,0,22772
train22774,0,22773
train22775,0,22774
train22776,0,22775
train22777,0,22776
train22778,0,22777
train22779,0,22778
train22780,0,22779
train22781,0,22780
train22782,0,22781
train22783,0,22782
train22784,0,22783
train22785,1,22784
train22786,0,22785
train22787,0,22786
train22788,0,22787
train22789,0,22788
train22790,0,22789
train22791,0,22790
train22792,0,22791
train22793,0,22792
train22794,0,22793
train22795,0,22794
train22796,0,22795
train22797,0,22796
train22798,0,22797
train22799,0,22798
train22800,0,22799
train22801,0,22800
train22802,1,22801
train22803,0,22802
train22804,0,22803
train22805,0,22804
train22806,0,22805
train22807,0,22806
train22808,0,22807
train22809,0,22808
train22810,0,22809
train22811,0,22810
train22812,0,22811
train22813,0,22812
train22814,0,22813
train22815,0,22814
train22816,0,22815
train22817,0,22816
train22818,0,22817
train22819,1,22818
train22820,0,22819
train22821,0,22820
train22822,1,22821
train22823,1,22822
train22824,0,22823
train22825,1,22824
train22826,0,22825
train22827,0,22826
train22828,0,22827
train22829,0,22828
train22830,0,22829
train22831,0,22830
train22832,0,22831
train22833,0,22832
train22834,0,22833
train22835,0,22834
train22836,1,22835
train22837,1,22836
train22838,1,22837
train22839,0,22838
train22840,0,22839
train22841,0,22840
train22842,0,22841
train22843,1,22842
train22844,1,22843
train22845,0,22844
train22846,0,22845
train22847,0,22846
train22848,0,22847
train22849,0,22848
train22850,0,22849
train22851,0,22850
train22852,0,22851
train22853,1,22852
train22854,0,22853
train22855,0,22854
train22856,0,22855
train22857,0,22856
train22858,0,22857
train22859,0,22858
train22860,0,22859
train22861,1,22860
train22862,0,22861
train22863,1,22862
train22864,1,22863
train22865,1,22864
train22866,1,22865
train22867,0,22866
train22868,1,22867
train22869,1,22868
train22870,1,22869
train22871,0,22870
train22872,1,22871
train22873,0,22872
train22874,0,22873
train22875,0,22874
train22876,0,22875
train22877,0,22876
train22878,0,22877
train22879,0,22878
train22880,0,22879
train22881,0,22880
train22882,0,22881
train22883,0,22882
train22884,0,22883
train22885,0,22884
train22886,0,22885
train22887,0,22886
train22888,0,22887
train22889,0,22888
train22890,0,22889
train22891,0,22890
train22892,0,22891
train22893,0,22892
train22894,0,22893
train22895,0,22894
train22896,0,22895
train22897,0,22896
train22898,0,22897
train22899,0,22898
train22900,0,22899
train22901,0,22900
train22902,0,22901
train22903,0,22902
train22904,0,22903
train22905,0,22904
train22906,0,22905
train22907,0,22906
train22908,0,22907
train22909,0,22908
train22910,0,22909
train22911,0,22910
train22912,0,22911
train22913,0,22912
train22914,0,22913
train22915,1,22914
train22916,0,22915
train22917,0,22916
train22918,0,22917
train22919,0,22918
train22920,0,22919
train22921,1,22920
train22922,1,22921
train22923,1,22922
train22924,0,22923
train22925,0,22924
train22926,0,22925
train22927,0,22926
train22928,0,22927
train22929,0,22928
train22930,0,22929
train22931,0,22930
train22932,0,22931
train22933,0,22932
train22934,0,22933
train22935,0,22934
train22936,0,22935
train22937,0,22936
train22938,0,22937
train22939,0,22938
train22940,0,22939
train22941,0,22940
train22942,0,22941
train22943,0,22942
train22944,0,22943
train22945,0,22944
train22946,0,22945
train22947,0,22946
train22948,0,22947
train22949,0,22948
train22950,0,22949
train22951,0,22950
train22952,0,22951
train22953,0,22952
train22954,0,22953
train22955,0,22954
train22956,0,22955
train22957,0,22956
train22958,0,22957
train22959,0,22958
train22960,0,22959
train22961,0,22960
train22962,0,22961
train22963,0,22962
train22964,0,22963
train22965,0,22964
train22966,0,22965
train22967,0,22966
train22968,0,22967
train22969,0,22968
train22970,0,22969
train22971,0,22970
train22972,0,22971
train22973,0,22972
train22974,0,22973
train22975,0,22974
train22976,0,22975
train22977,0,22976
train22978,0,22977
train22979,0,22978
train22980,0,22979
train22981,0,22980
train22982,0,22981
train22983,0,22982
train22984,0,22983
train22985,0,22984
train22986,0,22985
train22987,0,22986
train22988,0,22987
train22989,0,22988
train22990,0,22989
train22991,0,22990
train22992,0,22991
train22993,0,22992
train22994,0,22993
train22995,0,22994
train22996,0,22995
train22997,0,22996
train22998,0,22997
train22999,0,22998
train23000,1,22999
train23001,1,23000
train23002,1,23001
train23003,0,23002
train23004,1,23003
train23005,1,23004
train23006,1,23005
train23007,0,23006
train23008,1,23007
train23009,1,23008
train23010,0,23009
train23011,1,23010
train23012,0,23011
train23013,0,23012
train23014,0,23013
train23015,1,23014
train23016,0,23015
train23017,0,23016
train23018,0,23017
train23019,0,23018
train23020,0,23019
train23021,0,23020
train23022,0,23021
train23023,0,23022
train23024,0,23023
train23025,0,23024
train23026,0,23025
train23027,0,23026
train23028,0,23027
train23029,1,23028
train23030,0,23029
train23031,0,23030
train23032,0,23031
train23033,0,23032
train23034,1,23033
train23035,0,23034
train23036,0,23035
train23037,0,23036
train23038,0,23037
train23039,0,23038
train23040,0,23039
train23041,0,23040
train23042,0,23041
train23043,0,23042
train23044,0,23043
train23045,0,23044
train23046,0,23045
train23047,0,23046
train23048,0,23047
train23049,0,23048
train23050,0,23049
train23051,0,23050
train23052,0,23051
train23053,0,23052
train23054,0,23053
train23055,0,23054
train23056,0,23055
train23057,0,23056
train23058,0,23057
train23059,0,23058
train23060,0,23059
train23061,0,23060
train23062,0,23061
train23063,0,23062
train23064,0,23063
train23065,0,23064
train23066,0,23065
train23067,0,23066
train23068,0,23067
train23069,0,23068
train23070,0,23069
train23071,0,23070
train23072,0,23071
train23073,0,23072
train23074,0,23073
train23075,0,23074
train23076,0,23075
train23077,0,23076
train23078,0,23077
train23079,0,23078
train23080,0,23079
train23081,0,23080
train23082,0,23081
train23083,0,23082
train23084,0,23083
train23085,0,23084
train23086,0,23085
train23087,1,23086
train23088,1,23087
train23089,1,23088
train23090,1,23089
train23091,0,23090
train23092,0,23091
train23093,0,23092
train23094,0,23093
train23095,0,23094
train23096,0,23095
train23097,0,23096
train23098,0,23097
train23099,0,23098
train23100,0,23099
train23101,1,23100
train23102,0,23101
train23103,0,23102
train23104,0,23103
train23105,1,23104
train23106,1,23105
train23107,1,23106
train23108,1,23107
train23109,1,23108
train23110,1,23109
train23111,1,23110
train23112,1,23111
train23113,0,23112
train23114,0,23113
train23115,0,23114
train23116,0,23115
train23117,0,23116
train23118,0,23117
train23119,0,23118
train23120,0,23119
train23121,0,23120
train23122,0,23121
train23123,0,23122
train23124,0,23123
train23125,0,23124
train23126,0,23125
train23127,0,23126
train23128,0,23127
train23129,0,23128
train23130,0,23129
train23131,0,23130
train23132,0,23131
train23133,1,23132
train23134,1,23133
train23135,0,23134
train23136,0,23135
train23137,0,23136
train23138,0,23137
train23139,0,23138
train23140,0,23139
train23141,0,23140
train23142,0,23141
train23143,0,23142
train23144,0,23143
train23145,0,23144
train23146,0,23145
train23147,0,23146
train23148,0,23147
train23149,1,23148
train23150,1,23149
train23151,1,23150
train23152,1,23151
train23153,0,23152
train23154,1,23153
train23155,0,23154
train23156,1,23155
train23157,0,23156
train23158,0,23157
train23159,0,23158
train23160,0,23159
train23161,1,23160
train23162,0,23161
train23163,0,23162
train23164,0,23163
train23165,1,23164
train23166,0,23165
train23167,0,23166
train23168,0,23167
train23169,0,23168
train23170,0,23169
train23171,0,23170
train23172,0,23171
train23173,0,23172
train23174,0,23173
train23175,0,23174
train23176,0,23175
train23177,0,23176
train23178,1,23177
train23179,1,23178
train23180,1,23179
train23181,1,23180
train23182,1,23181
train23183,1,23182
train23184,1,23183
train23185,1,23184
train23186,1,23185
train23187,1,23186
train23188,1,23187
train23189,1,23188
train23190,1,23189
train23191,1,23190
train23192,1,23191
train23193,1,23192
train23194,1,23193
train23195,1,23194
train23196,1,23195
train23197,1,23196
train23198,1,23197
train23199,1,23198
train23200,1,23199
train23201,1,23200
train23202,1,23201
train23203,1,23202
train23204,1,23203
train23205,1,23204
train23206,1,23205
train23207,1,23206
train23208,1,23207
train23209,1,23208
train23210,1,23209
train23211,1,23210
train23212,1,23211
train23213,1,23212
train23214,1,23213
train23215,1,23214
train23216,1,23215
train23217,1,23216
train23218,1,23217
train23219,1,23218
train23220,1,23219
train23221,1,23220
train23222,1,23221
train23223,1,23222
train23224,1,23223
train23225,1,23224
train23226,1,23225
train23227,1,23226
train23228,1,23227
train23229,1,23228
train23230,1,23229
train23231,1,23230
train23232,1,23231
train23233,1,23232
train23234,1,23233
train23235,1,23234
train23236,1,23235
train23237,1,23236
train23238,1,23237
train23239,1,23238
train23240,1,23239
train23241,1,23240
train23242,1,23241
train23243,1,23242
train23244,1,23243
train23245,1,23244
train23246,0,23245
train23247,0,23246
train23248,1,23247
train23249,1,23248
train23250,1,23249
train23251,1,23250
train23252,1,23251
train23253,1,23252
train23254,1,23253
train23255,1,23254
train23256,1,23255
train23257,1,23256
train23258,1,23257
train23259,1,23258
train23260,1,23259
train23261,1,23260
train23262,1,23261
train23263,1,23262
train23264,1,23263
train23265,1,23264
train23266,1,23265
train23267,1,23266
train23268,1,23267
train23269,1,23268
train23270,1,23269
train23271,1,23270
train23272,0,23271
train23273,1,23272
train23274,1,23273
train23275,1,23274
train23276,0,23275
train23277,1,23276
train23278,1,23277
train23279,1,23278
train23280,0,23279
train23281,0,23280
train23282,1,23281
train23283,1,23282
train23284,1,23283
train23285,0,23284
train23286,1,23285
train23287,1,23286
train23288,0,23287
train23289,1,23288
train23290,1,23289
train23291,1,23290
train23292,1,23291
train23293,1,23292
train23294,1,23293
train23295,1,23294
train23296,1,23295
train23297,1,23296
train23298,0,23297
train23299,1,23298
train23300,1,23299
train23301,1,23300
train23302,0,23301
train23303,1,23302
train23304,1,23303
train23305,1,23304
train23306,1,23305
train23307,1,23306
train23308,1,23307
train23309,1,23308
train23310,1,23309
train23311,1,23310
train23312,1,23311
train23313,1,23312
train23314,1,23313
train23315,1,23314
train23316,1,23315
train23317,1,23316
train23318,1,23317
train23319,1,23318
train23320,1,23319
train23321,1,23320
train23322,1,23321
train23323,1,23322
train23324,0,23323
train23325,1,23324
train23326,1,23325
train23327,1,23326
train23328,1,23327
train23329,0,23328
train23330,0,23329
train23331,1,23330
train23332,1,23331
train23333,0,23332
train23334,0,23333
train23335,0,23334
train23336,0,23335
train23337,0,23336
train23338,0,23337
train23339,1,23338
train23340,1,23339
train23341,1,23340
train23342,1,23341
train23343,1,23342
train23344,0,23343
train23345,1,23344
train23346,1,23345
train23347,1,23346
train23348,1,23347
train23349,1,23348
train23350,1,23349
train23351,0,23350
train23352,1,23351
train23353,1,23352
train23354,1,23353
train23355,0,23354
train23356,1,23355
train23357,1,23356
train23358,1,23357
train23359,1,23358
train23360,1,23359
train23361,1,23360
train23362,1,23361
train23363,1,23362
train23364,1,23363
train23365,1,23364
train23366,1,23365
train23367,1,23366
train23368,1,23367
train23369,1,23368
train23370,0,23369
train23371,0,23370
train23372,0,23371
train23373,0,23372
train23374,1,23373
train23375,0,23374
train23376,0,23375
train23377,0,23376
train23378,0,23377
train23379,0,23378
train23380,0,23379
train23381,0,23380
train23382,1,23381
train23383,1,23382
train23384,0,23383
train23385,0,23384
train23386,0,23385
train23387,0,23386
train23388,0,23387
train23389,0,23388
train23390,0,23389
train23391,1,23390
train23392,1,23391
train23393,1,23392
train23394,1,23393
train23395,1,23394
train23396,1,23395
train23397,0,23396
train23398,0,23397
train23399,0,23398
train23400,0,23399
train23401,0,23400
train23402,0,23401
train23403,0,23402
train23404,0,23403
train23405,0,23404
train23406,1,23405
train23407,1,23406
train23408,0,23407
train23409,0,23408
train23410,0,23409
train23411,0,23410
train23412,0,23411
train23413,0,23412
train23414,0,23413
train23415,0,23414
train23416,0,23415
train23417,0,23416
train23418,0,23417
train23419,0,23418
train23420,0,23419
train23421,0,23420
train23422,0,23421
train23423,0,23422
train23424,0,23423
train23425,0,23424
train23426,0,23425
train23427,0,23426
train23428,0,23427
train23429,0,23428
train23430,0,23429
train23431,0,23430
train23432,0,23431
train23433,0,23432
train23434,0,23433
train23435,0,23434
train23436,0,23435
train23437,0,23436
train23438,1,23437
train23439,0,23438
train23440,1,23439
train23441,0,23440
train23442,0,23441
train23443,0,23442
train23444,0,23443
train23445,0,23444
train23446,0,23445
train23447,0,23446
train23448,0,23447
train23449,0,23448
train23450,0,23449
train23451,0,23450
train23452,0,23451
train23453,0,23452
train23454,0,23453
train23455,0,23454
train23456,0,23455
train23457,0,23456
train23458,0,23457
train23459,0,23458
train23460,0,23459
train23461,0,23460
train23462,0,23461
train23463,0,23462
train23464,0,23463
train23465,0,23464
train23466,0,23465
train23467,0,23466
train23468,1,23467
train23469,0,23468
train23470,0,23469
train23471,1,23470
train23472,0,23471
train23473,0,23472
train23474,0,23473
train23475,0,23474
train23476,0,23475
train23477,1,23476
train23478,1,23477
train23479,0,23478
train23480,1,23479
train23481,0,23480
train23482,0,23481
train23483,0,23482
train23484,0,23483
train23485,0,23484
train23486,0,23485
train23487,0,23486
train23488,0,23487
train23489,0,23488
train23490,0,23489
train23491,0,23490
train23492,0,23491
train23493,1,23492
train23494,0,23493
train23495,0,23494
train23496,0,23495
train23497,0,23496
train23498,0,23497
train23499,0,23498
train23500,0,23499
train23501,0,23500
train23502,0,23501
train23503,0,23502
train23504,0,23503
train23505,0,23504
train23506,0,23505
train23507,0,23506
train23508,0,23507
train23509,0,23508
train23510,0,23509
train23511,0,23510
train23512,0,23511
train23513,0,23512
train23514,0,23513
train23515,0,23514
train23516,0,23515
train23517,0,23516
train23518,0,23517
train23519,0,23518
train23520,0,23519
train23521,0,23520
train23522,0,23521
train23523,0,23522
train23524,0,23523
train23525,0,23524
train23526,0,23525
train23527,0,23526
train23528,0,23527
train23529,0,23528
train23530,0,23529
train23531,0,23530
train23532,0,23531
train23533,0,23532
train23534,0,23533
train23535,0,23534
train23536,0,23535
train23537,0,23536
train23538,0,23537
train23539,0,23538
train23540,0,23539
train23541,0,23540
train23542,0,23541
train23543,0,23542
train23544,0,23543
train23545,0,23544
train23546,0,23545
train23547,0,23546
train23548,0,23547
train23549,0,23548
train23550,0,23549
train23551,0,23550
train23552,0,23551
train23553,0,23552
train23554,0,23553
train23555,0,23554
train23556,1,23555
train23557,0,23556
train23558,1,23557
train23559,0,23558
train23560,1,23559
train23561,0,23560
train23562,0,23561
train23563,0,23562
train23564,0,23563
train23565,0,23564
train23566,0,23565
train23567,0,23566
train23568,0,23567
train23569,0,23568
train23570,0,23569
train23571,0,23570
train23572,0,23571
train23573,0,23572
train23574,0,23573
train23575,0,23574
train23576,0,23575
train23577,0,23576
train23578,0,23577
train23579,0,23578
train23580,0,23579
train23581,0,23580
train23582,0,23581
train23583,0,23582
train23584,0,23583
train23585,0,23584
train23586,0,23585
train23587,1,23586
train23588,0,23587
train23589,1,23588
train23590,0,23589
train23591,0,23590
train23592,0,23591
train23593,0,23592
train23594,0,23593
train23595,0,23594
train23596,0,23595
train23597,0,23596
train23598,0,23597
train23599,0,23598
train23600,0,23599
train23601,0,23600
train23602,0,23601
train23603,0,23602
train23604,0,23603
train23605,0,23604
train23606,0,23605
train23607,0,23606
train23608,0,23607
train23609,0,23608
train23610,0,23609
train23611,0,23610
train23612,0,23611
train23613,0,23612
train23614,0,23613
train23615,0,23614
train23616,0,23615
train23617,0,23616
train23618,0,23617
train23619,0,23618
train23620,0,23619
train23621,0,23620
train23622,0,23621
train23623,0,23622
train23624,1,23623
train23625,1,23624
train23626,1,23625
train23627,0,23626
train23628,0,23627
train23629,0,23628
train23630,0,23629
train23631,0,23630
train23632,0,23631
train23633,0,23632
train23634,0,23633
train23635,0,23634
train23636,0,23635
train23637,0,23636
train23638,0,23637
train23639,0,23638
train23640,0,23639
train23641,0,23640
train23642,0,23641
train23643,0,23642
train23644,0,23643
train23645,0,23644
train23646,0,23645
train23647,0,23646
train23648,0,23647
train23649,0,23648
train23650,0,23649
train23651,0,23650
train23652,0,23651
train23653,0,23652
train23654,0,23653
train23655,0,23654
train23656,0,23655
train23657,0,23656
train23658,0,23657
train23659,0,23658
train23660,0,23659
train23661,0,23660
train23662,0,23661
train23663,0,23662
train23664,0,23663
train23665,0,23664
train23666,0,23665
train23667,0,23666
train23668,0,23667
train23669,0,23668
train23670,0,23669
train23671,0,23670
train23672,0,23671
train23673,0,23672
train23674,0,23673
train23675,0,23674
train23676,0,23675
train23677,0,23676
train23678,0,23677
train23679,0,23678
train23680,0,23679
train23681,0,23680
train23682,0,23681
train23683,0,23682
train23684,0,23683
train23685,0,23684
train23686,0,23685
train23687,0,23686
train23688,0,23687
train23689,0,23688
train23690,0,23689
train23691,0,23690
train23692,0,23691
train23693,0,23692
train23694,0,23693
train23695,0,23694
train23696,0,23695
train23697,0,23696
train23698,1,23697
train23699,0,23698
train23700,0,23699
train23701,0,23700
train23702,0,23701
train23703,0,23702
train23704,0,23703
train23705,0,23704
train23706,0,23705
train23707,0,23706
train23708,0,23707
train23709,0,23708
train23710,0,23709
train23711,0,23710
train23712,0,23711
train23713,0,23712
train23714,0,23713
train23715,0,23714
train23716,0,23715
train23717,0,23716
train23718,0,23717
train23719,0,23718
train23720,1,23719
train23721,1,23720
train23722,0,23721
train23723,0,23722
train23724,0,23723
train23725,0,23724
train23726,0,23725
train23727,0,23726
train23728,0,23727
train23729,0,23728
train23730,0,23729
train23731,0,23730
train23732,0,23731
train23733,0,23732
train23734,1,23733
train23735,0,23734
train23736,0,23735
train23737,0,23736
train23738,0,23737
train23739,0,23738
train23740,0,23739
train23741,0,23740
train23742,0,23741
train23743,0,23742
train23744,1,23743
train23745,1,23744
train23746,0,23745
train23747,0,23746
train23748,0,23747
train23749,0,23748
train23750,0,23749
train23751,0,23750
train23752,0,23751
train23753,0,23752
train23754,0,23753
train23755,0,23754
train23756,0,23755
train23757,0,23756
train23758,0,23757
train23759,0,23758
train23760,0,23759
train23761,0,23760
train23762,0,23761
train23763,0,23762
train23764,0,23763
train23765,0,23764
train23766,0,23765
train23767,0,23766
train23768,0,23767
train23769,0,23768
train23770,0,23769
train23771,0,23770
train23772,0,23771
train23773,0,23772
train23774,0,23773
train23775,0,23774
train23776,0,23775
train23777,0,23776
train23778,0,23777
train23779,0,23778
train23780,0,23779
train23781,0,23780
train23782,0,23781
train23783,0,23782
train23784,0,23783
train23785,0,23784
train23786,0,23785
train23787,0,23786
train23788,0,23787
train23789,0,23788
train23790,0,23789
train23791,0,23790
train23792,0,23791
train23793,0,23792
train23794,0,23793
train23795,0,23794
train23796,0,23795
train23797,0,23796
train23798,0,23797
train23799,0,23798
train23800,0,23799
train23801,0,23800
train23802,0,23801
train23803,0,23802
train23804,0,23803
train23805,0,23804
train23806,0,23805
train23807,0,23806
train23808,0,23807
train23809,0,23808
train23810,0,23809
train23811,0,23810
train23812,0,23811
train23813,0,23812
train23814,0,23813
train23815,0,23814
train23816,0,23815
train23817,0,23816
train23818,0,23817
train23819,0,23818
train23820,0,23819
train23821,0,23820
train23822,0,23821
train23823,0,23822
train23824,0,23823
train23825,0,23824
train23826,0,23825
train23827,0,23826
train23828,0,23827
train23829,0,23828
train23830,0,23829
train23831,0,23830
train23832,0,23831
train23833,0,23832
train23834,0,23833
train23835,0,23834
train23836,0,23835
train23837,0,23836
train23838,0,23837
train23839,0,23838
train23840,0,23839
train23841,0,23840
train23842,0,23841
train23843,0,23842
train23844,0,23843
train23845,0,23844
train23846,0,23845
train23847,0,23846
train23848,0,23847
train23849,0,23848
train23850,0,23849
train23851,0,23850
train23852,0,23851
train23853,0,23852
train23854,0,23853
train23855,0,23854
train23856,0,23855
train23857,0,23856
train23858,0,23857
train23859,0,23858
train23860,0,23859
train23861,0,23860
train23862,0,23861
train23863,0,23862
train23864,0,23863
train23865,0,23864
train23866,0,23865
train23867,0,23866
train23868,0,23867
train23869,0,23868
train23870,0,23869
train23871,0,23870
train23872,0,23871
train23873,0,23872
train23874,0,23873
train23875,0,23874
train23876,0,23875
train23877,0,23876
train23878,0,23877
train23879,0,23878
train23880,0,23879
train23881,0,23880
train23882,0,23881
train23883,0,23882
train23884,0,23883
train23885,0,23884
train23886,0,23885
train23887,0,23886
train23888,0,23887
train23889,0,23888
train23890,0,23889
train23891,0,23890
train23892,0,23891
train23893,0,23892
train23894,0,23893
train23895,0,23894
train23896,0,23895
train23897,0,23896
train23898,0,23897
train23899,0,23898
train23900,0,23899
train23901,0,23900
train23902,0,23901
train23903,0,23902
train23904,0,23903
train23905,0,23904
train23906,0,23905
train23907,0,23906
train23908,0,23907
train23909,0,23908
train23910,0,23909
train23911,0,23910
train23912,0,23911
train23913,0,23912
train23914,0,23913
train23915,0,23914
train23916,0,23915
train23917,0,23916
train23918,0,23917
train23919,0,23918
train23920,0,23919
train23921,0,23920
train23922,0,23921
train23923,0,23922
train23924,0,23923
train23925,0,23924
train23926,0,23925
train23927,0,23926
train23928,0,23927
train23929,0,23928
train23930,0,23929
train23931,0,23930
train23932,0,23931
train23933,0,23932
train23934,0,23933
train23935,0,23934
train23936,0,23935
train23937,0,23936
train23938,0,23937
train23939,0,23938
train23940,0,23939
train23941,0,23940
train23942,0,23941
train23943,0,23942
train23944,0,23943
train23945,0,23944
train23946,0,23945
train23947,0,23946
train23948,0,23947
train23949,0,23948
train23950,0,23949
train23951,0,23950
train23952,0,23951
train23953,0,23952
train23954,0,23953
train23955,0,23954
train23956,0,23955
train23957,0,23956
train23958,0,23957
train23959,0,23958
train23960,0,23959
train23961,0,23960
train23962,0,23961
train23963,0,23962
train23964,0,23963
train23965,0,23964
train23966,0,23965
train23967,0,23966
train23968,0,23967
train23969,0,23968
train23970,0,23969
train23971,0,23970
train23972,0,23971
train23973,0,23972
train23974,0,23973
train23975,0,23974
train23976,0,23975
train23977,0,23976
train23978,0,23977
train23979,0,23978
train23980,0,23979
train23981,0,23980
train23982,0,23981
train23983,0,23982
train23984,0,23983
train23985,0,23984
train23986,0,23985
train23987,0,23986
train23988,0,23987
train23989,0,23988
train23990,0,23989
train23991,0,23990
train23992,0,23991
train23993,0,23992
train23994,0,23993
train23995,0,23994
train23996,0,23995
train23997,0,23996
train23998,0,23997
train23999,0,23998
train24000,0,23999
train24001,0,24000
train24002,0,24001
train24003,0,24002
train24004,0,24003
train24005,0,24004
train24006,0,24005
train24007,0,24006
train24008,0,24007
train24009,0,24008
train24010,0,24009
train24011,0,24010
train24012,0,24011
train24013,0,24012
train24014,0,24013
train24015,0,24014
train24016,0,24015
train24017,0,24016
train24018,0,24017
train24019,0,24018
train24020,0,24019
train24021,0,24020
train24022,0,24021
train24023,0,24022
train24024,0,24023
train24025,0,24024
train24026,0,24025
train24027,0,24026
train24028,0,24027
train24029,0,24028
train24030,0,24029
train24031,0,24030
train24032,0,24031
train24033,0,24032
train24034,0,24033
train24035,0,24034
train24036,0,24035
train24037,0,24036
train24038,0,24037
train24039,0,24038
train24040,0,24039
train24041,0,24040
train24042,0,24041
train24043,0,24042
train24044,0,24043
train24045,0,24044
train24046,0,24045
train24047,0,24046
train24048,0,24047
train24049,0,24048
train24050,0,24049
train24051,0,24050
train24052,0,24051
train24053,0,24052
train24054,0,24053
train24055,0,24054
train24056,0,24055
train24057,0,24056
train24058,0,24057
train24059,0,24058
train24060,0,24059
train24061,0,24060
train24062,0,24061
train24063,0,24062
train24064,0,24063
train24065,0,24064
train24066,0,24065
train24067,0,24066
train24068,0,24067
train24069,0,24068
train24070,0,24069
train24071,0,24070
train24072,0,24071
train24073,0,24072
train24074,0,24073
train24075,0,24074
train24076,0,24075
train24077,0,24076
train24078,0,24077
train24079,0,24078
train24080,0,24079
train24081,0,24080
train24082,0,24081
train24083,0,24082
train24084,0,24083
train24085,0,24084
train24086,0,24085
train24087,0,24086
train24088,0,24087
train24089,0,24088
train24090,0,24089
train24091,0,24090
train24092,0,24091
train24093,0,24092
train24094,0,24093
train24095,0,24094
train24096,0,24095
train24097,0,24096
train24098,0,24097
train24099,0,24098
train24100,0,24099
train24101,0,24100
train24102,0,24101
train24103,0,24102
train24104,0,24103
train24105,0,24104
train24106,0,24105
train24107,0,24106
train24108,0,24107
train24109,0,24108
train24110,0,24109
train24111,0,24110
train24112,0,24111
train24113,0,24112
train24114,0,24113
train24115,0,24114
train24116,0,24115
train24117,0,24116
train24118,0,24117
train24119,0,24118
train24120,0,24119
train24121,0,24120
train24122,0,24121
train24123,0,24122
train24124,0,24123
train24125,0,24124
train24126,0,24125
train24127,0,24126
train24128,0,24127
train24129,0,24128
train24130,0,24129
train24131,0,24130
train24132,0,24131
train24133,0,24132
train24134,0,24133
train24135,0,24134
train24136,0,24135
train24137,0,24136
train24138,0,24137
train24139,0,24138
train24140,0,24139
train24141,0,24140
train24142,0,24141
train24143,0,24142
train24144,0,24143
train24145,0,24144
train24146,0,24145
train24147,0,24146
train24148,0,24147
train24149,0,24148
train24150,0,24149
train24151,0,24150
train24152,0,24151
train24153,0,24152
train24154,0,24153
train24155,0,24154
train24156,0,24155
train24157,0,24156
train24158,0,24157
train24159,0,24158
train24160,0,24159
train24161,0,24160
train24162,0,24161
train24163,0,24162
train24164,0,24163
train24165,0,24164
train24166,0,24165
train24167,0,24166
train24168,0,24167
train24169,0,24168
train24170,0,24169
train24171,0,24170
train24172,0,24171
train24173,0,24172
train24174,0,24173
train24175,0,24174
train24176,0,24175
train24177,0,24176
train24178,0,24177
train24179,0,24178
train24180,0,24179
train24181,0,24180
train24182,0,24181
train24183,0,24182
train24184,0,24183
train24185,0,24184
train24186,0,24185
train24187,0,24186
train24188,0,24187
train24189,0,24188
train24190,0,24189
train24191,0,24190
train24192,0,24191
train24193,0,24192
train24194,0,24193
train24195,0,24194
train24196,0,24195
train24197,0,24196
train24198,0,24197
train24199,0,24198
train24200,0,24199
train24201,0,24200
train24202,0,24201
train24203,0,24202
train24204,0,24203
train24205,0,24204
train24206,0,24205
train24207,0,24206
train24208,0,24207
train24209,0,24208
train24210,0,24209
train24211,0,24210
train24212,0,24211
train24213,0,24212
train24214,0,24213
train24215,0,24214
train24216,0,24215
train24217,0,24216
train24218,0,24217
train24219,0,24218
train24220,0,24219
train24221,0,24220
train24222,0,24221
train24223,0,24222
train24224,0,24223
train24225,0,24224
train24226,0,24225
train24227,0,24226
train24228,0,24227
train24229,0,24228
train24230,0,24229
train24231,0,24230
train24232,0,24231
train24233,0,24232
train24234,0,24233
train24235,0,24234
train24236,0,24235
train24237,0,24236
train24238,0,24237
train24239,0,24238
train24240,0,24239
train24241,0,24240
train24242,0,24241
train24243,0,24242
train24244,0,24243
train24245,0,24244
train24246,0,24245
train24247,0,24246
train24248,0,24247
train24249,0,24248
train24250,0,24249
train24251,0,24250
train24252,0,24251
train24253,0,24252
train24254,0,24253
train24255,0,24254
train24256,0,24255
train24257,0,24256
train24258,0,24257
train24259,0,24258
train24260,0,24259
train24261,0,24260
train24262,0,24261
train24263,0,24262
train24264,0,24263
train24265,0,24264
train24266,0,24265
train24267,0,24266
train24268,0,24267
train24269,0,24268
train24270,0,24269
train24271,0,24270
train24272,0,24271
train24273,0,24272
train24274,0,24273
train24275,0,24274
train24276,0,24275
train24277,0,24276
train24278,0,24277
train24279,0,24278
train24280,0,24279
train24281,0,24280
train24282,0,24281
train24283,0,24282
train24284,0,24283
train24285,0,24284
train24286,0,24285
train24287,0,24286
train24288,0,24287
train24289,0,24288
train24290,0,24289
train24291,0,24290
train24292,0,24291
train24293,0,24292
train24294,0,24293
train24295,0,24294
train24296,0,24295
train24297,0,24296
train24298,0,24297
train24299,0,24298
train24300,0,24299
train24301,0,24300
train24302,0,24301
train24303,0,24302
train24304,0,24303
train24305,0,24304
train24306,0,24305
train24307,0,24306
train24308,0,24307
train24309,0,24308
train24310,0,24309
train24311,0,24310
train24312,0,24311
train24313,0,24312
train24314,0,24313
train24315,0,24314
train24316,0,24315
train24317,0,24316
train24318,0,24317
train24319,0,24318
train24320,0,24319
train24321,0,24320
train24322,0,24321
train24323,0,24322
train24324,0,24323
train24325,0,24324
train24326,0,24325
train24327,0,24326
train24328,0,24327
train24329,0,24328
train24330,0,24329
train24331,0,24330
train24332,0,24331
train24333,0,24332
train24334,0,24333
train24335,0,24334
train24336,0,24335
train24337,0,24336
train24338,0,24337
train24339,0,24338
train24340,0,24339
train24341,0,24340
train24342,0,24341
train24343,0,24342
train24344,0,24343
train24345,0,24344
train24346,0,24345
train24347,0,24346
train24348,0,24347
train24349,0,24348
train24350,0,24349
train24351,0,24350
train24352,0,24351
train24353,0,24352
train24354,0,24353
train24355,0,24354
train24356,0,24355
train24357,0,24356
train24358,0,24357
train24359,0,24358
train24360,0,24359
train24361,0,24360
train24362,0,24361
train24363,0,24362
train24364,0,24363
train24365,0,24364
train24366,0,24365
train24367,0,24366
train24368,0,24367
train24369,0,24368
train24370,0,24369
train24371,0,24370
train24372,0,24371
train24373,0,24372
train24374,0,24373
train24375,0,24374
train24376,0,24375
train24377,0,24376
train24378,0,24377
train24379,0,24378
train24380,0,24379
train24381,0,24380
train24382,0,24381
train24383,0,24382
train24384,0,24383
train24385,0,24384
train24386,0,24385
train24387,0,24386
train24388,0,24387
train24389,0,24388
train24390,0,24389
train24391,0,24390
train24392,0,24391
train24393,0,24392
train24394,0,24393
train24395,0,24394
train24396,0,24395
train24397,0,24396
train24398,0,24397
train24399,0,24398
train24400,0,24399
train24401,0,24400
train24402,0,24401
train24403,0,24402
train24404,0,24403
train24405,0,24404
train24406,0,24405
train24407,0,24406
train24408,0,24407
train24409,0,24408
train24410,0,24409
train24411,0,24410
train24412,0,24411
train24413,0,24412
train24414,0,24413
train24415,0,24414
train24416,0,24415
train24417,0,24416
train24418,0,24417
train24419,0,24418
train24420,0,24419
train24421,0,24420
train24422,0,24421
train24423,0,24422
train24424,0,24423
train24425,0,24424
train24426,0,24425
train24427,0,24426
train24428,0,24427
train24429,0,24428
train24430,1,24429
train24431,0,24430
train24432,0,24431
train24433,0,24432
train24434,0,24433
train24435,0,24434
train24436,0,24435
train24437,0,24436
train24438,0,24437
train24439,0,24438
train24440,0,24439
train24441,0,24440
train24442,0,24441
train24443,0,24442
train24444,0,24443
train24445,0,24444
train24446,0,24445
train24447,1,24446
train24448,0,24447
train24449,1,24448
train24450,0,24449
train24451,0,24450
train24452,0,24451
train24453,0,24452
train24454,0,24453
train24455,0,24454
train24456,0,24455
train24457,0,24456
train24458,0,24457
train24459,0,24458
train24460,0,24459
train24461,0,24460
train24462,0,24461
train24463,0,24462
train24464,0,24463
train24465,0,24464
train24466,0,24465
train24467,0,24466
train24468,0,24467
train24469,1,24468
train24470,0,24469
train24471,0,24470
train24472,0,24471
train24473,0,24472
train24474,0,24473
train24475,0,24474
train24476,0,24475
train24477,0,24476
train24478,0,24477
train24479,0,24478
train24480,0,24479
train24481,0,24480
train24482,0,24481
train24483,0,24482
train24484,0,24483
train24485,0,24484
train24486,0,24485
train24487,0,24486
train24488,0,24487
train24489,0,24488
train24490,0,24489
train24491,0,24490
train24492,0,24491
train24493,0,24492
train24494,0,24493
train24495,0,24494
train24496,0,24495
train24497,0,24496
train24498,0,24497
train24499,0,24498
train24500,0,24499
train24501,0,24500
train24502,0,24501
train24503,0,24502
train24504,1,24503
train24505,1,24504
train24506,0,24505
train24507,0,24506
train24508,0,24507
train24509,0,24508
train24510,0,24509
train24511,0,24510
train24512,0,24511
train24513,0,24512
train24514,0,24513
train24515,0,24514
train24516,0,24515
train24517,0,24516
train24518,0,24517
train24519,0,24518
train24520,0,24519
train24521,0,24520
train24522,1,24521
train24523,0,24522
train24524,0,24523
train24525,1,24524
train24526,0,24525
train24527,0,24526
train24528,0,24527
train24529,0,24528
train24530,0,24529
train24531,0,24530
train24532,0,24531
train24533,0,24532
train24534,0,24533
train24535,0,24534
train24536,0,24535
train24537,0,24536
train24538,0,24537
train24539,0,24538
train24540,0,24539
train24541,0,24540
train24542,0,24541
train24543,0,24542
train24544,0,24543
train24545,0,24544
train24546,0,24545
train24547,0,24546
train24548,0,24547
train24549,0,24548
train24550,0,24549
train24551,0,24550
train24552,1,24551
train24553,1,24552
train24554,0,24553
train24555,0,24554
train24556,0,24555
train24557,0,24556
train24558,1,24557
train24559,1,24558
train24560,1,24559
train24561,0,24560
train24562,0,24561
train24563,0,24562
train24564,0,24563
train24565,0,24564
train24566,0,24565
train24567,1,24566
train24568,0,24567
train24569,0,24568
train24570,0,24569
train24571,0,24570
train24572,0,24571
train24573,0,24572
train24574,0,24573
train24575,0,24574
train24576,0,24575
train24577,0,24576
train24578,1,24577
train24579,0,24578
train24580,1,24579
train24581,1,24580
train24582,1,24581
train24583,1,24582
train24584,1,24583
train24585,1,24584
train24586,1,24585
train24587,1,24586
train24588,0,24587
train24589,1,24588
train24590,1,24589
train24591,1,24590
train24592,1,24591
train24593,1,24592
train24594,1,24593
train24595,1,24594
train24596,1,24595
train24597,1,24596
train24598,1,24597
train24599,1,24598
train24600,1,24599
train24601,1,24600
train24602,1,24601
train24603,1,24602
train24604,1,24603
train24605,1,24604
train24606,0,24605
train24607,0,24606
train24608,0,24607
train24609,1,24608
train24610,1,24609
train24611,0,24610
train24612,1,24611
train24613,0,24612
train24614,0,24613
train24615,0,24614
train24616,1,24615
train24617,0,24616
train24618,0,24617
train24619,1,24618
train24620,1,24619
train24621,0,24620
train24622,1,24621
train24623,0,24622
train24624,0,24623
train24625,0,24624
train24626,1,24625
train24627,1,24626
train24628,1,24627
train24629,1,24628
train24630,1,24629
train24631,1,24630
train24632,1,24631
train24633,1,24632
train24634,0,24633
train24635,0,24634
train24636,0,24635
train24637,0,24636
train24638,1,24637
train24639,1,24638
train24640,1,24639
train24641,1,24640
train24642,1,24641
train24643,1,24642
train24644,1,24643
train24645,1,24644
train24646,1,24645
train24647,0,24646
train24648,0,24647
train24649,0,24648
train24650,0,24649
train24651,0,24650
train24652,0,24651
train24653,1,24652
train24654,1,24653
train24655,0,24654
train24656,1,24655
train24657,1,24656
train24658,0,24657
train24659,1,24658
train24660,1,24659
train24661,0,24660
train24662,0,24661
train24663,0,24662
train24664,0,24663
train24665,1,24664
train24666,1,24665
train24667,1,24666
train24668,1,24667
train24669,1,24668
train24670,1,24669
train24671,1,24670
train24672,1,24671
train24673,1,24672
train24674,1,24673
train24675,0,24674
train24676,0,24675
train24677,0,24676
train24678,0,24677
train24679,1,24678
train24680,1,24679
train24681,1,24680
train24682,1,24681
train24683,1,24682
train24684,1,24683
train24685,1,24684
train24686,1,24685
train24687,1,24686
train24688,1,24687
train24689,1,24688
train24690,1,24689
train24691,1,24690
train24692,0,24691
train24693,0,24692
train24694,0,24693
train24695,0,24694
train24696,0,24695
train24697,1,24696
train24698,0,24697
train24699,0,24698
train24700,0,24699
train24701,1,24700
train24702,0,24701
train24703,1,24702
train24704,0,24703
train24705,0,24704
train24706,1,24705
train24707,1,24706
train24708,0,24707
train24709,0,24708
train24710,0,24709
train24711,0,24710
train24712,0,24711
train24713,1,24712
train24714,1,24713
train24715,1,24714
train24716,1,24715
train24717,0,24716
train24718,0,24717
train24719,0,24718
train24720,0,24719
train24721,1,24720
train24722,1,24721
train24723,0,24722
train24724,0,24723
train24725,0,24724
train24726,1,24725
train24727,0,24726
train24728,1,24727
train24729,1,24728
train24730,1,24729
train24731,0,24730
train24732,0,24731
train24733,0,24732
train24734,0,24733
train24735,0,24734
train24736,0,24735
train24737,1,24736
train24738,0,24737
train24739,1,24738
train24740,1,24739
train24741,1,24740
train24742,0,24741
train24743,0,24742
train24744,0,24743
train24745,0,24744
train24746,1,24745
train24747,1,24746
train24748,0,24747
train24749,0,24748
train24750,1,24749
train24751,1,24750
train24752,1,24751
train24753,0,24752
train24754,0,24753
train24755,0,24754
train24756,0,24755
train24757,0,24756
train24758,0,24757
train24759,1,24758
train24760,1,24759
train24761,0,24760
train24762,0,24761
train24763,0,24762
train24764,0,24763
train24765,0,24764
train24766,0,24765
train24767,0,24766
train24768,0,24767
train24769,0,24768
train24770,0,24769
train24771,0,24770
train24772,0,24771
train24773,0,24772
train24774,0,24773
train24775,0,24774
train24776,0,24775
train24777,0,24776
train24778,0,24777
train24779,0,24778
train24780,0,24779
train24781,0,24780
train24782,0,24781
train24783,0,24782
train24784,0,24783
train24785,0,24784
train24786,0,24785
train24787,0,24786
train24788,0,24787
train24789,0,24788
train24790,0,24789
train24791,0,24790
train24792,0,24791
train24793,0,24792
train24794,0,24793
train24795,0,24794
train24796,0,24795
train24797,0,24796
train24798,0,24797
train24799,0,24798
train24800,0,24799
train24801,1,24800
train24802,0,24801
train24803,0,24802
train24804,0,24803
train24805,0,24804
train24806,0,24805
train24807,0,24806
train24808,0,24807
train24809,0,24808
train24810,0,24809
train24811,0,24810
train24812,1,24811
train24813,1,24812
train24814,0,24813
train24815,0,24814
train24816,0,24815
train24817,0,24816
train24818,0,24817
train24819,0,24818
train24820,1,24819
train24821,1,24820
train24822,1,24821
train24823,1,24822
train24824,1,24823
train24825,1,24824
train24826,1,24825
train24827,1,24826
train24828,1,24827
train24829,1,24828
train24830,1,24829
train24831,1,24830
train24832,1,24831
train24833,1,24832
train24834,1,24833
train24835,0,24834
train24836,1,24835
train24837,0,24836
train24838,0,24837
train24839,1,24838
train24840,1,24839
train24841,1,24840
train24842,0,24841
train24843,0,24842
train24844,0,24843
train24845,0,24844
train24846,0,24845
train24847,0,24846
train24848,0,24847
train24849,0,24848
train24850,0,24849
train24851,0,24850
train24852,0,24851
train24853,1,24852
train24854,1,24853
train24855,1,24854
train24856,1,24855
train24857,0,24856
train24858,0,24857
train24859,0,24858
train24860,1,24859
train24861,1,24860
train24862,1,24861
train24863,0,24862
train24864,1,24863
train24865,1,24864
train24866,1,24865
train24867,1,24866
train24868,0,24867
train24869,0,24868
train24870,0,24869
train24871,0,24870
train24872,1,24871
train24873,1,24872
train24874,1,24873
train24875,0,24874
train24876,0,24875
train24877,0,24876
train24878,0,24877
train24879,0,24878
train24880,0,24879
train24881,0,24880
train24882,0,24881
train24883,0,24882
train24884,0,24883
train24885,0,24884
train24886,0,24885
train24887,0,24886
train24888,0,24887
train24889,1,24888
train24890,1,24889
train24891,0,24890
train24892,1,24891
train24893,1,24892
train24894,1,24893
train24895,1,24894
train24896,0,24895
train24897,0,24896
train24898,1,24897
train24899,0,24898
train24900,0,24899
train24901,0,24900
train24902,0,24901
train24903,0,24902
train24904,1,24903
train24905,0,24904
train24906,1,24905
train24907,0,24906
train24908,0,24907
train24909,0,24908
train24910,1,24909
train24911,0,24910
train24912,0,24911
train24913,0,24912
train24914,0,24913
train24915,0,24914
train24916,0,24915
train24917,0,24916
train24918,1,24917
train24919,1,24918
train24920,0,24919
train24921,0,24920
train24922,0,24921
train24923,0,24922
train24924,0,24923
train24925,0,24924
train24926,0,24925
train24927,0,24926
train24928,0,24927
train24929,0,24928
train24930,0,24929
train24931,0,24930
train24932,0,24931
train24933,1,24932
train24934,1,24933
train24935,0,24934
train24936,0,24935
train24937,1,24936
train24938,0,24937
train24939,0,24938
train24940,0,24939
train24941,0,24940
train24942,0,24941
train24943,0,24942
train24944,0,24943
train24945,0,24944
train24946,1,24945
train24947,1,24946
train24948,1,24947
train24949,1,24948
train24950,0,24949
train24951,1,24950
train24952,0,24951
train24953,1,24952
train24954,1,24953
train24955,0,24954
train24956,0,24955
train24957,1,24956
train24958,1,24957
train24959,1,24958
train24960,0,24959
train24961,0,24960
train24962,0,24961
train24963,0,24962
train24964,0,24963
train24965,0,24964
train24966,0,24965
train24967,0,24966
train24968,0,24967
train24969,1,24968
train24970,1,24969
train24971,1,24970
train24972,0,24971
train24973,1,24972
train24974,0,24973
train24975,0,24974
train24976,0,24975
train24977,0,24976
train24978,0,24977
train24979,0,24978
train24980,0,24979
train24981,0,24980
train24982,1,24981
train24983,0,24982
train24984,0,24983
train24985,0,24984
train24986,0,24985
train24987,0,24986
train24988,0,24987
train24989,0,24988
train24990,0,24989
train24991,0,24990
train24992,0,24991
train24993,1,24992
train24994,0,24993
train24995,0,24994
train24996,0,24995
train24997,0,24996
train24998,0,24997
train24999,0,24998
train25000,0,24999
train25001,1,25000
train25002,0,25001
train25003,0,25002
train25004,1,25003
train25005,0,25004
train25006,0,25005
train25007,0,25006
train25008,1,25007
train25009,1,25008
train25010,1,25009
train25011,1,25010
train25012,0,25011
train25013,0,25012
train25014,0,25013
train25015,0,25014
train25016,1,25015
train25017,1,25016
train25018,1,25017
train25019,1,25018
train25020,1,25019
train25021,0,25020
train25022,0,25021
train25023,0,25022
train25024,1,25023
train25025,1,25024
train25026,0,25025
train25027,0,25026
train25028,0,25027
train25029,0,25028
train25030,0,25029
train25031,0,25030
train25032,0,25031
train25033,0,25032
train25034,0,25033
train25035,1,25034
train25036,1,25035
train25037,1,25036
train25038,1,25037
train25039,0,25038
train25040,1,25039
train25041,0,25040
train25042,0,25041
train25043,0,25042
train25044,0,25043
train25045,0,25044
train25046,0,25045
train25047,0,25046
train25048,1,25047
train25049,0,25048
train25050,0,25049
train25051,1,25050
train25052,1,25051
train25053,0,25052
train25054,1,25053
train25055,1,25054
train25056,0,25055
train25057,1,25056
train25058,0,25057
train25059,0,25058
train25060,0,25059
train25061,0,25060
train25062,1,25061
train25063,0,25062
train25064,0,25063
train25065,0,25064
train25066,0,25065
train25067,0,25066
train25068,0,25067
train25069,0,25068
train25070,0,25069
train25071,1,25070
train25072,1,25071
train25073,1,25072
train25074,1,25073
train25075,1,25074
train25076,0,25075
train25077,0,25076
train25078,0,25077
train25079,0,25078
train25080,0,25079
train25081,1,25080
train25082,0,25081
train25083,1,25082
train25084,0,25083
train25085,0,25084
train25086,1,25085
train25087,1,25086
train25088,1,25087
train25089,0,25088
train25090,0,25089
train25091,0,25090
train25092,0,25091
train25093,1,25092
train25094,1,25093
train25095,1,25094
train25096,0,25095
train25097,0,25096
train25098,1,25097
train25099,0,25098
train25100,0,25099
train25101,0,25100
train25102,0,25101
train25103,1,25102
train25104,1,25103
train25105,1,25104
train25106,1,25105
train25107,1,25106
train25108,1,25107
train25109,1,25108
train25110,1,25109
train25111,0,25110
train25112,1,25111
train25113,0,25112
train25114,1,25113
train25115,1,25114
train25116,1,25115
train25117,1,25116
train25118,1,25117
train25119,1,25118
train25120,0,25119
train25121,0,25120
train25122,1,25121
train25123,1,25122
train25124,1,25123
train25125,1,25124
train25126,1,25125
train25127,1,25126
train25128,1,25127
train25129,1,25128
train25130,0,25129
train25131,1,25130
train25132,1,25131
train25133,0,25132
train25134,1,25133
train25135,1,25134
train25136,1,25135
train25137,1,25136
train25138,1,25137
train25139,1,25138
train25140,1,25139
train25141,1,25140
train25142,1,25141
train25143,1,25142
train25144,0,25143
train25145,1,25144
train25146,1,25145
train25147,1,25146
train25148,1,25147
train25149,1,25148
train25150,1,25149
train25151,0,25150
train25152,1,25151
train25153,1,25152
train25154,0,25153
train25155,0,25154
train25156,0,25155
train25157,0,25156
train25158,1,25157
train25159,0,25158
train25160,1,25159
train25161,0,25160
train25162,0,25161
train25163,0,25162
train25164,1,25163
train25165,1,25164
train25166,1,25165
train25167,1,25166
train25168,0,25167
train25169,0,25168
train25170,0,25169
train25171,1,25170
train25172,1,25171
train25173,1,25172
train25174,1,25173
train25175,1,25174
train25176,1,25175
train25177,1,25176
train25178,0,25177
train25179,0,25178
train25180,0,25179
train25181,0,25180
train25182,0,25181
train25183,0,25182
train25184,0,25183
train25185,1,25184
train25186,1,25185
train25187,1,25186
train25188,1,25187
train25189,0,25188
train25190,1,25189
train25191,0,25190
train25192,0,25191
train25193,0,25192
train25194,0,25193
train25195,0,25194
train25196,0,25195
train25197,0,25196
train25198,0,25197
train25199,0,25198
train25200,0,25199
train25201,0,25200
train25202,0,25201
train25203,0,25202
train25204,1,25203
train25205,0,25204
train25206,1,25205
train25207,1,25206
train25208,1,25207
train25209,0,25208
train25210,0,25209
train25211,0,25210
train25212,0,25211
train25213,0,25212
train25214,0,25213
train25215,0,25214
train25216,0,25215
train25217,1,25216
train25218,1,25217
train25219,0,25218
train25220,1,25219
train25221,1,25220
train25222,1,25221
train25223,1,25222
train25224,0,25223
train25225,0,25224
train25226,1,25225
train25227,0,25226
train25228,0,25227
train25229,0,25228
train25230,1,25229
train25231,1,25230
train25232,1,25231
train25233,1,25232
train25234,1,25233
train25235,0,25234
train25236,0,25235
train25237,1,25236
train25238,0,25237
train25239,0,25238
train25240,0,25239
train25241,0,25240
train25242,1,25241
train25243,1,25242
train25244,1,25243
train25245,1,25244
train25246,1,25245
train25247,0,25246
train25248,1,25247
train25249,1,25248
train25250,1,25249
train25251,1,25250
train25252,1,25251
train25253,1,25252
train25254,0,25253
train25255,1,25254
train25256,1,25255
train25257,1,25256
train25258,1,25257
train25259,0,25258
train25260,0,25259
train25261,1,25260
train25262,1,25261
train25263,1,25262
train25264,1,25263
train25265,0,25264
train25266,0,25265
train25267,1,25266
train25268,1,25267
train25269,1,25268
train25270,0,25269
train25271,0,25270
train25272,0,25271
train25273,0,25272
train25274,0,25273
train25275,0,25274
train25276,0,25275
train25277,1,25276
train25278,1,25277
train25279,0,25278
train25280,1,25279
train25281,0,25280
train25282,0,25281
train25283,0,25282
train25284,0,25283
train25285,0,25284
train25286,0,25285
train25287,1,25286
train25288,1,25287
train25289,0,25288
train25290,0,25289
train25291,1,25290
train25292,0,25291
train25293,0,25292
train25294,0,25293
train25295,0,25294
train25296,0,25295
train25297,1,25296
train25298,0,25297
train25299,1,25298
train25300,1,25299
train25301,1,25300
train25302,1,25301
train25303,1,25302
train25304,1,25303
train25305,1,25304
train25306,0,25305
train25307,1,25306
train25308,0,25307
train25309,0,25308
train25310,0,25309
train25311,0,25310
train25312,1,25311
train25313,0,25312
train25314,0,25313
train25315,1,25314
train25316,1,25315
train25317,1,25316
train25318,1,25317
train25319,0,25318
train25320,0,25319
train25321,0,25320
train25322,0,25321
train25323,0,25322
train25324,0,25323
train25325,0,25324
train25326,0,25325
train25327,0,25326
train25328,0,25327
train25329,0,25328
train25330,0,25329
train25331,0,25330
train25332,0,25331
train25333,0,25332
train25334,0,25333
train25335,1,25334
train25336,1,25335
train25337,1,25336
train25338,0,25337
train25339,1,25338
train25340,1,25339
train25341,0,25340
train25342,0,25341
train25343,1,25342
train25344,1,25343
train25345,1,25344
train25346,0,25345
train25347,1,25346
train25348,0,25347
train25349,1,25348
train25350,1,25349
train25351,0,25350
train25352,1,25351
train25353,0,25352
train25354,1,25353
train25355,0,25354
train25356,1,25355
train25357,1,25356
train25358,1,25357
train25359,1,25358
train25360,0,25359
train25361,0,25360
train25362,0,25361
train25363,0,25362
train25364,1,25363
train25365,0,25364
train25366,0,25365
train25367,0,25366
train25368,0,25367
train25369,0,25368
train25370,0,25369
train25371,0,25370
train25372,0,25371
train25373,0,25372
train25374,0,25373
train25375,0,25374
train25376,1,25375
train25377,1,25376
train25378,1,25377
train25379,0,25378
train25380,0,25379
train25381,1,25380
train25382,1,25381
train25383,0,25382
train25384,1,25383
train25385,0,25384
train25386,0,25385
train25387,0,25386
train25388,0,25387
train25389,0,25388
train25390,0,25389
train25391,0,25390
train25392,0,25391
train25393,0,25392
train25394,0,25393
train25395,0,25394
train25396,0,25395
train25397,0,25396
train25398,0,25397
train25399,0,25398
train25400,0,25399
train25401,0,25400
train25402,0,25401
train25403,0,25402
train25404,0,25403
train25405,0,25404
train25406,0,25405
train25407,0,25406
train25408,0,25407
train25409,0,25408
train25410,0,25409
train25411,0,25410
train25412,0,25411
train25413,0,25412
train25414,0,25413
train25415,0,25414
train25416,0,25415
train25417,0,25416
train25418,0,25417
train25419,0,25418
train25420,0,25419
train25421,1,25420
train25422,0,25421
train25423,1,25422
train25424,1,25423
train25425,1,25424
train25426,1,25425
train25427,1,25426
train25428,1,25427
train25429,1,25428
train25430,1,25429
train25431,0,25430
train25432,0,25431
train25433,0,25432
train25434,1,25433
train25435,1,25434
train25436,0,25435
train25437,0,25436
train25438,0,25437
train25439,0,25438
train25440,0,25439
train25441,0,25440
train25442,0,25441
train25443,0,25442
train25444,0,25443
train25445,0,25444
train25446,0,25445
train25447,0,25446
train25448,0,25447
train25449,0,25448
train25450,0,25449
train25451,0,25450
train25452,0,25451
train25453,0,25452
train25454,0,25453
train25455,0,25454
train25456,1,25455
train25457,0,25456
train25458,0,25457
train25459,0,25458
train25460,0,25459
train25461,0,25460
train25462,0,25461
train25463,0,25462
train25464,0,25463
train25465,0,25464
train25466,0,25465
train25467,0,25466
train25468,0,25467
train25469,0,25468
train25470,0,25469
train25471,0,25470
train25472,0,25471
train25473,0,25472
train25474,0,25473
train25475,0,25474
train25476,0,25475
train25477,0,25476
train25478,0,25477
train25479,0,25478
train25480,0,25479
train25481,0,25480
train25482,0,25481
train25483,0,25482
train25484,0,25483
train25485,0,25484
train25486,0,25485
train25487,0,25486
train25488,0,25487
train25489,0,25488
train25490,0,25489
train25491,0,25490
train25492,0,25491
train25493,0,25492
train25494,0,25493
train25495,1,25494
train25496,1,25495
train25497,0,25496
train25498,0,25497
train25499,0,25498
train25500,0,25499
train25501,0,25500
train25502,0,25501
train25503,0,25502
train25504,0,25503
train25505,0,25504
train25506,0,25505
train25507,0,25506
train25508,1,25507
train25509,0,25508
train25510,0,25509
train25511,0,25510
train25512,0,25511
train25513,0,25512
train25514,0,25513
train25515,0,25514
train25516,0,25515
train25517,1,25516
train25518,1,25517
train25519,1,25518
train25520,1,25519
train25521,0,25520
train25522,1,25521
train25523,1,25522
train25524,1,25523
train25525,0,25524
train25526,0,25525
train25527,0,25526
train25528,1,25527
train25529,1,25528
train25530,1,25529
train25531,1,25530
train25532,1,25531
train25533,1,25532
train25534,1,25533
train25535,0,25534
train25536,0,25535
train25537,0,25536
train25538,0,25537
train25539,0,25538
train25540,0,25539
train25541,0,25540
train25542,0,25541
train25543,1,25542
train25544,1,25543
train25545,1,25544
train25546,0,25545
train25547,0,25546
train25548,0,25547
train25549,0,25548
train25550,1,25549
train25551,0,25550
train25552,0,25551
train25553,0,25552
train25554,0,25553
train25555,1,25554
train25556,0,25555
train25557,0,25556
train25558,0,25557
train25559,0,25558
train25560,0,25559
train25561,0,25560
train25562,0,25561
train25563,0,25562
train25564,0,25563
train25565,0,25564
train25566,0,25565
train25567,0,25566
train25568,0,25567
train25569,0,25568
train25570,0,25569
train25571,0,25570
train25572,0,25571
train25573,1,25572
train25574,0,25573
train25575,1,25574
train25576,0,25575
train25577,0,25576
train25578,0,25577
train25579,0,25578
train25580,0,25579
train25581,0,25580
train25582,0,25581
train25583,0,25582
train25584,0,25583
train25585,0,25584
train25586,1,25585
train25587,0,25586
train25588,1,25587
train25589,1,25588
train25590,1,25589
train25591,0,25590
train25592,1,25591
train25593,1,25592
train25594,1,25593
train25595,1,25594
train25596,1,25595
train25597,0,25596
train25598,0,25597
train25599,0,25598
train25600,0,25599
train25601,0,25600
train25602,0,25601
train25603,0,25602
train25604,0,25603
train25605,0,25604
train25606,0,25605
train25607,0,25606
train25608,0,25607
train25609,0,25608
train25610,0,25609
train25611,0,25610
train25612,0,25611
train25613,1,25612
train25614,1,25613
train25615,0,25614
train25616,0,25615
train25617,0,25616
train25618,1,25617
train25619,0,25618
train25620,0,25619
train25621,0,25620
train25622,1,25621
train25623,0,25622
train25624,1,25623
train25625,1,25624
train25626,1,25625
train25627,0,25626
train25628,0,25627
train25629,0,25628
train25630,0,25629
train25631,0,25630
train25632,0,25631
train25633,0,25632
train25634,0,25633
train25635,0,25634
train25636,0,25635
train25637,0,25636
train25638,0,25637
train25639,0,25638
train25640,1,25639
train25641,1,25640
train25642,0,25641
train25643,0,25642
train25644,0,25643
train25645,0,25644
train25646,0,25645
train25647,1,25646
train25648,0,25647
train25649,0,25648
train25650,1,25649
train25651,0,25650
train25652,0,25651
train25653,1,25652
train25654,0,25653
train25655,0,25654
train25656,0,25655
train25657,0,25656
train25658,0,25657
train25659,0,25658
train25660,0,25659
train25661,0,25660
train25662,0,25661
train25663,0,25662
train25664,0,25663
train25665,0,25664
train25666,1,25665
train25667,0,25666
train25668,0,25667
train25669,0,25668
train25670,1,25669
train25671,0,25670
train25672,1,25671
train25673,1,25672
train25674,1,25673
train25675,0,25674
train25676,0,25675
train25677,0,25676
train25678,0,25677
train25679,0,25678
train25680,0,25679
train25681,0,25680
train25682,0,25681
train25683,0,25682
train25684,0,25683
train25685,0,25684
train25686,0,25685
train25687,1,25686
train25688,0,25687
train25689,0,25688
train25690,0,25689
train25691,1,25690
train25692,0,25691
train25693,0,25692
train25694,0,25693
train25695,0,25694
train25696,0,25695
train25697,0,25696
train25698,1,25697
train25699,1,25698
train25700,1,25699
train25701,1,25700
train25702,1,25701
train25703,1,25702
train25704,1,25703
train25705,1,25704
train25706,1,25705
train25707,1,25706
train25708,1,25707
train25709,1,25708
train25710,1,25709
train25711,1,25710
train25712,1,25711
train25713,1,25712
train25714,1,25713
train25715,1,25714
train25716,1,25715
train25717,1,25716
train25718,1,25717
train25719,1,25718
train25720,0,25719
train25721,0,25720
train25722,0,25721
train25723,0,25722
train25724,0,25723
train25725,1,25724
train25726,1,25725
train25727,1,25726
train25728,1,25727
train25729,0,25728
train25730,0,25729
train25731,1,25730
train25732,1,25731
train25733,1,25732
train25734,1,25733
train25735,1,25734
train25736,1,25735
train25737,1,25736
train25738,1,25737
train25739,1,25738
train25740,0,25739
train25741,1,25740
train25742,1,25741
train25743,0,25742
train25744,1,25743
train25745,1,25744
train25746,1,25745
train25747,1,25746
train25748,0,25747
train25749,0,25748
train25750,0,25749
train25751,0,25750
train25752,0,25751
train25753,0,25752
train25754,0,25753
train25755,0,25754
train25756,1,25755
train25757,0,25756
train25758,1,25757
train25759,0,25758
train25760,1,25759
train25761,1,25760
train25762,1,25761
train25763,1,25762
train25764,1,25763
train25765,1,25764
train25766,1,25765
train25767,0,25766
train25768,0,25767
train25769,1,25768
train25770,1,25769
train25771,1,25770
train25772,1,25771
train25773,1,25772
train25774,1,25773
train25775,1,25774
train25776,1,25775
train25777,0,25776
train25778,0,25777
train25779,1,25778
train25780,1,25779
train25781,1,25780
train25782,1,25781
train25783,1,25782
train25784,0,25783
train25785,0,25784
train25786,0,25785
train25787,1,25786
train25788,1,25787
train25789,1,25788
train25790,0,25789
train25791,1,25790
train25792,1,25791
train25793,1,25792
train25794,1,25793
train25795,1,25794
train25796,1,25795
train25797,0,25796
train25798,1,25797
train25799,1,25798
train25800,1,25799
train25801,0,25800
train25802,1,25801
train25803,1,25802
train25804,0,25803
train25805,0,25804
train25806,0,25805
train25807,1,25806
train25808,0,25807
train25809,0,25808
train25810,0,25809
train25811,0,25810
train25812,1,25811
train25813,0,25812
train25814,0,25813
train25815,1,25814
train25816,1,25815
train25817,1,25816
train25818,1,25817
train25819,0,25818
train25820,1,25819
train25821,0,25820
train25822,0,25821
train25823,0,25822
train25824,1,25823
train25825,0,25824
train25826,1,25825
train25827,0,25826
train25828,0,25827
train25829,0,25828
train25830,0,25829
train25831,0,25830
train25832,0,25831
train25833,0,25832
train25834,0,25833
train25835,0,25834
train25836,0,25835
train25837,0,25836
train25838,0,25837
train25839,1,25838
train25840,1,25839
train25841,1,25840
train25842,0,25841
train25843,1,25842
train25844,0,25843
train25845,0,25844
train25846,0,25845
train25847,0,25846
train25848,0,25847
train25849,0,25848
train25850,0,25849
train25851,1,25850
train25852,0,25851
train25853,1,25852
train25854,0,25853
train25855,1,25854
train25856,1,25855
train25857,1,25856
train25858,1,25857
train25859,0,25858
train25860,0,25859
train25861,1,25860
train25862,0,25861
train25863,1,25862
train25864,1,25863
train25865,1,25864
train25866,1,25865
train25867,1,25866
train25868,1,25867
train25869,1,25868
train25870,1,25869
train25871,1,25870
train25872,1,25871
train25873,0,25872
train25874,0,25873
train25875,0,25874
train25876,0,25875
train25877,0,25876
train25878,0,25877
train25879,1,25878
train25880,1,25879
train25881,1,25880
train25882,1,25881
train25883,1,25882
train25884,1,25883
train25885,1,25884
train25886,1,25885
train25887,1,25886
train25888,1,25887
train25889,0,25888
train25890,1,25889
train25891,1,25890
train25892,1,25891
train25893,1,25892
train25894,1,25893
train25895,0,25894
train25896,0,25895
train25897,0,25896
train25898,0,25897
train25899,0,25898
train25900,0,25899
train25901,0,25900
train25902,0,25901
train25903,1,25902
train25904,1,25903
train25905,1,25904
train25906,1,25905
train25907,1,25906
train25908,1,25907
train25909,1,25908
train25910,1,25909
train25911,0,25910
train25912,1,25911
train25913,1,25912
train25914,0,25913
train25915,0,25914
train25916,1,25915
train25917,1,25916
train25918,1,25917
train25919,1,25918
train25920,1,25919
train25921,1,25920
train25922,0,25921
train25923,1,25922
train25924,1,25923
train25925,0,25924
train25926,1,25925
train25927,1,25926
train25928,1,25927
train25929,1,25928
train25930,0,25929
train25931,1,25930
train25932,1,25931
train25933,1,25932
train25934,1,25933
train25935,1,25934
train25936,1,25935
train25937,1,25936
train25938,1,25937
train25939,1,25938
train25940,1,25939
train25941,1,25940
train25942,1,25941
train25943,1,25942
train25944,1,25943
train25945,0,25944
train25946,1,25945
train25947,0,25946
train25948,1,25947
train25949,1,25948
train25950,0,25949
train25951,0,25950
train25952,0,25951
train25953,0,25952
train25954,0,25953
train25955,0,25954
train25956,0,25955
train25957,1,25956
train25958,1,25957
train25959,1,25958
train25960,1,25959
train25961,1,25960
train25962,0,25961
train25963,0,25962
train25964,0,25963
train25965,1,25964
train25966,1,25965
train25967,0,25966
train25968,0,25967
train25969,0,25968
train25970,1,25969
train25971,1,25970
train25972,1,25971
train25973,1,25972
train25974,0,25973
train25975,0,25974
train25976,1,25975
train25977,1,25976
train25978,0,25977
train25979,1,25978
train25980,1,25979
train25981,1,25980
train25982,0,25981
train25983,1,25982
train25984,0,25983
train25985,0,25984
train25986,0,25985
train25987,1,25986
train25988,1,25987
train25989,1,25988
train25990,0,25989
train25991,0,25990
train25992,0,25991
train25993,0,25992
train25994,1,25993
train25995,1,25994
train25996,1,25995
train25997,1,25996
train25998,0,25997
train25999,1,25998
train26000,0,25999
train26001,1,26000
train26002,1,26001
train26003,1,26002
train26004,1,26003
train26005,1,26004
train26006,1,26005
train26007,1,26006
train26008,0,26007
train26009,1,26008
train26010,1,26009
train26011,1,26010
train26012,1,26011
train26013,1,26012
train26014,1,26013
train26015,1,26014
train26016,1,26015
train26017,1,26016
train26018,1,26017
train26019,1,26018
train26020,1,26019
train26021,1,26020
train26022,1,26021
train26023,1,26022
train26024,1,26023
train26025,1,26024
train26026,1,26025
train26027,1,26026
train26028,1,26027
train26029,0,26028
train26030,0,26029
train26031,1,26030
train26032,0,26031
train26033,1,26032
train26034,1,26033
train26035,1,26034
train26036,1,26035
train26037,1,26036
train26038,1,26037
train26039,0,26038
train26040,1,26039
train26041,1,26040
train26042,1,26041
train26043,1,26042
train26044,1,26043
train26045,1,26044
train26046,0,26045
train26047,1,26046
train26048,1,26047
train26049,0,26048
train26050,1,26049
train26051,0,26050
train26052,0,26051
train26053,0,26052
train26054,0,26053
train26055,1,26054
train26056,1,26055
train26057,1,26056
train26058,1,26057
train26059,1,26058
train26060,1,26059
train26061,0,26060
train26062,0,26061
train26063,1,26062
train26064,0,26063
train26065,0,26064
train26066,0,26065
train26067,0,26066
train26068,1,26067
train26069,0,26068
train26070,0,26069
train26071,0,26070
train26072,1,26071
train26073,1,26072
train26074,1,26073
train26075,1,26074
train26076,1,26075
train26077,0,26076
train26078,0,26077
train26079,0,26078
train26080,0,26079
train26081,0,26080
train26082,0,26081
train26083,0,26082
train26084,1,26083
train26085,1,26084
train26086,1,26085
train26087,1,26086
train26088,1,26087
train26089,1,26088
train26090,0,26089
train26091,1,26090
train26092,0,26091
train26093,0,26092
train26094,0,26093
train26095,0,26094
train26096,1,26095
train26097,1,26096
train26098,1,26097
train26099,0,26098
train26100,0,26099
train26101,0,26100
train26102,1,26101
train26103,1,26102
train26104,0,26103
train26105,0,26104
train26106,0,26105
train26107,0,26106
train26108,0,26107
train26109,0,26108
train26110,0,26109
train26111,0,26110
train26112,0,26111
train26113,1,26112
train26114,1,26113
train26115,1,26114
train26116,0,26115
train26117,0,26116
train26118,1,26117
train26119,1,26118
train26120,0,26119
train26121,0,26120
train26122,0,26121
train26123,0,26122
train26124,1,26123
train26125,1,26124
train26126,0,26125
train26127,0,26126
train26128,0,26127
train26129,1,26128
train26130,0,26129
train26131,0,26130
train26132,0,26131
train26133,0,26132
train26134,0,26133
train26135,0,26134
train26136,0,26135
train26137,0,26136
train26138,0,26137
train26139,0,26138
train26140,0,26139
train26141,1,26140
train26142,1,26141
train26143,1,26142
train26144,1,26143
train26145,0,26144
train26146,1,26145
train26147,1,26146
train26148,1,26147
train26149,1,26148
train26150,1,26149
train26151,0,26150
train26152,0,26151
train26153,0,26152
train26154,0,26153
train26155,0,26154
train26156,0,26155
train26157,0,26156
train26158,0,26157
train26159,1,26158
train26160,1,26159
train26161,1,26160
train26162,0,26161
train26163,1,26162
train26164,1,26163
train26165,0,26164
train26166,0,26165
train26167,0,26166
train26168,0,26167
train26169,0,26168
train26170,0,26169
train26171,0,26170
train26172,0,26171
train26173,1,26172
train26174,0,26173
train26175,1,26174
train26176,1,26175
train26177,1,26176
train26178,1,26177
train26179,0,26178
train26180,1,26179
train26181,0,26180
train26182,0,26181
train26183,1,26182
train26184,1,26183
train26185,1,26184
train26186,1,26185
train26187,1,26186
train26188,1,26187
train26189,1,26188
train26190,1,26189
train26191,1,26190
train26192,0,26191
train26193,1,26192
train26194,1,26193
train26195,1,26194
train26196,1,26195
train26197,1,26196
train26198,1,26197
train26199,1,26198
train26200,1,26199
train26201,0,26200
train26202,0,26201
train26203,0,26202
train26204,1,26203
train26205,0,26204
train26206,1,26205
train26207,1,26206
train26208,1,26207
train26209,1,26208
train26210,1,26209
train26211,0,26210
train26212,0,26211
train26213,1,26212
train26214,0,26213
train26215,1,26214
train26216,0,26215
train26217,0,26216
train26218,1,26217
train26219,0,26218
train26220,1,26219
train26221,1,26220
train26222,1,26221
train26223,0,26222
train26224,1,26223
train26225,0,26224
train26226,1,26225
train26227,1,26226
train26228,0,26227
train26229,1,26228
train26230,1,26229
train26231,1,26230
train26232,1,26231
train26233,1,26232
train26234,1,26233
train26235,0,26234
train26236,1,26235
train26237,1,26236
train26238,1,26237
train26239,1,26238
train26240,0,26239
train26241,1,26240
train26242,0,26241
train26243,0,26242
train26244,1,26243
train26245,1,26244
train26246,1,26245
train26247,1,26246
train26248,1,26247
train26249,1,26248
train26250,1,26249
train26251,1,26250
train26252,1,26251
train26253,1,26252
train26254,1,26253
train26255,1,26254
train26256,1,26255
train26257,1,26256
train26258,1,26257
train26259,1,26258
train26260,1,26259
train26261,1,26260
train26262,1,26261
train26263,0,26262
train26264,1,26263
train26265,0,26264
train26266,1,26265
train26267,1,26266
train26268,1,26267
train26269,1,26268
train26270,1,26269
train26271,1,26270
train26272,1,26271
train26273,1,26272
train26274,1,26273
train26275,1,26274
train26276,0,26275
train26277,1,26276
train26278,1,26277
train26279,1,26278
train26280,1,26279
train26281,1,26280
train26282,1,26281
train26283,1,26282
train26284,1,26283
train26285,1,26284
train26286,1,26285
train26287,1,26286
train26288,1,26287
train26289,0,26288
train26290,0,26289
train26291,0,26290
train26292,0,26291
train26293,1,26292
train26294,1,26293
train26295,1,26294
train26296,1,26295
train26297,1,26296
train26298,1,26297
train26299,0,26298
train26300,1,26299
train26301,0,26300
train26302,0,26301
train26303,0,26302
train26304,0,26303
train26305,1,26304
train26306,1,26305
train26307,1,26306
train26308,0,26307
train26309,0,26308
train26310,0,26309
train26311,0,26310
train26312,0,26311
train26313,1,26312
train26314,1,26313
train26315,1,26314
train26316,0,26315
train26317,1,26316
train26318,1,26317
train26319,1,26318
train26320,0,26319
train26321,1,26320
train26322,1,26321
train26323,1,26322
train26324,1,26323
train26325,1,26324
train26326,1,26325
train26327,1,26326
train26328,1,26327
train26329,1,26328
train26330,1,26329
train26331,1,26330
train26332,0,26331
train26333,1,26332
train26334,1,26333
train26335,1,26334
train26336,1,26335
train26337,1,26336
train26338,1,26337
train26339,1,26338
train26340,1,26339
train26341,1,26340
train26342,1,26341
train26343,1,26342
train26344,1,26343
train26345,1,26344
train26346,1,26345
train26347,1,26346
train26348,1,26347
train26349,1,26348
train26350,1,26349
train26351,1,26350
train26352,1,26351
train26353,1,26352
train26354,1,26353
train26355,1,26354
train26356,0,26355
train26357,1,26356
train26358,0,26357
train26359,1,26358
train26360,1,26359
train26361,0,26360
train26362,0,26361
train26363,1,26362
train26364,1,26363
train26365,1,26364
train26366,1,26365
train26367,1,26366
train26368,1,26367
train26369,1,26368
train26370,1,26369
train26371,0,26370
train26372,1,26371
train26373,1,26372
train26374,0,26373
train26375,1,26374
train26376,1,26375
train26377,1,26376
train26378,1,26377
train26379,1,26378
train26380,1,26379
train26381,1,26380
train26382,1,26381
train26383,1,26382
train26384,1,26383
train26385,1,26384
train26386,1,26385
train26387,1,26386
train26388,1,26387
train26389,1,26388
train26390,1,26389
train26391,1,26390
train26392,1,26391
train26393,1,26392
train26394,1,26393
train26395,0,26394
train26396,0,26395
train26397,1,26396
train26398,1,26397
train26399,1,26398
train26400,0,26399
train26401,1,26400
train26402,1,26401
train26403,1,26402
train26404,0,26403
train26405,0,26404
train26406,1,26405
train26407,1,26406
train26408,1,26407
train26409,0,26408
train26410,1,26409
train26411,1,26410
train26412,1,26411
train26413,1,26412
train26414,0,26413
train26415,0,26414
train26416,0,26415
train26417,0,26416
train26418,1,26417
train26419,1,26418
train26420,0,26419
train26421,1,26420
train26422,1,26421
train26423,0,26422
train26424,1,26423
train26425,1,26424
train26426,1,26425
train26427,0,26426
train26428,1,26427
train26429,1,26428
train26430,1,26429
train26431,1,26430
train26432,1,26431
train26433,0,26432
train26434,1,26433
train26435,1,26434
train26436,0,26435
train26437,1,26436
train26438,1,26437
train26439,1,26438
train26440,1,26439
train26441,1,26440
train26442,1,26441
train26443,1,26442
train26444,1,26443
train26445,1,26444
train26446,1,26445
train26447,1,26446
train26448,1,26447
train26449,1,26448
train26450,1,26449
train26451,1,26450
train26452,1,26451
train26453,1,26452
train26454,0,26453
train26455,1,26454
train26456,1,26455
train26457,1,26456
train26458,1,26457
train26459,1,26458
train26460,1,26459
train26461,1,26460
train26462,1,26461
train26463,1,26462
train26464,0,26463
train26465,0,26464
train26466,1,26465
train26467,1,26466
train26468,1,26467
train26469,1,26468
train26470,1,26469
train26471,1,26470
train26472,1,26471
train26473,1,26472
train26474,1,26473
train26475,0,26474
train26476,1,26475
train26477,0,26476
train26478,0,26477
train26479,1,26478
train26480,1,26479
train26481,1,26480
train26482,1,26481
train26483,1,26482
train26484,1,26483
train26485,1,26484
train26486,1,26485
train26487,1,26486
train26488,1,26487
train26489,1,26488
train26490,1,26489
train26491,1,26490
train26492,1,26491
train26493,1,26492
train26494,1,26493
train26495,1,26494
train26496,1,26495
train26497,1,26496
train26498,0,26497
train26499,0,26498
train26500,0,26499
train26501,1,26500
train26502,1,26501
train26503,1,26502
train26504,1,26503
train26505,1,26504
train26506,1,26505
train26507,1,26506
train26508,1,26507
train26509,0,26508
train26510,1,26509
train26511,1,26510
train26512,1,26511
train26513,1,26512
train26514,1,26513
train26515,0,26514
train26516,1,26515
train26517,1,26516
train26518,1,26517
train26519,1,26518
train26520,1,26519
train26521,1,26520
train26522,0,26521
train26523,1,26522
train26524,1,26523
train26525,0,26524
train26526,1,26525
train26527,1,26526
train26528,1,26527
train26529,1,26528
train26530,1,26529
train26531,1,26530
train26532,1,26531
train26533,1,26532
train26534,1,26533
train26535,1,26534
train26536,1,26535
train26537,1,26536
train26538,1,26537
train26539,1,26538
train26540,0,26539
train26541,1,26540
train26542,0,26541
train26543,0,26542
train26544,1,26543
train26545,1,26544
train26546,0,26545
train26547,1,26546
train26548,0,26547
train26549,0,26548
train26550,1,26549
train26551,0,26550
train26552,1,26551
train26553,1,26552
train26554,1,26553
train26555,1,26554
train26556,1,26555
train26557,1,26556
train26558,1,26557
train26559,1,26558
train26560,0,26559
train26561,0,26560
train26562,1,26561
train26563,1,26562
train26564,1,26563
train26565,1,26564
train26566,1,26565
train26567,1,26566
train26568,1,26567
train26569,0,26568
train26570,1,26569
train26571,1,26570
train26572,1,26571
train26573,1,26572
train26574,1,26573
train26575,1,26574
train26576,1,26575
train26577,1,26576
train26578,1,26577
train26579,1,26578
train26580,1,26579
train26581,1,26580
train26582,0,26581
train26583,1,26582
train26584,1,26583
train26585,1,26584
train26586,1,26585
train26587,1,26586
train26588,1,26587
train26589,1,26588
train26590,1,26589
train26591,0,26590
train26592,1,26591
train26593,0,26592
train26594,1,26593
train26595,1,26594
train26596,1,26595
train26597,0,26596
train26598,1,26597
train26599,1,26598
train26600,0,26599
train26601,1,26600
train26602,1,26601
train26603,0,26602
train26604,1,26603
train26605,1,26604
train26606,1,26605
train26607,1,26606
train26608,1,26607
train26609,1,26608
train26610,1,26609
train26611,1,26610
train26612,1,26611
train26613,1,26612
train26614,1,26613
train26615,1,26614
train26616,1,26615
train26617,1,26616
train26618,0,26617
train26619,0,26618
train26620,1,26619
train26621,1,26620
train26622,1,26621
train26623,1,26622
train26624,0,26623
train26625,1,26624
train26626,1,26625
train26627,1,26626
train26628,1,26627
train26629,1,26628
train26630,1,26629
train26631,1,26630
train26632,1,26631
train26633,1,26632
train26634,1,26633
train26635,1,26634
train26636,1,26635
train26637,0,26636
train26638,1,26637
train26639,1,26638
train26640,1,26639
train26641,1,26640
train26642,0,26641
train26643,1,26642
train26644,1,26643
train26645,1,26644
train26646,1,26645
train26647,1,26646
train26648,0,26647
train26649,1,26648
train26650,1,26649
train26651,1,26650
train26652,1,26651
train26653,1,26652
train26654,1,26653
train26655,1,26654
train26656,1,26655
train26657,1,26656
train26658,1,26657
train26659,1,26658
train26660,1,26659
train26661,1,26660
train26662,1,26661
train26663,0,26662
train26664,1,26663
train26665,1,26664
train26666,1,26665
train26667,1,26666
train26668,1,26667
train26669,1,26668
train26670,1,26669
train26671,1,26670
train26672,1,26671
train26673,1,26672
train26674,1,26673
train26675,1,26674
train26676,1,26675
train26677,1,26676
train26678,1,26677
train26679,0,26678
train26680,1,26679
train26681,1,26680
train26682,1,26681
train26683,0,26682
train26684,0,26683
train26685,1,26684
train26686,1,26685
train26687,1,26686
train26688,1,26687
train26689,1,26688
train26690,1,26689
train26691,1,26690
train26692,1,26691
train26693,1,26692
train26694,1,26693
train26695,1,26694
train26696,1,26695
train26697,1,26696
train26698,1,26697
train26699,1,26698
train26700,1,26699
train26701,1,26700
train26702,1,26701
train26703,1,26702
train26704,1,26703
train26705,1,26704
train26706,1,26705
train26707,1,26706
train26708,1,26707
train26709,1,26708
train26710,1,26709
train26711,1,26710
train26712,1,26711
train26713,1,26712
train26714,1,26713
train26715,1,26714
train26716,1,26715
train26717,1,26716
train26718,1,26717
train26719,1,26718
train26720,1,26719
train26721,1,26720
train26722,1,26721
train26723,1,26722
train26724,1,26723
train26725,1,26724
train26726,1,26725
train26727,1,26726
train26728,1,26727
train26729,1,26728
train26730,1,26729
train26731,1,26730
train26732,1,26731
train26733,1,26732
train26734,1,26733
train26735,1,26734
train26736,1,26735
train26737,1,26736
train26738,1,26737
train26739,1,26738
train26740,1,26739
train26741,1,26740
train26742,1,26741
train26743,1,26742
train26744,0,26743
train26745,1,26744
train26746,1,26745
train26747,1,26746
train26748,1,26747
train26749,0,26748
train26750,1,26749
train26751,0,26750
train26752,1,26751
train26753,1,26752
train26754,1,26753
train26755,1,26754
train26756,1,26755
train26757,1,26756
train26758,1,26757
train26759,1,26758
train26760,1,26759
train26761,1,26760
train26762,1,26761
train26763,1,26762
train26764,1,26763
train26765,0,26764
train26766,1,26765
train26767,1,26766
train26768,1,26767
train26769,1,26768
train26770,1,26769
train26771,1,26770
train26772,1,26771
train26773,1,26772
train26774,1,26773
train26775,0,26774
train26776,1,26775
train26777,1,26776
train26778,1,26777
train26779,1,26778
train26780,1,26779
train26781,1,26780
train26782,1,26781
train26783,0,26782
train26784,1,26783
train26785,1,26784
train26786,1,26785
train26787,1,26786
train26788,1,26787
train26789,1,26788
train26790,1,26789
train26791,1,26790
train26792,1,26791
train26793,0,26792
train26794,0,26793
train26795,1,26794
train26796,1,26795
train26797,1,26796
train26798,1,26797
train26799,1,26798
train26800,1,26799
train26801,1,26800
train26802,1,26801
train26803,1,26802
train26804,1,26803
train26805,1,26804
train26806,1,26805
train26807,1,26806
train26808,1,26807
train26809,1,26808
train26810,1,26809
train26811,1,26810
train26812,1,26811
train26813,1,26812
train26814,1,26813
train26815,1,26814
train26816,1,26815
train26817,1,26816
train26818,1,26817
train26819,1,26818
train26820,1,26819
train26821,1,26820
train26822,1,26821
train26823,1,26822
train26824,1,26823
train26825,1,26824
train26826,1,26825
train26827,1,26826
train26828,1,26827
train26829,1,26828
train26830,1,26829
train26831,0,26830
train26832,1,26831
train26833,1,26832
train26834,1,26833
train26835,1,26834
train26836,1,26835
train26837,0,26836
train26838,1,26837
train26839,0,26838
train26840,0,26839
train26841,0,26840
train26842,0,26841
train26843,1,26842
train26844,1,26843
train26845,1,26844
train26846,1,26845
train26847,1,26846
train26848,1,26847
train26849,0,26848
train26850,0,26849
train26851,1,26850
train26852,0,26851
train26853,0,26852
train26854,0,26853
train26855,0,26854
train26856,0,26855
train26857,0,26856
train26858,1,26857
train26859,1,26858
train26860,1,26859
train26861,1,26860
train26862,1,26861
train26863,1,26862
train26864,0,26863
train26865,1,26864
train26866,1,26865
train26867,0,26866
train26868,0,26867
train26869,1,26868
train26870,1,26869
train26871,0,26870
train26872,1,26871
train26873,0,26872
train26874,0,26873
train26875,1,26874
train26876,1,26875
train26877,0,26876
train26878,0,26877
train26879,0,26878
train26880,1,26879
train26881,1,26880
train26882,1,26881
train26883,0,26882
train26884,0,26883
train26885,1,26884
train26886,0,26885
train26887,0,26886
train26888,1,26887
train26889,1,26888
train26890,0,26889
train26891,1,26890
train26892,1,26891
train26893,1,26892
train26894,0,26893
train26895,0,26894
train26896,0,26895
train26897,0,26896
train26898,1,26897
train26899,0,26898
train26900,0,26899
train26901,0,26900
train26902,1,26901
train26903,1,26902
train26904,1,26903
train26905,0,26904
train26906,1,26905
train26907,0,26906
train26908,0,26907
train26909,0,26908
train26910,1,26909
train26911,0,26910
train26912,0,26911
train26913,0,26912
train26914,0,26913
train26915,0,26914
train26916,0,26915
train26917,1,26916
train26918,0,26917
train26919,0,26918
train26920,1,26919
train26921,1,26920
train26922,1,26921
train26923,1,26922
train26924,0,26923
train26925,1,26924
train26926,1,26925
train26927,1,26926
train26928,1,26927
train26929,1,26928
train26930,1,26929
train26931,0,26930
train26932,0,26931
train26933,1,26932
train26934,1,26933
train26935,1,26934
train26936,1,26935
train26937,0,26936
train26938,0,26937
train26939,0,26938
train26940,1,26939
train26941,1,26940
train26942,1,26941
train26943,1,26942
train26944,1,26943
train26945,1,26944
train26946,0,26945
train26947,0,26946
train26948,0,26947
train26949,1,26948
train26950,0,26949
train26951,0,26950
train26952,1,26951
train26953,1,26952
train26954,1,26953
train26955,0,26954
train26956,0,26955
train26957,1,26956
train26958,1,26957
train26959,1,26958
train26960,1,26959
train26961,0,26960
train26962,1,26961
train26963,1,26962
train26964,1,26963
train26965,1,26964
train26966,1,26965
train26967,1,26966
train26968,1,26967
train26969,1,26968
train26970,1,26969
train26971,1,26970
train26972,1,26971
train26973,1,26972
train26974,0,26973
train26975,0,26974
train26976,0,26975
train26977,0,26976
train26978,0,26977
train26979,0,26978
train26980,1,26979
train26981,0,26980
train26982,0,26981
train26983,0,26982
train26984,0,26983
train26985,0,26984
train26986,1,26985
train26987,1,26986
train26988,0,26987
train26989,0,26988
train26990,0,26989
train26991,0,26990
train26992,1,26991
train26993,1,26992
train26994,1,26993
train26995,1,26994
train26996,1,26995
train26997,1,26996
train26998,1,26997
train26999,1,26998
train27000,0,26999
train27001,1,27000
train27002,0,27001
train27003,0,27002
train27004,0,27003
train27005,0,27004
train27006,1,27005
train27007,1,27006
train27008,0,27007
train27009,0,27008
train27010,0,27009
train27011,1,27010
train27012,1,27011
train27013,0,27012
train27014,0,27013
train27015,0,27014
train27016,1,27015
train27017,0,27016
train27018,1,27017
train27019,0,27018
train27020,0,27019
train27021,0,27020
train27022,0,27021
train27023,0,27022
train27024,0,27023
train27025,0,27024
train27026,1,27025
train27027,1,27026
train27028,0,27027
train27029,0,27028
train27030,0,27029
train27031,1,27030
train27032,0,27031
train27033,1,27032
train27034,1,27033
train27035,1,27034
train27036,1,27035
train27037,0,27036
train27038,1,27037
train27039,1,27038
train27040,0,27039
train27041,1,27040
train27042,1,27041
train27043,1,27042
train27044,1,27043
train27045,1,27044
train27046,1,27045
train27047,1,27046
train27048,1,27047
train27049,1,27048
train27050,0,27049
train27051,1,27050
train27052,1,27051
train27053,1,27052
train27054,0,27053
train27055,0,27054
train27056,1,27055
train27057,1,27056
train27058,1,27057
train27059,1,27058
train27060,1,27059
train27061,1,27060
train27062,0,27061
train27063,0,27062
train27064,1,27063
train27065,1,27064
train27066,0,27065
train27067,0,27066
train27068,1,27067
train27069,0,27068
train27070,0,27069
train27071,0,27070
train27072,0,27071
train27073,0,27072
train27074,0,27073
train27075,1,27074
train27076,1,27075
train27077,0,27076
train27078,0,27077
train27079,0,27078
train27080,0,27079
train27081,0,27080
train27082,1,27081
train27083,0,27082
train27084,0,27083
train27085,0,27084
train27086,0,27085
train27087,0,27086
train27088,0,27087
train27089,0,27088
train27090,0,27089
train27091,0,27090
train27092,0,27091
train27093,1,27092
train27094,1,27093
train27095,0,27094
train27096,0,27095
train27097,0,27096
train27098,0,27097
train27099,0,27098
train27100,0,27099
train27101,0,27100
train27102,0,27101
train27103,1,27102
train27104,0,27103
train27105,0,27104
train27106,0,27105
train27107,0,27106
train27108,0,27107
train27109,0,27108
train27110,0,27109
train27111,0,27110
train27112,0,27111
train27113,0,27112
train27114,0,27113
train27115,0,27114
train27116,0,27115
train27117,0,27116
train27118,0,27117
train27119,0,27118
train27120,0,27119
train27121,0,27120
train27122,0,27121
train27123,0,27122
train27124,0,27123
train27125,0,27124
train27126,0,27125
train27127,0,27126
train27128,0,27127
train27129,0,27128
train27130,1,27129
train27131,1,27130
train27132,1,27131
train27133,1,27132
train27134,0,27133
train27135,0,27134
train27136,0,27135
train27137,0,27136
train27138,0,27137
train27139,1,27138
train27140,1,27139
train27141,1,27140
train27142,0,27141
train27143,0,27142
train27144,0,27143
train27145,0,27144
train27146,0,27145
train27147,0,27146
train27148,0,27147
train27149,0,27148
train27150,0,27149
train27151,1,27150
train27152,0,27151
train27153,0,27152
train27154,1,27153
train27155,0,27154
train27156,0,27155
train27157,0,27156
train27158,0,27157
train27159,0,27158
train27160,0,27159
train27161,0,27160
train27162,0,27161
train27163,0,27162
train27164,0,27163
train27165,0,27164
train27166,0,27165
train27167,0,27166
train27168,0,27167
train27169,0,27168
train27170,0,27169
train27171,0,27170
train27172,0,27171
train27173,0,27172
train27174,0,27173
train27175,0,27174
train27176,0,27175
train27177,0,27176
train27178,0,27177
train27179,0,27178
train27180,0,27179
train27181,0,27180
train27182,0,27181
train27183,0,27182
train27184,0,27183
train27185,0,27184
train27186,0,27185
train27187,0,27186
train27188,0,27187
train27189,0,27188
train27190,0,27189
train27191,0,27190
train27192,0,27191
train27193,0,27192
train27194,0,27193
train27195,0,27194
train27196,0,27195
train27197,0,27196
train27198,0,27197
train27199,0,27198
train27200,0,27199
train27201,0,27200
train27202,0,27201
train27203,0,27202
train27204,0,27203
train27205,0,27204
train27206,0,27205
train27207,0,27206
train27208,0,27207
train27209,0,27208
train27210,0,27209
train27211,0,27210
train27212,0,27211
train27213,0,27212
train27214,0,27213
train27215,0,27214
train27216,0,27215
train27217,0,27216
train27218,0,27217
train27219,0,27218
train27220,0,27219
train27221,0,27220
train27222,0,27221
train27223,0,27222
train27224,0,27223
train27225,0,27224
train27226,0,27225
train27227,0,27226
train27228,0,27227
train27229,0,27228
train27230,0,27229
train27231,0,27230
train27232,0,27231
train27233,0,27232
train27234,0,27233
train27235,0,27234
train27236,0,27235
train27237,0,27236
train27238,0,27237
train27239,0,27238
train27240,0,27239
train27241,0,27240
train27242,0,27241
train27243,0,27242
train27244,0,27243
train27245,0,27244
train27246,0,27245
train27247,0,27246
train27248,0,27247
train27249,0,27248
train27250,0,27249
train27251,0,27250
train27252,0,27251
train27253,0,27252
train27254,0,27253
train27255,0,27254
train27256,0,27255
train27257,0,27256
train27258,0,27257
train27259,0,27258
train27260,0,27259
train27261,0,27260
train27262,0,27261
train27263,0,27262
train27264,0,27263
train27265,0,27264
train27266,0,27265
train27267,0,27266
train27268,0,27267
train27269,0,27268
train27270,0,27269
train27271,0,27270
train27272,0,27271
train27273,0,27272
train27274,0,27273
train27275,0,27274
train27276,0,27275
train27277,0,27276
train27278,0,27277
train27279,0,27278
train27280,0,27279
train27281,0,27280
train27282,0,27281
train27283,0,27282
train27284,0,27283
train27285,0,27284
train27286,0,27285
train27287,0,27286
train27288,0,27287
train27289,0,27288
train27290,0,27289
train27291,0,27290
train27292,0,27291
train27293,0,27292
train27294,0,27293
train27295,0,27294
train27296,0,27295
train27297,0,27296
train27298,1,27297
train27299,0,27298
train27300,0,27299
train27301,0,27300
train27302,0,27301
train27303,0,27302
train27304,0,27303
train27305,0,27304
train27306,0,27305
train27307,0,27306
train27308,0,27307
train27309,0,27308
train27310,0,27309
train27311,0,27310
train27312,0,27311
train27313,0,27312
train27314,0,27313
train27315,1,27314
train27316,1,27315
train27317,1,27316
train27318,1,27317
train27319,1,27318
train27320,0,27319
train27321,0,27320
train27322,0,27321
train27323,0,27322
train27324,0,27323
train27325,0,27324
train27326,0,27325
train27327,0,27326
train27328,0,27327
train27329,0,27328
train27330,0,27329
train27331,0,27330
train27332,0,27331
train27333,0,27332
train27334,0,27333
train27335,0,27334
train27336,0,27335
train27337,0,27336
train27338,0,27337
train27339,1,27338
train27340,0,27339
train27341,0,27340
train27342,0,27341
train27343,0,27342
train27344,0,27343
train27345,0,27344
train27346,0,27345
train27347,1,27346
train27348,1,27347
train27349,0,27348
train27350,0,27349
train27351,0,27350
train27352,0,27351
train27353,0,27352
train27354,0,27353
train27355,0,27354
train27356,0,27355
train27357,0,27356
train27358,0,27357
train27359,0,27358
train27360,0,27359
train27361,0,27360
train27362,0,27361
train27363,0,27362
train27364,0,27363
train27365,0,27364
train27366,0,27365
train27367,0,27366
train27368,0,27367
train27369,0,27368
train27370,0,27369
train27371,0,27370
train27372,0,27371
train27373,0,27372
train27374,0,27373
train27375,0,27374
train27376,0,27375
train27377,0,27376
train27378,0,27377
train27379,0,27378
train27380,0,27379
train27381,0,27380
train27382,0,27381
train27383,0,27382
train27384,0,27383
train27385,0,27384
train27386,0,27385
train27387,0,27386
train27388,0,27387
train27389,0,27388
train27390,0,27389
train27391,0,27390
train27392,0,27391
train27393,0,27392
train27394,0,27393
train27395,1,27394
train27396,0,27395
train27397,1,27396
train27398,0,27397
train27399,0,27398
train27400,0,27399
train27401,0,27400
train27402,0,27401
train27403,0,27402
train27404,0,27403
train27405,0,27404
train27406,0,27405
train27407,0,27406
train27408,0,27407
train27409,0,27408
train27410,0,27409
train27411,0,27410
train27412,0,27411
train27413,0,27412
train27414,0,27413
train27415,0,27414
train27416,0,27415
train27417,0,27416
train27418,0,27417
train27419,0,27418
train27420,0,27419
train27421,0,27420
train27422,0,27421
train27423,0,27422
train27424,0,27423
train27425,0,27424
train27426,0,27425
train27427,0,27426
train27428,0,27427
train27429,0,27428
train27430,0,27429
train27431,0,27430
train27432,0,27431
train27433,0,27432
train27434,0,27433
train27435,0,27434
train27436,0,27435
train27437,0,27436
train27438,0,27437
train27439,0,27438
train27440,0,27439
train27441,0,27440
train27442,0,27441
train27443,0,27442
train27444,0,27443
train27445,0,27444
train27446,0,27445
train27447,0,27446
train27448,0,27447
train27449,0,27448
train27450,0,27449
train27451,0,27450
train27452,0,27451
train27453,0,27452
train27454,0,27453
train27455,0,27454
train27456,0,27455
train27457,0,27456
train27458,0,27457
train27459,0,27458
train27460,0,27459
train27461,0,27460
train27462,0,27461
train27463,0,27462
train27464,0,27463
train27465,0,27464
train27466,0,27465
train27467,0,27466
train27468,0,27467
train27469,0,27468
train27470,0,27469
train27471,0,27470
train27472,0,27471
train27473,0,27472
train27474,0,27473
train27475,0,27474
train27476,0,27475
train27477,0,27476
train27478,0,27477
train27479,0,27478
train27480,0,27479
train27481,0,27480
train27482,0,27481
train27483,0,27482
train27484,0,27483
train27485,0,27484
train27486,0,27485
train27487,0,27486
train27488,0,27487
train27489,0,27488
train27490,0,27489
train27491,0,27490
train27492,1,27491
train27493,0,27492
train27494,0,27493
train27495,0,27494
train27496,0,27495
train27497,0,27496
train27498,0,27497
train27499,0,27498
train27500,0,27499
train27501,0,27500
train27502,0,27501
train27503,0,27502
train27504,0,27503
train27505,0,27504
train27506,0,27505
train27507,0,27506
train27508,0,27507
train27509,0,27508
train27510,0,27509
train27511,0,27510
train27512,0,27511
train27513,0,27512
train27514,0,27513
train27515,0,27514
train27516,0,27515
train27517,0,27516
train27518,0,27517
train27519,0,27518
train27520,0,27519
train27521,0,27520
train27522,0,27521
train27523,0,27522
train27524,0,27523
train27525,0,27524
train27526,0,27525
train27527,0,27526
train27528,0,27527
train27529,0,27528
train27530,0,27529
train27531,0,27530
train27532,0,27531
train27533,0,27532
train27534,0,27533
train27535,0,27534
train27536,0,27535
train27537,0,27536
train27538,0,27537
train27539,0,27538
train27540,1,27539
train27541,1,27540
train27542,0,27541
train27543,0,27542
train27544,0,27543
train27545,0,27544
train27546,0,27545
train27547,0,27546
train27548,0,27547
train27549,0,27548
train27550,0,27549
train27551,0,27550
train27552,0,27551
train27553,0,27552
train27554,0,27553
train27555,0,27554
train27556,0,27555
train27557,0,27556
train27558,0,27557
train27559,0,27558
train27560,0,27559
train27561,0,27560
train27562,0,27561
train27563,0,27562
train27564,0,27563
train27565,0,27564
train27566,0,27565
train27567,0,27566
train27568,0,27567
train27569,0,27568
train27570,0,27569
train27571,0,27570
train27572,0,27571
train27573,0,27572
train27574,0,27573
train27575,0,27574
train27576,0,27575
train27577,0,27576
train27578,0,27577
train27579,0,27578
train27580,0,27579
train27581,0,27580
train27582,0,27581
train27583,0,27582
train27584,0,27583
train27585,0,27584
train27586,0,27585
train27587,0,27586
train27588,0,27587
train27589,0,27588
train27590,0,27589
train27591,0,27590
train27592,0,27591
train27593,0,27592
train27594,0,27593
train27595,0,27594
train27596,0,27595
train27597,0,27596
train27598,0,27597
train27599,0,27598
train27600,0,27599
train27601,0,27600
train27602,0,27601
train27603,0,27602
train27604,0,27603
train27605,0,27604
train27606,0,27605
train27607,0,27606
train27608,0,27607
train27609,0,27608
train27610,0,27609
train27611,0,27610
train27612,0,27611
train27613,0,27612
train27614,0,27613
train27615,0,27614
train27616,0,27615
train27617,0,27616
train27618,0,27617
train27619,0,27618
train27620,0,27619
train27621,0,27620
train27622,0,27621
train27623,0,27622
train27624,0,27623
train27625,0,27624
train27626,0,27625
train27627,0,27626
train27628,0,27627
train27629,0,27628
train27630,0,27629
train27631,0,27630
train27632,0,27631
train27633,0,27632
train27634,0,27633
train27635,0,27634
train27636,0,27635
train27637,0,27636
train27638,0,27637
train27639,0,27638
train27640,0,27639
train27641,0,27640
train27642,0,27641
train27643,0,27642
train27644,0,27643
train27645,0,27644
train27646,0,27645
train27647,0,27646
train27648,0,27647
train27649,0,27648
train27650,0,27649
train27651,0,27650
train27652,0,27651
train27653,0,27652
train27654,0,27653
train27655,0,27654
train27656,0,27655
train27657,0,27656
train27658,0,27657
train27659,0,27658
train27660,0,27659
train27661,0,27660
train27662,1,27661
train27663,0,27662
train27664,0,27663
train27665,0,27664
train27666,0,27665
train27667,0,27666
train27668,0,27667
train27669,0,27668
train27670,0,27669
train27671,0,27670
train27672,0,27671
train27673,0,27672
train27674,0,27673
train27675,0,27674
train27676,0,27675
train27677,0,27676
train27678,0,27677
train27679,0,27678
train27680,0,27679
train27681,0,27680
train27682,0,27681
train27683,0,27682
train27684,0,27683
train27685,0,27684
train27686,0,27685
train27687,0,27686
train27688,0,27687
train27689,0,27688
train27690,0,27689
train27691,0,27690
train27692,0,27691
train27693,0,27692
train27694,0,27693
train27695,0,27694
train27696,0,27695
train27697,0,27696
train27698,0,27697
train27699,0,27698
train27700,0,27699
train27701,0,27700
train27702,0,27701
train27703,0,27702
train27704,0,27703
train27705,0,27704
train27706,0,27705
train27707,0,27706
train27708,0,27707
train27709,0,27708
train27710,0,27709
train27711,0,27710
train27712,0,27711
train27713,0,27712
train27714,0,27713
train27715,0,27714
train27716,0,27715
train27717,0,27716
train27718,0,27717
train27719,0,27718
train27720,0,27719
train27721,0,27720
train27722,0,27721
train27723,0,27722
train27724,0,27723
train27725,0,27724
train27726,0,27725
train27727,0,27726
train27728,0,27727
train27729,0,27728
train27730,0,27729
train27731,0,27730
train27732,0,27731
train27733,0,27732
train27734,0,27733
train27735,0,27734
train27736,0,27735
train27737,0,27736
train27738,0,27737
train27739,0,27738
train27740,0,27739
train27741,0,27740
train27742,0,27741
train27743,0,27742
train27744,0,27743
train27745,0,27744
train27746,0,27745
train27747,0,27746
train27748,0,27747
train27749,0,27748
train27750,0,27749
train27751,1,27750
train27752,0,27751
train27753,0,27752
train27754,0,27753
train27755,0,27754
train27756,0,27755
train27757,0,27756
train27758,0,27757
train27759,0,27758
train27760,0,27759
train27761,0,27760
train27762,0,27761
train27763,0,27762
train27764,0,27763
train27765,0,27764
train27766,0,27765
train27767,0,27766
train27768,0,27767
train27769,0,27768
train27770,0,27769
train27771,0,27770
train27772,0,27771
train27773,0,27772
train27774,0,27773
train27775,0,27774
train27776,0,27775
train27777,0,27776
train27778,0,27777
train27779,0,27778
train27780,0,27779
train27781,0,27780
train27782,0,27781
train27783,0,27782
train27784,0,27783
train27785,0,27784
train27786,0,27785
train27787,0,27786
train27788,0,27787
train27789,0,27788
train27790,0,27789
train27791,0,27790
train27792,0,27791
train27793,0,27792
train27794,0,27793
train27795,0,27794
train27796,0,27795
train27797,0,27796
train27798,0,27797
train27799,0,27798
train27800,0,27799
train27801,0,27800
train27802,0,27801
train27803,0,27802
train27804,0,27803
train27805,0,27804
train27806,0,27805
train27807,0,27806
train27808,0,27807
train27809,0,27808
train27810,0,27809
train27811,0,27810
train27812,0,27811
train27813,0,27812
train27814,0,27813
train27815,0,27814
train27816,0,27815
train27817,0,27816
train27818,0,27817
train27819,0,27818
train27820,0,27819
train27821,0,27820
train27822,0,27821
train27823,0,27822
train27824,0,27823
train27825,0,27824
train27826,0,27825
train27827,0,27826
train27828,0,27827
train27829,0,27828
train27830,0,27829
train27831,0,27830
train27832,0,27831
train27833,0,27832
train27834,0,27833
train27835,1,27834
train27836,1,27835
train27837,0,27836
train27838,0,27837
train27839,0,27838
train27840,0,27839
train27841,0,27840
train27842,1,27841
train27843,0,27842
train27844,0,27843
train27845,0,27844
train27846,0,27845
train27847,0,27846
train27848,0,27847
train27849,0,27848
train27850,0,27849
train27851,0,27850
train27852,0,27851
train27853,0,27852
train27854,0,27853
train27855,0,27854
train27856,0,27855
train27857,0,27856
train27858,0,27857
train27859,0,27858
train27860,0,27859
train27861,0,27860
train27862,0,27861
train27863,0,27862
train27864,0,27863
train27865,0,27864
train27866,0,27865
train27867,0,27866
train27868,0,27867
train27869,0,27868
train27870,0,27869
train27871,0,27870
train27872,0,27871
train27873,0,27872
train27874,0,27873
train27875,0,27874
train27876,0,27875
train27877,0,27876
train27878,0,27877
train27879,0,27878
train27880,0,27879
train27881,0,27880
train27882,0,27881
train27883,0,27882
train27884,0,27883
train27885,0,27884
train27886,0,27885
train27887,0,27886
train27888,0,27887
train27889,0,27888
train27890,0,27889
train27891,0,27890
train27892,0,27891
train27893,0,27892
train27894,0,27893
train27895,0,27894
train27896,0,27895
train27897,0,27896
train27898,0,27897
train27899,0,27898
train27900,0,27899
train27901,0,27900
train27902,0,27901
train27903,0,27902
train27904,0,27903
train27905,0,27904
train27906,0,27905
train27907,0,27906
train27908,0,27907
train27909,0,27908
train27910,0,27909
train27911,0,27910
train27912,0,27911
train27913,0,27912
train27914,0,27913
train27915,0,27914
train27916,0,27915
train27917,0,27916
train27918,0,27917
train27919,0,27918
train27920,0,27919
train27921,0,27920
train27922,0,27921
train27923,0,27922
train27924,0,27923
train27925,0,27924
train27926,0,27925
train27927,0,27926
train27928,0,27927
train27929,0,27928
train27930,1,27929
train27931,1,27930
train27932,0,27931
train27933,1,27932
train27934,0,27933
train27935,0,27934
train27936,0,27935
train27937,0,27936
train27938,0,27937
train27939,0,27938
train27940,0,27939
train27941,0,27940
train27942,0,27941
train27943,0,27942
train27944,0,27943
train27945,0,27944
train27946,0,27945
train27947,0,27946
train27948,0,27947
train27949,0,27948
train27950,1,27949
train27951,1,27950
train27952,1,27951
train27953,0,27952
train27954,0,27953
train27955,0,27954
train27956,0,27955
train27957,0,27956
train27958,0,27957
train27959,0,27958
train27960,0,27959
train27961,0,27960
train27962,0,27961
train27963,0,27962
train27964,0,27963
train27965,0,27964
train27966,0,27965
train27967,0,27966
train27968,0,27967
train27969,0,27968
train27970,0,27969
train27971,1,27970
train27972,1,27971
train27973,0,27972
train27974,0,27973
train27975,0,27974
train27976,0,27975
train27977,0,27976
train27978,0,27977
train27979,0,27978
train27980,0,27979
train27981,1,27980
train27982,1,27981
train27983,0,27982
train27984,0,27983
train27985,0,27984
train27986,0,27985
train27987,0,27986
train27988,0,27987
train27989,0,27988
train27990,0,27989
train27991,0,27990
train27992,0,27991
train27993,0,27992
train27994,0,27993
train27995,0,27994
train27996,1,27995
train27997,1,27996
train27998,1,27997
train27999,0,27998
train28000,0,27999
train28001,1,28000
train28002,0,28001
train28003,0,28002
train28004,0,28003
train28005,0,28004
train28006,0,28005
train28007,0,28006
train28008,0,28007
train28009,0,28008
train28010,0,28009
train28011,0,28010
train28012,0,28011
train28013,0,28012
train28014,0,28013
train28015,0,28014
train28016,0,28015
train28017,0,28016
train28018,0,28017
train28019,0,28018
train28020,0,28019
train28021,0,28020
train28022,0,28021
train28023,0,28022
train28024,0,28023
train28025,0,28024
train28026,0,28025
train28027,0,28026
train28028,0,28027
train28029,0,28028
train28030,0,28029
train28031,0,28030
train28032,0,28031
train28033,0,28032
train28034,0,28033
train28035,0,28034
train28036,0,28035
train28037,0,28036
train28038,0,28037
train28039,0,28038
train28040,0,28039
train28041,0,28040
train28042,0,28041
train28043,0,28042
train28044,0,28043
train28045,0,28044
train28046,0,28045
train28047,0,28046
train28048,0,28047
train28049,0,28048
train28050,0,28049
train28051,0,28050
train28052,0,28051
train28053,0,28052
train28054,0,28053
train28055,0,28054
train28056,0,28055
train28057,0,28056
train28058,0,28057
train28059,0,28058
train28060,0,28059
train28061,0,28060
train28062,0,28061
train28063,0,28062
train28064,0,28063
train28065,0,28064
train28066,0,28065
train28067,0,28066
train28068,0,28067
train28069,0,28068
train28070,0,28069
train28071,1,28070
train28072,0,28071
train28073,0,28072
train28074,0,28073
train28075,1,28074
train28076,1,28075
train28077,0,28076
train28078,0,28077
train28079,0,28078
train28080,0,28079
train28081,0,28080
train28082,0,28081
train28083,1,28082
train28084,0,28083
train28085,0,28084
train28086,0,28085
train28087,1,28086
train28088,1,28087
train28089,1,28088
train28090,0,28089
train28091,0,28090
train28092,0,28091
train28093,0,28092
train28094,0,28093
train28095,0,28094
train28096,0,28095
train28097,0,28096
train28098,0,28097
train28099,0,28098
train28100,0,28099
train28101,0,28100
train28102,0,28101
train28103,0,28102
train28104,0,28103
train28105,0,28104
train28106,0,28105
train28107,0,28106
train28108,1,28107
train28109,0,28108
train28110,0,28109
train28111,0,28110
train28112,0,28111
train28113,0,28112
train28114,0,28113
train28115,0,28114
train28116,0,28115
train28117,0,28116
train28118,0,28117
train28119,0,28118
train28120,0,28119
train28121,0,28120
train28122,0,28121
train28123,0,28122
train28124,0,28123
train28125,0,28124
train28126,0,28125
train28127,0,28126
train28128,0,28127
train28129,0,28128
train28130,0,28129
train28131,0,28130
train28132,0,28131
train28133,0,28132
train28134,0,28133
train28135,0,28134
train28136,0,28135
train28137,0,28136
train28138,0,28137
train28139,0,28138
train28140,0,28139
train28141,0,28140
train28142,0,28141
train28143,0,28142
train28144,0,28143
train28145,0,28144
train28146,0,28145
train28147,0,28146
train28148,0,28147
train28149,0,28148
train28150,0,28149
train28151,0,28150
train28152,0,28151
train28153,0,28152
train28154,0,28153
train28155,0,28154
train28156,0,28155
train28157,0,28156
train28158,0,28157
train28159,0,28158
train28160,0,28159
train28161,0,28160
train28162,0,28161
train28163,0,28162
train28164,0,28163
train28165,0,28164
train28166,0,28165
train28167,0,28166
train28168,0,28167
train28169,0,28168
train28170,0,28169
train28171,0,28170
train28172,0,28171
train28173,0,28172
train28174,0,28173
train28175,0,28174
train28176,0,28175
train28177,0,28176
train28178,0,28177
train28179,0,28178
train28180,0,28179
train28181,0,28180
train28182,0,28181
train28183,0,28182
train28184,0,28183
train28185,0,28184
train28186,0,28185
train28187,0,28186
train28188,0,28187
train28189,0,28188
train28190,0,28189
train28191,0,28190
train28192,0,28191
train28193,0,28192
train28194,0,28193
train28195,0,28194
train28196,0,28195
train28197,0,28196
train28198,0,28197
train28199,0,28198
train28200,0,28199
train28201,0,28200
train28202,0,28201
train28203,0,28202
train28204,0,28203
train28205,0,28204
train28206,0,28205
train28207,0,28206
train28208,0,28207
train28209,0,28208
train28210,0,28209
train28211,0,28210
train28212,0,28211
train28213,0,28212
train28214,0,28213
train28215,0,28214
train28216,0,28215
train28217,0,28216
train28218,1,28217
train28219,0,28218
train28220,1,28219
train28221,0,28220
train28222,1,28221
train28223,0,28222
train28224,1,28223
train28225,0,28224
train28226,0,28225
train28227,0,28226
train28228,0,28227
train28229,0,28228
train28230,0,28229
train28231,0,28230
train28232,0,28231
train28233,0,28232
train28234,0,28233
train28235,0,28234
train28236,0,28235
train28237,0,28236
train28238,0,28237
train28239,0,28238
train28240,0,28239
train28241,0,28240
train28242,0,28241
train28243,0,28242
train28244,0,28243
train28245,0,28244
train28246,0,28245
train28247,0,28246
train28248,0,28247
train28249,0,28248
train28250,0,28249
train28251,0,28250
train28252,0,28251
train28253,0,28252
train28254,0,28253
train28255,0,28254
train28256,0,28255
train28257,0,28256
train28258,0,28257
train28259,0,28258
train28260,0,28259
train28261,0,28260
train28262,0,28261
train28263,0,28262
train28264,0,28263
train28265,0,28264
train28266,1,28265
train28267,1,28266
train28268,0,28267
train28269,0,28268
train28270,0,28269
train28271,0,28270
train28272,0,28271
train28273,0,28272
train28274,0,28273
train28275,0,28274
train28276,0,28275
train28277,0,28276
train28278,0,28277
train28279,0,28278
train28280,0,28279
train28281,0,28280
train28282,0,28281
train28283,0,28282
train28284,0,28283
train28285,0,28284
train28286,0,28285
train28287,0,28286
train28288,0,28287
train28289,0,28288
train28290,0,28289
train28291,0,28290
train28292,0,28291
train28293,0,28292
train28294,0,28293
train28295,0,28294
train28296,0,28295
train28297,0,28296
train28298,0,28297
train28299,0,28298
train28300,0,28299
train28301,0,28300
train28302,0,28301
train28303,0,28302
train28304,0,28303
train28305,0,28304
train28306,0,28305
train28307,0,28306
train28308,0,28307
train28309,0,28308
train28310,0,28309
train28311,0,28310
train28312,0,28311
train28313,0,28312
train28314,0,28313
train28315,0,28314
train28316,0,28315
train28317,0,28316
train28318,0,28317
train28319,0,28318
train28320,0,28319
train28321,0,28320
train28322,0,28321
train28323,0,28322
train28324,0,28323
train28325,0,28324
train28326,0,28325
train28327,0,28326
train28328,0,28327
train28329,0,28328
train28330,0,28329
train28331,1,28330
train28332,0,28331
train28333,0,28332
train28334,0,28333
train28335,0,28334
train28336,0,28335
train28337,0,28336
train28338,0,28337
train28339,0,28338
train28340,0,28339
train28341,0,28340
train28342,0,28341
train28343,0,28342
train28344,0,28343
train28345,0,28344
train28346,0,28345
train28347,0,28346
train28348,0,28347
train28349,0,28348
train28350,0,28349
train28351,0,28350
train28352,1,28351
train28353,1,28352
train28354,0,28353
train28355,0,28354
train28356,0,28355
train28357,0,28356
train28358,0,28357
train28359,0,28358
train28360,0,28359
train28361,0,28360
train28362,0,28361
train28363,0,28362
train28364,0,28363
train28365,1,28364
train28366,0,28365
train28367,0,28366
train28368,0,28367
train28369,0,28368
train28370,0,28369
train28371,0,28370
train28372,0,28371
train28373,0,28372
train28374,0,28373
train28375,1,28374
train28376,1,28375
train28377,0,28376
train28378,1,28377
train28379,1,28378
train28380,0,28379
train28381,0,28380
train28382,0,28381
train28383,0,28382
train28384,0,28383
train28385,0,28384
train28386,0,28385
train28387,0,28386
train28388,0,28387
train28389,0,28388
train28390,0,28389
train28391,0,28390
train28392,0,28391
train28393,0,28392
train28394,0,28393
train28395,0,28394
train28396,0,28395
train28397,0,28396
train28398,0,28397
train28399,0,28398
train28400,0,28399
train28401,0,28400
train28402,0,28401
train28403,0,28402
train28404,0,28403
train28405,0,28404
train28406,0,28405
train28407,0,28406
train28408,0,28407
train28409,0,28408
train28410,0,28409
train28411,0,28410
train28412,0,28411
train28413,0,28412
train28414,0,28413
train28415,0,28414
train28416,0,28415
train28417,0,28416
train28418,1,28417
train28419,0,28418
train28420,0,28419
train28421,0,28420
train28422,0,28421
train28423,0,28422
train28424,0,28423
train28425,0,28424
train28426,1,28425
train28427,0,28426
train28428,0,28427
train28429,0,28428
train28430,0,28429
train28431,0,28430
train28432,0,28431
train28433,0,28432
train28434,0,28433
train28435,0,28434
train28436,0,28435
train28437,1,28436
train28438,0,28437
train28439,0,28438
train28440,0,28439
train28441,0,28440
train28442,0,28441
train28443,0,28442
train28444,0,28443
train28445,0,28444
train28446,0,28445
train28447,0,28446
train28448,0,28447
train28449,0,28448
train28450,0,28449
train28451,0,28450
train28452,0,28451
train28453,0,28452
train28454,0,28453
train28455,0,28454
train28456,0,28455
train28457,0,28456
train28458,0,28457
train28459,0,28458
train28460,0,28459
train28461,0,28460
train28462,0,28461
train28463,0,28462
train28464,0,28463
train28465,0,28464
train28466,0,28465
train28467,0,28466
train28468,0,28467
train28469,0,28468
train28470,0,28469
train28471,0,28470
train28472,1,28471
train28473,0,28472
train28474,0,28473
train28475,0,28474
train28476,0,28475
train28477,0,28476
train28478,0,28477
train28479,1,28478
train28480,1,28479
train28481,1,28480
train28482,1,28481
train28483,1,28482
train28484,1,28483
train28485,0,28484
train28486,0,28485
train28487,0,28486
train28488,0,28487
train28489,0,28488
train28490,0,28489
train28491,0,28490
train28492,0,28491
train28493,0,28492
train28494,0,28493
train28495,0,28494
train28496,0,28495
train28497,0,28496
train28498,0,28497
train28499,0,28498
train28500,0,28499
train28501,0,28500
train28502,0,28501
train28503,0,28502
train28504,0,28503
train28505,0,28504
train28506,0,28505
train28507,0,28506
train28508,0,28507
train28509,1,28508
train28510,0,28509
train28511,0,28510
train28512,0,28511
train28513,0,28512
train28514,0,28513
train28515,0,28514
train28516,0,28515
train28517,0,28516
train28518,0,28517
train28519,0,28518
train28520,0,28519
train28521,0,28520
train28522,1,28521
train28523,0,28522
train28524,0,28523
train28525,0,28524
train28526,0,28525
train28527,0,28526
train28528,0,28527
train28529,0,28528
train28530,0,28529
train28531,0,28530
train28532,0,28531
train28533,0,28532
train28534,0,28533
train28535,1,28534
train28536,1,28535
train28537,0,28536
train28538,0,28537
train28539,1,28538
train28540,0,28539
train28541,0,28540
train28542,0,28541
train28543,0,28542
train28544,0,28543
train28545,0,28544
train28546,0,28545
train28547,1,28546
train28548,1,28547
train28549,0,28548
train28550,1,28549
train28551,1,28550
train28552,0,28551
train28553,0,28552
train28554,0,28553
train28555,1,28554
train28556,0,28555
train28557,0,28556
train28558,0,28557
train28559,0,28558
train28560,0,28559
train28561,0,28560
train28562,0,28561
train28563,1,28562
train28564,0,28563
train28565,0,28564
train28566,0,28565
train28567,0,28566
train28568,0,28567
train28569,0,28568
train28570,0,28569
train28571,0,28570
train28572,0,28571
train28573,1,28572
train28574,0,28573
train28575,0,28574
train28576,0,28575
train28577,0,28576
train28578,0,28577
train28579,0,28578
train28580,0,28579
train28581,0,28580
train28582,0,28581
train28583,0,28582
train28584,0,28583
train28585,0,28584
train28586,0,28585
train28587,0,28586
train28588,0,28587
train28589,0,28588
train28590,1,28589
train28591,0,28590
train28592,0,28591
train28593,0,28592
train28594,0,28593
train28595,0,28594
train28596,0,28595
train28597,0,28596
train28598,0,28597
train28599,0,28598
train28600,0,28599
train28601,0,28600
train28602,0,28601
train28603,0,28602
train28604,0,28603
train28605,0,28604
train28606,0,28605
train28607,0,28606
train28608,0,28607
train28609,0,28608
train28610,1,28609
train28611,0,28610
train28612,0,28611
train28613,1,28612
train28614,0,28613
train28615,0,28614
train28616,0,28615
train28617,0,28616
train28618,0,28617
train28619,1,28618
train28620,0,28619
train28621,0,28620
train28622,0,28621
train28623,0,28622
train28624,1,28623
train28625,0,28624
train28626,0,28625
train28627,0,28626
train28628,0,28627
train28629,0,28628
train28630,0,28629
train28631,0,28630
train28632,0,28631
train28633,0,28632
train28634,0,28633
train28635,0,28634
train28636,1,28635
train28637,1,28636
train28638,0,28637
train28639,0,28638
train28640,0,28639
train28641,0,28640
train28642,0,28641
train28643,1,28642
train28644,0,28643
train28645,0,28644
train28646,0,28645
train28647,0,28646
train28648,0,28647
train28649,0,28648
train28650,0,28649
train28651,0,28650
train28652,0,28651
train28653,0,28652
train28654,0,28653
train28655,0,28654
train28656,0,28655
train28657,0,28656
train28658,1,28657
train28659,0,28658
train28660,0,28659
train28661,0,28660
train28662,0,28661
train28663,0,28662
train28664,0,28663
train28665,0,28664
train28666,0,28665
train28667,0,28666
train28668,0,28667
train28669,0,28668
train28670,0,28669
train28671,0,28670
train28672,0,28671
train28673,0,28672
train28674,0,28673
train28675,0,28674
train28676,0,28675
train28677,0,28676
train28678,0,28677
train28679,0,28678
train28680,0,28679
train28681,0,28680
train28682,0,28681
train28683,0,28682
train28684,0,28683
train28685,0,28684
train28686,0,28685
train28687,0,28686
train28688,0,28687
train28689,0,28688
train28690,0,28689
train28691,0,28690
train28692,0,28691
train28693,0,28692
train28694,0,28693
train28695,0,28694
train28696,0,28695
train28697,0,28696
train28698,0,28697
train28699,0,28698
train28700,0,28699
train28701,0,28700
train28702,0,28701
train28703,0,28702
train28704,0,28703
train28705,0,28704
train28706,0,28705
train28707,0,28706
train28708,0,28707
train28709,0,28708
train28710,0,28709
train28711,0,28710
train28712,0,28711
train28713,0,28712
train28714,0,28713
train28715,0,28714
train28716,0,28715
train28717,0,28716
train28718,0,28717
train28719,0,28718
train28720,0,28719
train28721,0,28720
train28722,0,28721
train28723,0,28722
train28724,0,28723
train28725,0,28724
train28726,0,28725
train28727,0,28726
train28728,0,28727
train28729,0,28728
train28730,0,28729
train28731,0,28730
train28732,0,28731
train28733,0,28732
train28734,0,28733
train28735,0,28734
train28736,0,28735
train28737,0,28736
train28738,0,28737
train28739,0,28738
train28740,0,28739
train28741,0,28740
train28742,0,28741
train28743,0,28742
train28744,0,28743
train28745,0,28744
train28746,0,28745
train28747,0,28746
train28748,0,28747
train28749,0,28748
train28750,0,28749
train28751,0,28750
train28752,0,28751
train28753,0,28752
train28754,0,28753
train28755,0,28754
train28756,0,28755
train28757,0,28756
train28758,0,28757
train28759,0,28758
train28760,0,28759
train28761,0,28760
train28762,0,28761
train28763,0,28762
train28764,0,28763
train28765,0,28764
train28766,0,28765
train28767,0,28766
train28768,0,28767
train28769,0,28768
train28770,0,28769
train28771,0,28770
train28772,0,28771
train28773,0,28772
train28774,0,28773
train28775,0,28774
train28776,0,28775
train28777,0,28776
train28778,0,28777
train28779,0,28778
train28780,0,28779
train28781,0,28780
train28782,0,28781
train28783,0,28782
train28784,0,28783
train28785,0,28784
train28786,0,28785
train28787,0,28786
train28788,0,28787
train28789,0,28788
train28790,0,28789
train28791,0,28790
train28792,0,28791
train28793,0,28792
train28794,0,28793
train28795,0,28794
train28796,0,28795
train28797,0,28796
train28798,0,28797
train28799,0,28798
train28800,0,28799
train28801,0,28800
train28802,0,28801
train28803,0,28802
train28804,0,28803
train28805,0,28804
train28806,0,28805
train28807,0,28806
train28808,0,28807
train28809,0,28808
train28810,0,28809
train28811,0,28810
train28812,0,28811
train28813,0,28812
train28814,0,28813
train28815,0,28814
train28816,0,28815
train28817,0,28816
train28818,0,28817
train28819,0,28818
train28820,0,28819
train28821,0,28820
train28822,0,28821
train28823,0,28822
train28824,0,28823
train28825,0,28824
train28826,0,28825
train28827,0,28826
train28828,0,28827
train28829,1,28828
train28830,1,28829
train28831,1,28830
train28832,1,28831
train28833,0,28832
train28834,0,28833
train28835,0,28834
train28836,1,28835
train28837,1,28836
train28838,0,28837
train28839,0,28838
train28840,0,28839
train28841,0,28840
train28842,1,28841
train28843,0,28842
train28844,0,28843
train28845,0,28844
train28846,0,28845
train28847,0,28846
train28848,0,28847
train28849,1,28848
train28850,1,28849
train28851,1,28850
train28852,1,28851
train28853,0,28852
train28854,0,28853
train28855,0,28854
train28856,0,28855
train28857,0,28856
train28858,0,28857
train28859,0,28858
train28860,1,28859
train28861,0,28860
train28862,0,28861
train28863,0,28862
train28864,0,28863
train28865,0,28864
train28866,0,28865
train28867,0,28866
train28868,0,28867
train28869,0,28868
train28870,0,28869
train28871,0,28870
train28872,0,28871
train28873,0,28872
train28874,0,28873
train28875,0,28874
train28876,0,28875
train28877,0,28876
train28878,0,28877
train28879,1,28878
train28880,0,28879
train28881,1,28880
train28882,0,28881
train28883,0,28882
train28884,0,28883
train28885,1,28884
train28886,0,28885
train28887,0,28886
train28888,0,28887
train28889,0,28888
train28890,0,28889
train28891,0,28890
train28892,0,28891
train28893,0,28892
train28894,0,28893
train28895,0,28894
train28896,0,28895
train28897,0,28896
train28898,0,28897
train28899,0,28898
train28900,0,28899
train28901,0,28900
train28902,0,28901
train28903,0,28902
train28904,0,28903
train28905,0,28904
train28906,0,28905
train28907,0,28906
train28908,0,28907
train28909,1,28908
train28910,0,28909
train28911,0,28910
train28912,0,28911
train28913,0,28912
train28914,0,28913
train28915,0,28914
train28916,0,28915
train28917,0,28916
train28918,0,28917
train28919,0,28918
train28920,0,28919
train28921,0,28920
train28922,0,28921
train28923,1,28922
train28924,0,28923
train28925,0,28924
train28926,1,28925
train28927,0,28926
train28928,0,28927
train28929,0,28928
train28930,0,28929
train28931,0,28930
train28932,0,28931
train28933,0,28932
train28934,0,28933
train28935,0,28934
train28936,0,28935
train28937,0,28936
train28938,0,28937
train28939,0,28938
train28940,0,28939
train28941,0,28940
train28942,0,28941
train28943,0,28942
train28944,0,28943
train28945,0,28944
train28946,0,28945
train28947,0,28946
train28948,0,28947
train28949,0,28948
train28950,0,28949
train28951,0,28950
train28952,0,28951
train28953,0,28952
train28954,0,28953
train28955,0,28954
train28956,0,28955
train28957,0,28956
train28958,0,28957
train28959,0,28958
train28960,0,28959
train28961,0,28960
train28962,0,28961
train28963,0,28962
train28964,0,28963
train28965,0,28964
train28966,0,28965
train28967,0,28966
train28968,0,28967
train28969,0,28968
train28970,0,28969
train28971,0,28970
train28972,0,28971
train28973,0,28972
train28974,0,28973
train28975,0,28974
train28976,0,28975
train28977,0,28976
train28978,0,28977
train28979,0,28978
train28980,0,28979
train28981,0,28980
train28982,0,28981
train28983,0,28982
train28984,0,28983
train28985,0,28984
train28986,0,28985
train28987,0,28986
train28988,0,28987
train28989,0,28988
train28990,0,28989
train28991,0,28990
train28992,0,28991
train28993,0,28992
train28994,0,28993
train28995,0,28994
train28996,0,28995
train28997,0,28996
train28998,0,28997
train28999,0,28998
train29000,0,28999
train29001,0,29000
train29002,0,29001
train29003,0,29002
train29004,0,29003
train29005,0,29004
train29006,0,29005
train29007,0,29006
train29008,0,29007
train29009,0,29008
train29010,0,29009
train29011,0,29010
train29012,0,29011
train29013,0,29012
train29014,0,29013
train29015,0,29014
train29016,0,29015
train29017,0,29016
train29018,0,29017
train29019,0,29018
train29020,0,29019
train29021,0,29020
train29022,0,29021
train29023,1,29022
train29024,0,29023
train29025,0,29024
train29026,0,29025
train29027,0,29026
train29028,0,29027
train29029,0,29028
train29030,0,29029
train29031,0,29030
train29032,0,29031
train29033,0,29032
train29034,0,29033
train29035,0,29034
train29036,0,29035
train29037,0,29036
train29038,0,29037
train29039,0,29038
train29040,0,29039
train29041,0,29040
train29042,0,29041
train29043,0,29042
train29044,0,29043
train29045,0,29044
train29046,0,29045
train29047,0,29046
train29048,0,29047
train29049,0,29048
train29050,0,29049
train29051,0,29050
train29052,0,29051
train29053,0,29052
train29054,0,29053
train29055,0,29054
train29056,0,29055
train29057,0,29056
train29058,0,29057
train29059,0,29058
train29060,0,29059
train29061,0,29060
train29062,0,29061
train29063,0,29062
train29064,0,29063
train29065,0,29064
train29066,0,29065
train29067,0,29066
train29068,0,29067
train29069,0,29068
train29070,0,29069
train29071,0,29070
train29072,0,29071
train29073,0,29072
train29074,0,29073
train29075,0,29074
train29076,0,29075
train29077,0,29076
train29078,0,29077
train29079,0,29078
train29080,0,29079
train29081,0,29080
train29082,0,29081
train29083,0,29082
train29084,0,29083
train29085,0,29084
train29086,0,29085
train29087,0,29086
train29088,0,29087
train29089,0,29088
train29090,0,29089
train29091,1,29090
train29092,0,29091
train29093,0,29092
train29094,0,29093
train29095,0,29094
train29096,0,29095
train29097,0,29096
train29098,0,29097
train29099,0,29098
train29100,1,29099
train29101,0,29100
train29102,0,29101
train29103,0,29102
train29104,0,29103
train29105,0,29104
train29106,0,29105
train29107,0,29106
train29108,0,29107
train29109,0,29108
train29110,0,29109
train29111,0,29110
train29112,0,29111
train29113,0,29112
train29114,0,29113
train29115,0,29114
train29116,0,29115
train29117,1,29116
train29118,0,29117
train29119,0,29118
train29120,0,29119
train29121,0,29120
train29122,0,29121
train29123,0,29122
train29124,0,29123
train29125,0,29124
train29126,0,29125
train29127,1,29126
train29128,0,29127
train29129,1,29128
train29130,1,29129
train29131,0,29130
train29132,0,29131
train29133,0,29132
train29134,0,29133
train29135,0,29134
train29136,0,29135
train29137,0,29136
train29138,0,29137
train29139,0,29138
train29140,1,29139
train29141,0,29140
train29142,0,29141
train29143,0,29142
train29144,0,29143
train29145,0,29144
train29146,0,29145
train29147,0,29146
train29148,0,29147
train29149,0,29148
train29150,0,29149
train29151,0,29150
train29152,0,29151
train29153,0,29152
train29154,0,29153
train29155,0,29154
train29156,0,29155
train29157,0,29156
train29158,0,29157
train29159,0,29158
train29160,0,29159
train29161,0,29160
train29162,0,29161
train29163,0,29162
train29164,0,29163
train29165,0,29164
train29166,0,29165
train29167,0,29166
train29168,0,29167
train29169,0,29168
train29170,0,29169
train29171,0,29170
train29172,0,29171
train29173,0,29172
train29174,0,29173
train29175,1,29174
train29176,1,29175
train29177,0,29176
train29178,0,29177
train29179,0,29178
train29180,0,29179
train29181,1,29180
train29182,1,29181
train29183,0,29182
train29184,0,29183
train29185,0,29184
train29186,0,29185
train29187,0,29186
train29188,0,29187
train29189,0,29188
train29190,0,29189
train29191,0,29190
train29192,0,29191
train29193,0,29192
train29194,0,29193
train29195,0,29194
train29196,0,29195
train29197,1,29196
train29198,1,29197
train29199,0,29198
train29200,0,29199
train29201,0,29200
train29202,0,29201
train29203,0,29202
train29204,0,29203
train29205,0,29204
train29206,0,29205
train29207,0,29206
train29208,0,29207
train29209,1,29208
train29210,0,29209
train29211,0,29210
train29212,0,29211
train29213,0,29212
train29214,0,29213
train29215,0,29214
train29216,0,29215
train29217,0,29216
train29218,0,29217
train29219,0,29218
train29220,0,29219
train29221,0,29220
train29222,0,29221
train29223,0,29222
train29224,0,29223
train29225,0,29224
train29226,0,29225
train29227,0,29226
train29228,0,29227
train29229,0,29228
train29230,0,29229
train29231,0,29230
train29232,0,29231
train29233,0,29232
train29234,0,29233
train29235,0,29234
train29236,0,29235
train29237,0,29236
train29238,0,29237
train29239,0,29238
train29240,0,29239
train29241,0,29240
train29242,0,29241
train29243,0,29242
train29244,0,29243
train29245,0,29244
train29246,0,29245
train29247,0,29246
train29248,0,29247
train29249,0,29248
train29250,0,29249
train29251,0,29250
train29252,0,29251
train29253,0,29252
train29254,0,29253
train29255,0,29254
train29256,0,29255
train29257,0,29256
train29258,0,29257
train29259,0,29258
train29260,0,29259
train29261,0,29260
train29262,0,29261
train29263,0,29262
train29264,0,29263
train29265,0,29264
train29266,0,29265
train29267,0,29266
train29268,0,29267
train29269,0,29268
train29270,0,29269
train29271,0,29270
train29272,0,29271
train29273,0,29272
train29274,0,29273
train29275,0,29274
train29276,0,29275
train29277,0,29276
train29278,0,29277
train29279,0,29278
train29280,0,29279
train29281,0,29280
train29282,0,29281
train29283,0,29282
train29284,0,29283
train29285,0,29284
train29286,0,29285
train29287,0,29286
train29288,0,29287
train29289,0,29288
train29290,0,29289
train29291,0,29290
train29292,0,29291
train29293,1,29292
train29294,1,29293
train29295,0,29294
train29296,1,29295
train29297,1,29296
train29298,1,29297
train29299,1,29298
train29300,0,29299
train29301,0,29300
train29302,1,29301
train29303,0,29302
train29304,0,29303
train29305,0,29304
train29306,0,29305
train29307,0,29306
train29308,0,29307
train29309,0,29308
train29310,0,29309
train29311,0,29310
train29312,0,29311
train29313,0,29312
train29314,0,29313
train29315,0,29314
train29316,0,29315
train29317,0,29316
train29318,0,29317
train29319,0,29318
train29320,0,29319
train29321,0,29320
train29322,0,29321
train29323,0,29322
train29324,0,29323
train29325,0,29324
train29326,0,29325
train29327,0,29326
train29328,0,29327
train29329,0,29328
train29330,0,29329
train29331,0,29330
train29332,0,29331
train29333,0,29332
train29334,0,29333
train29335,0,29334
train29336,0,29335
train29337,0,29336
train29338,0,29337
train29339,0,29338
train29340,0,29339
train29341,0,29340
train29342,0,29341
train29343,0,29342
train29344,0,29343
train29345,0,29344
train29346,0,29345
train29347,0,29346
train29348,0,29347
train29349,0,29348
train29350,0,29349
train29351,0,29350
train29352,0,29351
train29353,0,29352
train29354,0,29353
train29355,0,29354
train29356,0,29355
train29357,0,29356
train29358,1,29357
train29359,0,29358
train29360,0,29359
train29361,1,29360
train29362,0,29361
train29363,0,29362
train29364,0,29363
train29365,0,29364
train29366,0,29365
train29367,0,29366
train29368,0,29367
train29369,0,29368
train29370,0,29369
train29371,0,29370
train29372,0,29371
train29373,0,29372
train29374,0,29373
train29375,0,29374
train29376,0,29375
train29377,0,29376
train29378,0,29377
train29379,0,29378
train29380,0,29379
train29381,0,29380
train29382,0,29381
train29383,0,29382
train29384,0,29383
train29385,0,29384
train29386,0,29385
train29387,0,29386
train29388,0,29387
train29389,0,29388
train29390,0,29389
train29391,0,29390
train29392,0,29391
train29393,0,29392
train29394,0,29393
train29395,0,29394
train29396,0,29395
train29397,1,29396
train29398,0,29397
train29399,0,29398
train29400,0,29399
train29401,0,29400
train29402,0,29401
train29403,0,29402
train29404,0,29403
train29405,0,29404
train29406,0,29405
train29407,0,29406
train29408,0,29407
train29409,0,29408
train29410,0,29409
train29411,0,29410
train29412,0,29411
train29413,0,29412
train29414,0,29413
train29415,0,29414
train29416,0,29415
train29417,0,29416
train29418,0,29417
train29419,0,29418
train29420,0,29419
train29421,0,29420
train29422,0,29421
train29423,0,29422
train29424,0,29423
train29425,0,29424
train29426,1,29425
train29427,0,29426
train29428,0,29427
train29429,0,29428
train29430,0,29429
train29431,0,29430
train29432,0,29431
train29433,0,29432
train29434,0,29433
train29435,0,29434
train29436,0,29435
train29437,1,29436
train29438,1,29437
train29439,0,29438
train29440,0,29439
train29441,0,29440
train29442,0,29441
train29443,0,29442
train29444,0,29443
train29445,0,29444
train29446,0,29445
train29447,1,29446
train29448,0,29447
train29449,0,29448
train29450,0,29449
train29451,0,29450
train29452,0,29451
train29453,0,29452
train29454,0,29453
train29455,0,29454
train29456,0,29455
train29457,0,29456
train29458,0,29457
train29459,0,29458
train29460,0,29459
train29461,0,29460
train29462,0,29461
train29463,0,29462
train29464,0,29463
train29465,0,29464
train29466,0,29465
train29467,0,29466
train29468,0,29467
train29469,0,29468
train29470,0,29469
train29471,0,29470
train29472,0,29471
train29473,0,29472
train29474,0,29473
train29475,0,29474
train29476,0,29475
train29477,0,29476
train29478,1,29477
train29479,0,29478
train29480,0,29479
train29481,0,29480
train29482,0,29481
train29483,0,29482
train29484,0,29483
train29485,0,29484
train29486,0,29485
train29487,0,29486
train29488,0,29487
train29489,0,29488
train29490,0,29489
train29491,0,29490
train29492,0,29491
train29493,0,29492
train29494,0,29493
train29495,0,29494
train29496,0,29495
train29497,0,29496
train29498,1,29497
train29499,0,29498
train29500,0,29499
train29501,0,29500
train29502,0,29501
train29503,0,29502
train29504,1,29503
train29505,0,29504
train29506,0,29505
train29507,0,29506
train29508,0,29507
train29509,1,29508
train29510,1,29509
train29511,0,29510
train29512,0,29511
train29513,0,29512
train29514,0,29513
train29515,0,29514
train29516,0,29515
train29517,1,29516
train29518,1,29517
train29519,0,29518
train29520,0,29519
train29521,0,29520
train29522,0,29521
train29523,0,29522
train29524,0,29523
train29525,0,29524
train29526,0,29525
train29527,0,29526
train29528,0,29527
train29529,0,29528
train29530,0,29529
train29531,0,29530
train29532,0,29531
train29533,0,29532
train29534,0,29533
train29535,0,29534
train29536,0,29535
train29537,0,29536
train29538,0,29537
train29539,0,29538
train29540,0,29539
train29541,0,29540
train29542,0,29541
train29543,0,29542
train29544,0,29543
train29545,0,29544
train29546,0,29545
train29547,0,29546
train29548,0,29547
train29549,1,29548
train29550,1,29549
train29551,1,29550
train29552,0,29551
train29553,0,29552
train29554,0,29553
train29555,0,29554
train29556,0,29555
train29557,0,29556
train29558,0,29557
train29559,0,29558
train29560,0,29559
train29561,1,29560
train29562,0,29561
train29563,1,29562
train29564,0,29563
train29565,0,29564
train29566,0,29565
train29567,0,29566
train29568,0,29567
train29569,0,29568
train29570,0,29569
train29571,0,29570
train29572,0,29571
train29573,0,29572
train29574,0,29573
train29575,0,29574
train29576,0,29575
train29577,0,29576
train29578,0,29577
train29579,0,29578
train29580,0,29579
train29581,0,29580
train29582,0,29581
train29583,0,29582
train29584,0,29583
train29585,0,29584
train29586,0,29585
train29587,1,29586
train29588,0,29587
train29589,0,29588
train29590,0,29589
train29591,0,29590
train29592,0,29591
train29593,0,29592
train29594,0,29593
train29595,1,29594
train29596,1,29595
train29597,0,29596
train29598,0,29597
train29599,0,29598
train29600,0,29599
train29601,0,29600
train29602,0,29601
train29603,0,29602
train29604,0,29603
train29605,0,29604
train29606,0,29605
train29607,0,29606
train29608,0,29607
train29609,0,29608
train29610,0,29609
train29611,0,29610
train29612,0,29611
train29613,0,29612
train29614,0,29613
train29615,0,29614
train29616,0,29615
train29617,0,29616
train29618,0,29617
train29619,0,29618
train29620,0,29619
train29621,0,29620
train29622,0,29621
train29623,0,29622
train29624,0,29623
train29625,0,29624
train29626,0,29625
train29627,0,29626
train29628,0,29627
train29629,0,29628
train29630,0,29629
train29631,0,29630
train29632,0,29631
train29633,0,29632
train29634,0,29633
train29635,0,29634
train29636,0,29635
train29637,0,29636
train29638,0,29637
train29639,0,29638
train29640,0,29639
train29641,0,29640
train29642,0,29641
train29643,0,29642
train29644,0,29643
train29645,1,29644
train29646,1,29645
train29647,1,29646
train29648,0,29647
train29649,0,29648
train29650,0,29649
train29651,0,29650
train29652,0,29651
train29653,1,29652
train29654,0,29653
train29655,0,29654
train29656,0,29655
train29657,0,29656
train29658,1,29657
train29659,0,29658
train29660,0,29659
train29661,1,29660
train29662,0,29661
train29663,1,29662
train29664,1,29663
train29665,0,29664
train29666,1,29665
train29667,0,29666
train29668,1,29667
train29669,0,29668
train29670,0,29669
train29671,1,29670
train29672,1,29671
train29673,1,29672
train29674,1,29673
train29675,0,29674
train29676,0,29675
train29677,0,29676
train29678,0,29677
train29679,1,29678
train29680,1,29679
train29681,0,29680
train29682,0,29681
train29683,0,29682
train29684,0,29683
train29685,0,29684
train29686,0,29685
train29687,1,29686
train29688,0,29687
train29689,0,29688
train29690,0,29689
train29691,0,29690
train29692,0,29691
train29693,0,29692
train29694,0,29693
train29695,1,29694
train29696,0,29695
train29697,0,29696
train29698,0,29697
train29699,0,29698
train29700,0,29699
train29701,0,29700
train29702,0,29701
train29703,0,29702
train29704,0,29703
train29705,0,29704
train29706,0,29705
train29707,0,29706
train29708,0,29707
train29709,0,29708
train29710,0,29709
train29711,0,29710
train29712,0,29711
train29713,0,29712
train29714,0,29713
train29715,0,29714
train29716,0,29715
train29717,0,29716
train29718,0,29717
train29719,0,29718
train29720,0,29719
train29721,0,29720
train29722,0,29721
train29723,0,29722
train29724,0,29723
train29725,0,29724
train29726,0,29725
train29727,0,29726
train29728,0,29727
train29729,0,29728
train29730,0,29729
train29731,1,29730
train29732,1,29731
train29733,0,29732
train29734,0,29733
train29735,0,29734
train29736,1,29735
train29737,1,29736
train29738,1,29737
train29739,0,29738
train29740,0,29739
train29741,0,29740
train29742,0,29741
train29743,0,29742
train29744,0,29743
train29745,0,29744
train29746,0,29745
train29747,0,29746
train29748,0,29747
train29749,0,29748
train29750,0,29749
train29751,0,29750
train29752,0,29751
train29753,0,29752
train29754,0,29753
train29755,0,29754
train29756,0,29755
train29757,0,29756
train29758,0,29757
train29759,0,29758
train29760,0,29759
train29761,0,29760
train29762,0,29761
train29763,0,29762
train29764,0,29763
train29765,0,29764
train29766,0,29765
train29767,0,29766
train29768,0,29767
train29769,0,29768
train29770,0,29769
train29771,1,29770
train29772,1,29771
train29773,0,29772
train29774,1,29773
train29775,1,29774
train29776,1,29775
train29777,0,29776
train29778,0,29777
train29779,1,29778
train29780,0,29779
train29781,0,29780
train29782,1,29781
train29783,1,29782
train29784,0,29783
train29785,0,29784
train29786,1,29785
train29787,0,29786
train29788,0,29787
train29789,0,29788
train29790,0,29789
train29791,0,29790
train29792,0,29791
train29793,0,29792
train29794,1,29793
train29795,0,29794
train29796,1,29795
train29797,0,29796
train29798,0,29797
train29799,1,29798
train29800,1,29799
train29801,1,29800
train29802,1,29801
train29803,1,29802
train29804,1,29803
train29805,1,29804
train29806,1,29805
train29807,1,29806
train29808,1,29807
train29809,1,29808
train29810,1,29809
train29811,1,29810
train29812,0,29811
train29813,1,29812
train29814,1,29813
train29815,1,29814
train29816,1,29815
train29817,1,29816
train29818,1,29817
train29819,1,29818
train29820,1,29819
train29821,1,29820
train29822,1,29821
train29823,1,29822
train29824,1,29823
train29825,1,29824
train29826,1,29825
train29827,1,29826
train29828,0,29827
train29829,0,29828
train29830,0,29829
train29831,1,29830
train29832,1,29831
train29833,1,29832
train29834,0,29833
train29835,0,29834
train29836,0,29835
train29837,0,29836
train29838,1,29837
train29839,1,29838
train29840,0,29839
train29841,1,29840
train29842,0,29841
train29843,1,29842
train29844,1,29843
train29845,1,29844
train29846,1,29845
train29847,0,29846
train29848,1,29847
train29849,1,29848
train29850,0,29849
train29851,0,29850
train29852,0,29851
train29853,1,29852
train29854,1,29853
train29855,0,29854
train29856,1,29855
train29857,0,29856
train29858,0,29857
train29859,0,29858
train29860,1,29859
train29861,0,29860
train29862,1,29861
train29863,0,29862
train29864,0,29863
train29865,0,29864
train29866,0,29865
train29867,0,29866
train29868,0,29867
train29869,0,29868
train29870,1,29869
train29871,0,29870
train29872,0,29871
train29873,0,29872
train29874,1,29873
train29875,1,29874
train29876,1,29875
train29877,0,29876
train29878,0,29877
train29879,0,29878
train29880,1,29879
train29881,0,29880
train29882,0,29881
train29883,0,29882
train29884,0,29883
train29885,0,29884
train29886,0,29885
train29887,0,29886
train29888,0,29887
train29889,0,29888
train29890,1,29889
train29891,0,29890
train29892,0,29891
train29893,0,29892
train29894,0,29893
train29895,0,29894
train29896,0,29895
train29897,1,29896
train29898,1,29897
train29899,1,29898
train29900,1,29899
train29901,1,29900
train29902,1,29901
train29903,1,29902
train29904,1,29903
train29905,1,29904
train29906,0,29905
train29907,1,29906
train29908,1,29907
train29909,1,29908
train29910,1,29909
train29911,0,29910
train29912,0,29911
train29913,0,29912
train29914,0,29913
train29915,0,29914
train29916,0,29915
train29917,0,29916
train29918,0,29917
train29919,0,29918
train29920,0,29919
train29921,0,29920
train29922,1,29921
train29923,1,29922
train29924,0,29923
train29925,0,29924
train29926,0,29925
train29927,1,29926
train29928,0,29927
train29929,0,29928
train29930,1,29929
train29931,1,29930
train29932,1,29931
train29933,0,29932
train29934,1,29933
train29935,1,29934
train29936,1,29935
train29937,0,29936
train29938,0,29937
train29939,0,29938
train29940,1,29939
train29941,1,29940
train29942,1,29941
train29943,1,29942
train29944,1,29943
train29945,1,29944
train29946,1,29945
train29947,1,29946
train29948,0,29947
train29949,0,29948
train29950,0,29949
train29951,1,29950
train29952,0,29951
train29953,0,29952
train29954,0,29953
train29955,0,29954
train29956,0,29955
train29957,1,29956
train29958,1,29957
train29959,1,29958
train29960,1,29959
train29961,0,29960
train29962,1,29961
train29963,1,29962
train29964,1,29963
train29965,0,29964
train29966,1,29965
train29967,1,29966
train29968,1,29967
train29969,1,29968
train29970,1,29969
train29971,1,29970
train29972,1,29971
train29973,0,29972
train29974,0,29973
train29975,0,29974
train29976,0,29975
train29977,0,29976
train29978,0,29977
train29979,0,29978
train29980,1,29979
train29981,1,29980
train29982,0,29981
train29983,0,29982
train29984,0,29983
train29985,0,29984
train29986,0,29985
train29987,0,29986
train29988,0,29987
train29989,0,29988
train29990,0,29989
train29991,1,29990
train29992,1,29991
train29993,0,29992
train29994,0,29993
train29995,0,29994
train29996,0,29995
train29997,0,29996
train29998,0,29997
train29999,0,29998
train30000,0,29999
