source,site_id,lat,lon,coord_precision_km,date,species,common_name,taxon_group,n_detections,n_events,ecotypes
aad,aad:BallenyIslands2015,-65.3557,167.9115,1.0,2015-01-15,Balaenoptera musculus intermedia,Antarctic blue whale,baleen whale,5,5,
aad,aad:BallenyIslands2015,-65.3557,167.9115,1.0,2015-02-04,Balaenoptera musculus intermedia,Antarctic blue whale,baleen whale,1,1,
aad,aad:BallenyIslands2015,-65.3557,167.9115,1.0,2015-02-16,Balaenoptera musculus intermedia,Antarctic blue whale,baleen whale,3,3,
aad,aad:BallenyIslands2015,-65.3557,167.9115,1.0,2015-02-20,Balaenoptera musculus intermedia,Antarctic blue whale,baleen whale,18,14,
aad,aad:BallenyIslands2015,-65.3557,167.9115,1.0,2015-02-23,Balaenoptera musculus intermedia,Antarctic blue whale,baleen whale,19,17,
aad,aad:BallenyIslands2015,-65.3557,167.9115,1.0,2015-02-25,Balaenoptera musculus intermedia,Antarctic blue whale,baleen whale,30,28,
aad,aad:BallenyIslands2015,-65.3557,167.9115,1.0,2015-02-27,Balaenoptera musculus intermedia,Antarctic blue whale,baleen whale,12,11,
aad,aad:BallenyIslands2015,-65.3557,167.9115,1.0,2015-02-28,Balaenoptera musculus intermedia,Antarctic blue whale,baleen whale,33,27,
aad,aad:BallenyIslands2015,-65.3557,167.9115,1.0,2015-03-02,Balaenoptera musculus intermedia,Antarctic blue whale,baleen whale,35,31,
aad,aad:BallenyIslands2015,-65.3557,167.9115,1.0,2015-03-04,Balaenoptera musculus intermedia,Antarctic blue whale,baleen whale,44,31,
aad,aad:BallenyIslands2015,-65.3557,167.9115,1.0,2015-03-06,Balaenoptera musculus intermedia,Antarctic blue whale,baleen whale,48,33,
aad,aad:BallenyIslands2015,-65.3557,167.9115,1.0,2015-03-07,Balaenoptera musculus intermedia,Antarctic blue whale,baleen whale,42,29,
aad,aad:BallenyIslands2015,-65.3557,167.9115,1.0,2015-03-09,Balaenoptera musculus intermedia,Antarctic blue whale,baleen whale,22,17,
aad,aad:BallenyIslands2015,-65.3557,167.9115,1.0,2015-03-09,Balaenoptera physalus,Fin whale,baleen whale,2,2,
aad,aad:BallenyIslands2015,-65.3557,167.9115,1.0,2015-03-11,Balaenoptera musculus intermedia,Antarctic blue whale,baleen whale,4,3,
aad,aad:BallenyIslands2015,-65.3557,167.9115,1.0,2015-03-13,Balaenoptera musculus intermedia,Antarctic blue whale,baleen whale,5,4,
aad,aad:BallenyIslands2015,-65.3557,167.9115,1.0,2015-03-14,Balaenoptera musculus intermedia,Antarctic blue whale,baleen whale,9,8,
aad,aad:BallenyIslands2015,-65.3557,167.9115,1.0,2015-03-16,Balaenoptera musculus intermedia,Antarctic blue whale,baleen whale,27,22,
aad,aad:BallenyIslands2015,-65.3557,167.9115,1.0,2015-03-16,Balaenoptera physalus,Fin whale,baleen whale,82,35,
aad,aad:BallenyIslands2015,-65.3557,167.9115,1.0,2015-03-18,Balaenoptera musculus intermedia,Antarctic blue whale,baleen whale,1,1,
aad,aad:BallenyIslands2015,-65.3557,167.9115,1.0,2015-03-20,Balaenoptera musculus intermedia,Antarctic blue whale,baleen whale,3,3,
aad,aad:BallenyIslands2015,-65.3557,167.9115,1.0,2015-03-20,Balaenoptera physalus,Fin whale,baleen whale,47,19,
aad,aad:BallenyIslands2015,-65.3557,167.9115,1.0,2015-03-22,Balaenoptera physalus,Fin whale,baleen whale,73,46,
aad,aad:BallenyIslands2015,-65.3557,167.9115,1.0,2015-03-23,Balaenoptera musculus intermedia,Antarctic blue whale,baleen whale,22,17,
aad,aad:BallenyIslands2015,-65.3557,167.9115,1.0,2015-03-23,Balaenoptera physalus,Fin whale,baleen whale,31,18,
aad,aad:BallenyIslands2015,-65.3557,167.9115,1.0,2015-03-25,Balaenoptera musculus intermedia,Antarctic blue whale,baleen whale,5,5,
aad,aad:BallenyIslands2015,-65.3557,167.9115,1.0,2015-03-25,Balaenoptera physalus,Fin whale,baleen whale,58,27,
aad,aad:BallenyIslands2015,-65.3557,167.9115,1.0,2015-03-27,Balaenoptera musculus intermedia,Antarctic blue whale,baleen whale,12,10,
aad,aad:BallenyIslands2015,-65.3557,167.9115,1.0,2015-03-27,Balaenoptera physalus,Fin whale,baleen whale,109,43,
aad,aad:BallenyIslands2015,-65.3557,167.9115,1.0,2015-03-29,Balaenoptera musculus intermedia,Antarctic blue whale,baleen whale,32,25,
aad,aad:BallenyIslands2015,-65.3557,167.9115,1.0,2015-03-29,Balaenoptera physalus,Fin whale,baleen whale,56,26,
aad,aad:BallenyIslands2015,-65.3557,167.9115,1.0,2015-03-30,Balaenoptera musculus intermedia,Antarctic blue whale,baleen whale,3,3,
aad,aad:BallenyIslands2015,-65.3557,167.9115,1.0,2015-03-30,Balaenoptera physalus,Fin whale,baleen whale,72,27,
aad,aad:BallenyIslands2015,-65.3557,167.9115,1.0,2015-04-01,Balaenoptera musculus intermedia,Antarctic blue whale,baleen whale,8,5,
aad,aad:BallenyIslands2015,-65.3557,167.9115,1.0,2015-04-01,Balaenoptera physalus,Fin whale,baleen whale,136,37,
aad,aad:BallenyIslands2015,-65.3557,167.9115,1.0,2015-04-03,Balaenoptera musculus intermedia,Antarctic blue whale,baleen whale,104,72,
aad,aad:BallenyIslands2015,-65.3557,167.9115,1.0,2015-04-03,Balaenoptera physalus,Fin whale,baleen whale,66,29,
aad,aad:BallenyIslands2015,-65.3557,167.9115,1.0,2015-04-05,Balaenoptera musculus intermedia,Antarctic blue whale,baleen whale,11,11,
aad,aad:BallenyIslands2015,-65.3557,167.9115,1.0,2015-04-05,Balaenoptera physalus,Fin whale,baleen whale,78,33,
aad,aad:BallenyIslands2015,-65.3557,167.9115,1.0,2015-04-06,Balaenoptera musculus intermedia,Antarctic blue whale,baleen whale,93,54,
aad,aad:BallenyIslands2015,-65.3557,167.9115,1.0,2015-04-06,Balaenoptera physalus,Fin whale,baleen whale,108,45,
aad,aad:BallenyIslands2015,-65.3557,167.9115,1.0,2015-04-08,Balaenoptera musculus intermedia,Antarctic blue whale,baleen whale,10,8,
aad,aad:BallenyIslands2015,-65.3557,167.9115,1.0,2015-04-08,Balaenoptera physalus,Fin whale,baleen whale,11,9,
aad,aad:BallenyIslands2015,-65.3557,167.9115,1.0,2015-04-10,Balaenoptera musculus intermedia,Antarctic blue whale,baleen whale,1,1,
aad,aad:BallenyIslands2015,-65.3557,167.9115,1.0,2015-04-10,Balaenoptera physalus,Fin whale,baleen whale,26,11,
aad,aad:BallenyIslands2015,-65.3557,167.9115,1.0,2015-04-12,Balaenoptera musculus intermedia,Antarctic blue whale,baleen whale,12,11,
aad,aad:BallenyIslands2015,-65.3557,167.9115,1.0,2015-04-12,Balaenoptera physalus,Fin whale,baleen whale,5,4,
aad,aad:BallenyIslands2015,-65.3557,167.9115,1.0,2015-04-13,Balaenoptera musculus intermedia,Antarctic blue whale,baleen whale,28,22,
aad,aad:BallenyIslands2015,-65.3557,167.9115,1.0,2015-04-13,Balaenoptera physalus,Fin whale,baleen whale,8,5,
aad,aad:BallenyIslands2015,-65.3557,167.9115,1.0,2015-04-15,Balaenoptera musculus intermedia,Antarctic blue whale,baleen whale,28,21,
aad,aad:BallenyIslands2015,-65.3557,167.9115,1.0,2015-04-15,Balaenoptera physalus,Fin whale,baleen whale,91,33,
aad,aad:BallenyIslands2015,-65.3557,167.9115,1.0,2015-04-17,Balaenoptera musculus intermedia,Antarctic blue whale,baleen whale,42,40,
aad,aad:BallenyIslands2015,-65.3557,167.9115,1.0,2015-04-19,Balaenoptera musculus intermedia,Antarctic blue whale,baleen whale,40,27,
aad,aad:BallenyIslands2015,-65.3557,167.9115,1.0,2015-04-19,Balaenoptera physalus,Fin whale,baleen whale,90,45,
aad,aad:BallenyIslands2015,-65.3557,167.9115,1.0,2015-04-21,Balaenoptera musculus intermedia,Antarctic blue whale,baleen whale,25,20,
aad,aad:BallenyIslands2015,-65.3557,167.9115,1.0,2015-04-22,Balaenoptera musculus intermedia,Antarctic blue whale,baleen whale,21,21,
aad,aad:BallenyIslands2015,-65.3557,167.9115,1.0,2015-04-24,Balaenoptera musculus intermedia,Antarctic blue whale,baleen whale,9,8,
aad,aad:BallenyIslands2015,-65.3557,167.9115,1.0,2015-04-26,Balaenoptera musculus intermedia,Antarctic blue whale,baleen whale,2,2,
aad,aad:BallenyIslands2015,-65.3557,167.9115,1.0,2015-04-26,Balaenoptera physalus,Fin whale,baleen whale,22,14,
aad,aad:BallenyIslands2015,-65.3557,167.9115,1.0,2015-04-28,Balaenoptera musculus intermedia,Antarctic blue whale,baleen whale,1,1,
aad,aad:BallenyIslands2015,-65.3557,167.9115,1.0,2015-04-29,Balaenoptera musculus intermedia,Antarctic blue whale,baleen whale,10,10,
aad,aad:BallenyIslands2015,-65.3557,167.9115,1.0,2015-05-01,Balaenoptera musculus intermedia,Antarctic blue whale,baleen whale,49,42,
aad,aad:BallenyIslands2015,-65.3557,167.9115,1.0,2015-05-03,Balaenoptera musculus intermedia,Antarctic blue whale,baleen whale,4,4,
aad,aad:BallenyIslands2015,-65.3557,167.9115,1.0,2015-05-05,Balaenoptera musculus intermedia,Antarctic blue whale,baleen whale,3,2,
aad,aad:BallenyIslands2015,-65.3557,167.9115,1.0,2015-05-08,Balaenoptera musculus intermedia,Antarctic blue whale,baleen whale,1,1,
aad,aad:BallenyIslands2015,-65.3557,167.9115,1.0,2015-05-10,Balaenoptera musculus intermedia,Antarctic blue whale,baleen whale,2,2,
aad,aad:BallenyIslands2015,-65.3557,167.9115,1.0,2015-05-12,Balaenoptera musculus intermedia,Antarctic blue whale,baleen whale,11,10,
aad,aad:BallenyIslands2015,-65.3557,167.9115,1.0,2015-05-13,Balaenoptera musculus intermedia,Antarctic blue whale,baleen whale,2,2,
aad,aad:BallenyIslands2015,-65.3557,167.9115,1.0,2015-05-17,Balaenoptera musculus intermedia,Antarctic blue whale,baleen whale,2,2,
aad,aad:BallenyIslands2015,-65.3557,167.9115,1.0,2015-05-19,Balaenoptera musculus intermedia,Antarctic blue whale,baleen whale,6,6,
aad,aad:BallenyIslands2015,-65.3557,167.9115,1.0,2015-05-21,Balaenoptera musculus intermedia,Antarctic blue whale,baleen whale,3,2,
aad,aad:BallenyIslands2015,-65.3557,167.9115,1.0,2015-05-22,Balaenoptera musculus intermedia,Antarctic blue whale,baleen whale,3,2,
aad,aad:BallenyIslands2015,-65.3557,167.9115,1.0,2015-05-31,Balaenoptera musculus intermedia,Antarctic blue whale,baleen whale,2,2,
aad,aad:BallenyIslands2015,-65.3557,167.9115,1.0,2015-07-25,Balaenoptera musculus intermedia,Antarctic blue whale,baleen whale,3,3,
aad,aad:BallenyIslands2015,-65.3557,167.9115,1.0,2015-09-18,Balaenoptera musculus intermedia,Antarctic blue whale,baleen whale,6,6,
aad,aad:BallenyIslands2015,-65.3557,167.9115,1.0,2015-09-19,Balaenoptera musculus intermedia,Antarctic blue whale,baleen whale,5,5,
aad,aad:BallenyIslands2015,-65.3557,167.9115,1.0,2015-09-19,Balaenoptera physalus,Fin whale,baleen whale,6,6,
aad,aad:BallenyIslands2015,-65.3557,167.9115,1.0,2015-10-05,Balaenoptera musculus intermedia,Antarctic blue whale,baleen whale,8,8,
aad,aad:BallenyIslands2015,-65.3557,167.9115,1.0,2015-10-10,Balaenoptera musculus intermedia,Antarctic blue whale,baleen whale,16,16,
aad,aad:BallenyIslands2015,-65.3557,167.9115,1.0,2015-10-18,Balaenoptera musculus intermedia,Antarctic blue whale,baleen whale,32,31,
aad,aad:BallenyIslands2015,-65.3557,167.9115,1.0,2015-10-19,Balaenoptera musculus intermedia,Antarctic blue whale,baleen whale,1,1,
aad,aad:BallenyIslands2015,-65.3557,167.9115,1.0,2015-11-24,Balaenoptera musculus intermedia,Antarctic blue whale,baleen whale,2,2,
aad,aad:BallenyIslands2015,-65.3557,167.9115,1.0,2015-12-10,Balaenoptera musculus intermedia,Antarctic blue whale,baleen whale,1,1,
aad,aad:BallenyIslands2015,-65.3557,167.9115,1.0,2015-12-29,Balaenoptera musculus intermedia,Antarctic blue whale,baleen whale,3,2,
aad,aad:ElephantIsland2013Aural,-61.0147,-55.9755,1.0,2013-01-16,Balaenoptera musculus intermedia,Antarctic blue whale,baleen whale,8,7,
aad,aad:ElephantIsland2013Aural,-61.0147,-55.9755,1.0,2013-01-16,Balaenoptera physalus,Fin whale,baleen whale,31,5,
aad,aad:ElephantIsland2013Aural,-61.0147,-55.9755,1.0,2013-01-17,Balaenoptera musculus intermedia,Antarctic blue whale,baleen whale,87,46,
aad,aad:ElephantIsland2013Aural,-61.0147,-55.9755,1.0,2013-01-18,Balaenoptera musculus intermedia,Antarctic blue whale,baleen whale,57,30,
aad,aad:ElephantIsland2013Aural,-61.0147,-55.9755,1.0,2013-01-19,Balaenoptera musculus intermedia,Antarctic blue whale,baleen whale,59,24,
aad,aad:ElephantIsland2013Aural,-61.0147,-55.9755,1.0,2013-01-20,Balaenoptera musculus intermedia,Antarctic blue whale,baleen whale,130,58,
aad,aad:ElephantIsland2013Aural,-61.0147,-55.9755,1.0,2013-01-21,Balaenoptera musculus intermedia,Antarctic blue whale,baleen whale,277,90,
aad,aad:ElephantIsland2013Aural,-61.0147,-55.9755,1.0,2013-01-22,Balaenoptera musculus intermedia,Antarctic blue whale,baleen whale,196,73,
aad,aad:ElephantIsland2013Aural,-61.0147,-55.9755,1.0,2013-01-23,Balaenoptera musculus intermedia,Antarctic blue whale,baleen whale,266,86,
aad,aad:ElephantIsland2013Aural,-61.0147,-55.9755,1.0,2013-01-24,Balaenoptera musculus intermedia,Antarctic blue whale,baleen whale,120,44,
aad,aad:ElephantIsland2013Aural,-61.0147,-55.9755,1.0,2013-01-25,Balaenoptera musculus intermedia,Antarctic blue whale,baleen whale,118,44,
aad,aad:ElephantIsland2013Aural,-61.0147,-55.9755,1.0,2013-01-26,Balaenoptera musculus intermedia,Antarctic blue whale,baleen whale,32,17,
aad,aad:ElephantIsland2013Aural,-61.0147,-55.9755,1.0,2013-01-26,Balaenoptera physalus,Fin whale,baleen whale,15,8,
aad,aad:ElephantIsland2013Aural,-61.0147,-55.9755,1.0,2013-01-27,Balaenoptera musculus intermedia,Antarctic blue whale,baleen whale,87,36,
aad,aad:ElephantIsland2013Aural,-61.0147,-55.9755,1.0,2013-01-27,Balaenoptera physalus,Fin whale,baleen whale,7,4,
aad,aad:ElephantIsland2013Aural,-61.0147,-55.9755,1.0,2013-01-28,Balaenoptera musculus intermedia,Antarctic blue whale,baleen whale,113,52,
aad,aad:ElephantIsland2013Aural,-61.0147,-55.9755,1.0,2013-01-29,Balaenoptera musculus intermedia,Antarctic blue whale,baleen whale,96,49,
aad,aad:ElephantIsland2013Aural,-61.0147,-55.9755,1.0,2013-01-29,Balaenoptera physalus,Fin whale,baleen whale,4,2,
aad,aad:ElephantIsland2013Aural,-61.0147,-55.9755,1.0,2013-01-30,Balaenoptera musculus intermedia,Antarctic blue whale,baleen whale,95,44,
aad,aad:ElephantIsland2013Aural,-61.0147,-55.9755,1.0,2013-01-31,Balaenoptera musculus intermedia,Antarctic blue whale,baleen whale,22,16,
aad,aad:ElephantIsland2013Aural,-61.0147,-55.9755,1.0,2013-01-31,Balaenoptera physalus,Fin whale,baleen whale,2,2,
aad,aad:ElephantIsland2013Aural,-61.0147,-55.9755,1.0,2013-02-01,Balaenoptera musculus intermedia,Antarctic blue whale,baleen whale,69,32,
aad,aad:ElephantIsland2013Aural,-61.0147,-55.9755,1.0,2013-02-02,Balaenoptera musculus intermedia,Antarctic blue whale,baleen whale,176,93,
aad,aad:ElephantIsland2013Aural,-61.0147,-55.9755,1.0,2013-02-02,Balaenoptera physalus,Fin whale,baleen whale,1,1,
aad,aad:ElephantIsland2013Aural,-61.0147,-55.9755,1.0,2013-02-03,Balaenoptera musculus intermedia,Antarctic blue whale,baleen whale,98,83,
aad,aad:ElephantIsland2013Aural,-61.0147,-55.9755,1.0,2013-02-04,Balaenoptera musculus intermedia,Antarctic blue whale,baleen whale,115,82,
aad,aad:ElephantIsland2013Aural,-61.0147,-55.9755,1.0,2013-02-04,Balaenoptera physalus,Fin whale,baleen whale,1,1,
aad,aad:ElephantIsland2013Aural,-61.0147,-55.9755,1.0,2013-02-05,Balaenoptera musculus intermedia,Antarctic blue whale,baleen whale,133,79,
aad,aad:ElephantIsland2013Aural,-61.0147,-55.9755,1.0,2013-02-06,Balaenoptera musculus intermedia,Antarctic blue whale,baleen whale,93,71,
aad,aad:ElephantIsland2013Aural,-61.0147,-55.9755,1.0,2013-02-07,Balaenoptera musculus intermedia,Antarctic blue whale,baleen whale,164,88,
aad,aad:ElephantIsland2013Aural,-61.0147,-55.9755,1.0,2013-02-08,Balaenoptera musculus intermedia,Antarctic blue whale,baleen whale,151,84,
aad,aad:ElephantIsland2013Aural,-61.0147,-55.9755,1.0,2013-02-08,Balaenoptera physalus,Fin whale,baleen whale,34,12,
aad,aad:ElephantIsland2013Aural,-61.0147,-55.9755,1.0,2013-02-09,Balaenoptera musculus intermedia,Antarctic blue whale,baleen whale,88,60,
aad,aad:ElephantIsland2013Aural,-61.0147,-55.9755,1.0,2013-02-09,Balaenoptera physalus,Fin whale,baleen whale,2,1,
aad,aad:ElephantIsland2013Aural,-61.0147,-55.9755,1.0,2013-02-10,Balaenoptera musculus intermedia,Antarctic blue whale,baleen whale,185,117,
aad,aad:ElephantIsland2013Aural,-61.0147,-55.9755,1.0,2013-02-10,Balaenoptera physalus,Fin whale,baleen whale,24,10,
aad,aad:ElephantIsland2013Aural,-61.0147,-55.9755,1.0,2013-02-11,Balaenoptera musculus intermedia,Antarctic blue whale,baleen whale,128,75,
aad,aad:ElephantIsland2013Aural,-61.0147,-55.9755,1.0,2013-02-12,Balaenoptera musculus intermedia,Antarctic blue whale,baleen whale,299,97,
aad,aad:ElephantIsland2013Aural,-61.0147,-55.9755,1.0,2013-02-13,Balaenoptera musculus intermedia,Antarctic blue whale,baleen whale,228,116,
aad,aad:ElephantIsland2013Aural,-61.0147,-55.9755,1.0,2013-02-13,Balaenoptera physalus,Fin whale,baleen whale,18,13,
aad,aad:ElephantIsland2013Aural,-61.0147,-55.9755,1.0,2013-02-14,Balaenoptera musculus intermedia,Antarctic blue whale,baleen whale,361,146,
aad,aad:ElephantIsland2013Aural,-61.0147,-55.9755,1.0,2013-02-14,Balaenoptera physalus,Fin whale,baleen whale,25,10,
aad,aad:ElephantIsland2013Aural,-61.0147,-55.9755,1.0,2013-02-15,Balaenoptera musculus intermedia,Antarctic blue whale,baleen whale,525,199,
aad,aad:ElephantIsland2013Aural,-61.0147,-55.9755,1.0,2013-02-15,Balaenoptera physalus,Fin whale,baleen whale,10,8,
aad,aad:ElephantIsland2013Aural,-61.0147,-55.9755,1.0,2013-02-16,Balaenoptera musculus intermedia,Antarctic blue whale,baleen whale,401,182,
aad,aad:ElephantIsland2013Aural,-61.0147,-55.9755,1.0,2013-02-17,Balaenoptera musculus intermedia,Antarctic blue whale,baleen whale,476,215,
aad,aad:ElephantIsland2013Aural,-61.0147,-55.9755,1.0,2013-02-17,Balaenoptera physalus,Fin whale,baleen whale,4,3,
aad,aad:ElephantIsland2013Aural,-61.0147,-55.9755,1.0,2013-02-18,Balaenoptera musculus intermedia,Antarctic blue whale,baleen whale,340,193,
aad,aad:ElephantIsland2013Aural,-61.0147,-55.9755,1.0,2013-02-18,Balaenoptera physalus,Fin whale,baleen whale,6,6,
aad,aad:ElephantIsland2013Aural,-61.0147,-55.9755,1.0,2013-02-19,Balaenoptera musculus intermedia,Antarctic blue whale,baleen whale,284,149,
aad,aad:ElephantIsland2013Aural,-61.0147,-55.9755,1.0,2013-02-20,Balaenoptera musculus intermedia,Antarctic blue whale,baleen whale,209,131,
aad,aad:ElephantIsland2013Aural,-61.0147,-55.9755,1.0,2013-02-20,Balaenoptera physalus,Fin whale,baleen whale,3,2,
aad,aad:ElephantIsland2013Aural,-61.0147,-55.9755,1.0,2013-02-21,Balaenoptera musculus intermedia,Antarctic blue whale,baleen whale,405,152,
aad,aad:ElephantIsland2013Aural,-61.0147,-55.9755,1.0,2013-02-21,Balaenoptera physalus,Fin whale,baleen whale,10,4,
aad,aad:ElephantIsland2013Aural,-61.0147,-55.9755,1.0,2013-02-22,Balaenoptera musculus intermedia,Antarctic blue whale,baleen whale,313,133,
aad,aad:ElephantIsland2013Aural,-61.0147,-55.9755,1.0,2013-02-22,Balaenoptera physalus,Fin whale,baleen whale,49,19,
aad,aad:ElephantIsland2013Aural,-61.0147,-55.9755,1.0,2013-02-23,Balaenoptera musculus intermedia,Antarctic blue whale,baleen whale,222,91,
aad,aad:ElephantIsland2013Aural,-61.0147,-55.9755,1.0,2013-02-23,Balaenoptera physalus,Fin whale,baleen whale,16,8,
aad,aad:ElephantIsland2013Aural,-61.0147,-55.9755,1.0,2013-02-24,Balaenoptera musculus intermedia,Antarctic blue whale,baleen whale,206,94,
aad,aad:ElephantIsland2013Aural,-61.0147,-55.9755,1.0,2013-02-24,Balaenoptera physalus,Fin whale,baleen whale,31,12,
aad,aad:ElephantIsland2013Aural,-61.0147,-55.9755,1.0,2013-02-25,Balaenoptera musculus intermedia,Antarctic blue whale,baleen whale,239,95,
aad,aad:ElephantIsland2013Aural,-61.0147,-55.9755,1.0,2013-02-25,Balaenoptera physalus,Fin whale,baleen whale,50,14,
aad,aad:ElephantIsland2013Aural,-61.0147,-55.9755,1.0,2013-02-26,Balaenoptera musculus intermedia,Antarctic blue whale,baleen whale,460,128,
aad,aad:ElephantIsland2013Aural,-61.0147,-55.9755,1.0,2013-02-26,Balaenoptera physalus,Fin whale,baleen whale,103,35,
aad,aad:ElephantIsland2013Aural,-61.0147,-55.9755,1.0,2013-02-27,Balaenoptera musculus intermedia,Antarctic blue whale,baleen whale,214,99,
aad,aad:ElephantIsland2013Aural,-61.0147,-55.9755,1.0,2013-02-27,Balaenoptera physalus,Fin whale,baleen whale,66,20,
aad,aad:ElephantIsland2013Aural,-61.0147,-55.9755,1.0,2013-02-28,Balaenoptera musculus intermedia,Antarctic blue whale,baleen whale,247,145,
aad,aad:ElephantIsland2013Aural,-61.0147,-55.9755,1.0,2013-02-28,Balaenoptera physalus,Fin whale,baleen whale,223,64,
aad,aad:ElephantIsland2013Aural,-61.0147,-55.9755,1.0,2013-03-01,Balaenoptera musculus intermedia,Antarctic blue whale,baleen whale,257,114,
aad,aad:ElephantIsland2013Aural,-61.0147,-55.9755,1.0,2013-03-01,Balaenoptera physalus,Fin whale,baleen whale,168,36,
aad,aad:ElephantIsland2013Aural,-61.0147,-55.9755,1.0,2013-03-02,Balaenoptera musculus intermedia,Antarctic blue whale,baleen whale,169,88,
aad,aad:ElephantIsland2013Aural,-61.0147,-55.9755,1.0,2013-03-02,Balaenoptera physalus,Fin whale,baleen whale,109,16,
aad,aad:ElephantIsland2013Aural,-61.0147,-55.9755,1.0,2013-03-03,Balaenoptera musculus intermedia,Antarctic blue whale,baleen whale,161,100,
aad,aad:ElephantIsland2013Aural,-61.0147,-55.9755,1.0,2013-03-03,Balaenoptera physalus,Fin whale,baleen whale,83,25,
aad,aad:ElephantIsland2013Aural,-61.0147,-55.9755,1.0,2013-03-04,Balaenoptera musculus intermedia,Antarctic blue whale,baleen whale,121,85,
aad,aad:ElephantIsland2013Aural,-61.0147,-55.9755,1.0,2013-03-04,Balaenoptera physalus,Fin whale,baleen whale,22,10,
aad,aad:ElephantIsland2013Aural,-61.0147,-55.9755,1.0,2013-03-05,Balaenoptera musculus intermedia,Antarctic blue whale,baleen whale,211,129,
aad,aad:ElephantIsland2013Aural,-61.0147,-55.9755,1.0,2013-03-05,Balaenoptera physalus,Fin whale,baleen whale,41,20,
aad,aad:ElephantIsland2013Aural,-61.0147,-55.9755,1.0,2013-03-06,Balaenoptera musculus intermedia,Antarctic blue whale,baleen whale,124,92,
aad,aad:ElephantIsland2013Aural,-61.0147,-55.9755,1.0,2013-03-06,Balaenoptera physalus,Fin whale,baleen whale,32,9,
aad,aad:ElephantIsland2013Aural,-61.0147,-55.9755,1.0,2013-03-07,Balaenoptera musculus intermedia,Antarctic blue whale,baleen whale,251,137,
aad,aad:ElephantIsland2013Aural,-61.0147,-55.9755,1.0,2013-03-07,Balaenoptera physalus,Fin whale,baleen whale,17,6,
aad,aad:ElephantIsland2013Aural,-61.0147,-55.9755,1.0,2013-03-08,Balaenoptera musculus intermedia,Antarctic blue whale,baleen whale,112,64,
aad,aad:ElephantIsland2013Aural,-61.0147,-55.9755,1.0,2013-03-08,Balaenoptera physalus,Fin whale,baleen whale,12,5,
aad,aad:ElephantIsland2013Aural,-61.0147,-55.9755,1.0,2013-03-09,Balaenoptera musculus intermedia,Antarctic blue whale,baleen whale,105,65,
aad,aad:ElephantIsland2013Aural,-61.0147,-55.9755,1.0,2013-03-09,Balaenoptera physalus,Fin whale,baleen whale,9,3,
aad,aad:ElephantIsland2013Aural,-61.0147,-55.9755,1.0,2013-03-10,Balaenoptera musculus intermedia,Antarctic blue whale,baleen whale,101,52,
aad,aad:ElephantIsland2013Aural,-61.0147,-55.9755,1.0,2013-03-10,Balaenoptera physalus,Fin whale,baleen whale,24,6,
aad,aad:ElephantIsland2013Aural,-61.0147,-55.9755,1.0,2013-03-11,Balaenoptera musculus intermedia,Antarctic blue whale,baleen whale,58,26,
aad,aad:ElephantIsland2013Aural,-61.0147,-55.9755,1.0,2013-03-11,Balaenoptera physalus,Fin whale,baleen whale,17,8,
aad,aad:ElephantIsland2013Aural,-61.0147,-55.9755,1.0,2013-03-12,Balaenoptera musculus intermedia,Antarctic blue whale,baleen whale,72,31,
aad,aad:ElephantIsland2013Aural,-61.0147,-55.9755,1.0,2013-03-12,Balaenoptera physalus,Fin whale,baleen whale,26,8,
aad,aad:ElephantIsland2013Aural,-61.0147,-55.9755,1.0,2013-03-13,Balaenoptera musculus intermedia,Antarctic blue whale,baleen whale,51,30,
aad,aad:ElephantIsland2013Aural,-61.0147,-55.9755,1.0,2013-03-13,Balaenoptera physalus,Fin whale,baleen whale,60,22,
aad,aad:ElephantIsland2013Aural,-61.0147,-55.9755,1.0,2013-03-14,Balaenoptera musculus intermedia,Antarctic blue whale,baleen whale,41,32,
aad,aad:ElephantIsland2013Aural,-61.0147,-55.9755,1.0,2013-03-14,Balaenoptera physalus,Fin whale,baleen whale,61,27,
aad,aad:ElephantIsland2013Aural,-61.0147,-55.9755,1.0,2013-03-15,Balaenoptera musculus intermedia,Antarctic blue whale,baleen whale,111,71,
aad,aad:ElephantIsland2013Aural,-61.0147,-55.9755,1.0,2013-03-15,Balaenoptera physalus,Fin whale,baleen whale,43,12,
aad,aad:ElephantIsland2013Aural,-61.0147,-55.9755,1.0,2013-03-16,Balaenoptera musculus intermedia,Antarctic blue whale,baleen whale,130,42,
aad,aad:ElephantIsland2013Aural,-61.0147,-55.9755,1.0,2013-03-16,Balaenoptera physalus,Fin whale,baleen whale,40,12,
aad,aad:ElephantIsland2013Aural,-61.0147,-55.9755,1.0,2013-03-17,Balaenoptera musculus intermedia,Antarctic blue whale,baleen whale,192,76,
aad,aad:ElephantIsland2013Aural,-61.0147,-55.9755,1.0,2013-03-17,Balaenoptera physalus,Fin whale,baleen whale,157,45,
aad,aad:ElephantIsland2013Aural,-61.0147,-55.9755,1.0,2013-03-18,Balaenoptera musculus intermedia,Antarctic blue whale,baleen whale,228,126,
aad,aad:ElephantIsland2013Aural,-61.0147,-55.9755,1.0,2013-03-18,Balaenoptera physalus,Fin whale,baleen whale,79,28,
aad,aad:ElephantIsland2013Aural,-61.0147,-55.9755,1.0,2013-03-19,Balaenoptera musculus intermedia,Antarctic blue whale,baleen whale,188,117,
aad,aad:ElephantIsland2013Aural,-61.0147,-55.9755,1.0,2013-03-19,Balaenoptera physalus,Fin whale,baleen whale,396,120,
aad,aad:ElephantIsland2013Aural,-61.0147,-55.9755,1.0,2013-03-20,Balaenoptera musculus intermedia,Antarctic blue whale,baleen whale,159,99,
aad,aad:ElephantIsland2013Aural,-61.0147,-55.9755,1.0,2013-03-20,Balaenoptera physalus,Fin whale,baleen whale,246,78,
aad,aad:ElephantIsland2013Aural,-61.0147,-55.9755,1.0,2013-03-21,Balaenoptera musculus intermedia,Antarctic blue whale,baleen whale,212,114,
aad,aad:ElephantIsland2013Aural,-61.0147,-55.9755,1.0,2013-03-21,Balaenoptera physalus,Fin whale,baleen whale,241,87,
aad,aad:ElephantIsland2013Aural,-61.0147,-55.9755,1.0,2013-03-22,Balaenoptera musculus intermedia,Antarctic blue whale,baleen whale,284,147,
aad,aad:ElephantIsland2013Aural,-61.0147,-55.9755,1.0,2013-03-22,Balaenoptera physalus,Fin whale,baleen whale,221,86,
aad,aad:ElephantIsland2013Aural,-61.0147,-55.9755,1.0,2013-03-23,Balaenoptera musculus intermedia,Antarctic blue whale,baleen whale,263,93,
aad,aad:ElephantIsland2013Aural,-61.0147,-55.9755,1.0,2013-03-23,Balaenoptera physalus,Fin whale,baleen whale,284,87,
aad,aad:ElephantIsland2013Aural,-61.0147,-55.9755,1.0,2013-03-24,Balaenoptera musculus intermedia,Antarctic blue whale,baleen whale,245,90,
aad,aad:ElephantIsland2013Aural,-61.0147,-55.9755,1.0,2013-03-24,Balaenoptera physalus,Fin whale,baleen whale,119,41,
aad,aad:ElephantIsland2013Aural,-61.0147,-55.9755,1.0,2013-03-25,Balaenoptera musculus intermedia,Antarctic blue whale,baleen whale,121,48,
aad,aad:ElephantIsland2013Aural,-61.0147,-55.9755,1.0,2013-03-25,Balaenoptera physalus,Fin whale,baleen whale,115,35,
aad,aad:ElephantIsland2013Aural,-61.0147,-55.9755,1.0,2013-03-26,Balaenoptera musculus intermedia,Antarctic blue whale,baleen whale,239,59,
aad,aad:ElephantIsland2013Aural,-61.0147,-55.9755,1.0,2013-03-26,Balaenoptera physalus,Fin whale,baleen whale,415,130,
aad,aad:ElephantIsland2013Aural,-61.0147,-55.9755,1.0,2013-03-27,Balaenoptera musculus intermedia,Antarctic blue whale,baleen whale,130,43,
aad,aad:ElephantIsland2013Aural,-61.0147,-55.9755,1.0,2013-03-27,Balaenoptera physalus,Fin whale,baleen whale,242,76,
aad,aad:ElephantIsland2013Aural,-61.0147,-55.9755,1.0,2013-03-28,Balaenoptera musculus intermedia,Antarctic blue whale,baleen whale,26,15,
aad,aad:ElephantIsland2013Aural,-61.0147,-55.9755,1.0,2013-03-28,Balaenoptera physalus,Fin whale,baleen whale,71,30,
aad,aad:ElephantIsland2013Aural,-61.0147,-55.9755,1.0,2013-03-29,Balaenoptera musculus intermedia,Antarctic blue whale,baleen whale,78,28,
aad,aad:ElephantIsland2013Aural,-61.0147,-55.9755,1.0,2013-03-29,Balaenoptera physalus,Fin whale,baleen whale,85,26,
aad,aad:ElephantIsland2013Aural,-61.0147,-55.9755,1.0,2013-03-30,Balaenoptera musculus intermedia,Antarctic blue whale,baleen whale,87,21,
aad,aad:ElephantIsland2013Aural,-61.0147,-55.9755,1.0,2013-03-30,Balaenoptera physalus,Fin whale,baleen whale,162,44,
aad,aad:ElephantIsland2013Aural,-61.0147,-55.9755,1.0,2013-03-31,Balaenoptera musculus intermedia,Antarctic blue whale,baleen whale,106,52,
aad,aad:ElephantIsland2013Aural,-61.0147,-55.9755,1.0,2013-03-31,Balaenoptera physalus,Fin whale,baleen whale,212,85,
aad,aad:ElephantIsland2013Aural,-61.0147,-55.9755,1.0,2013-04-01,Balaenoptera musculus intermedia,Antarctic blue whale,baleen whale,284,101,
aad,aad:ElephantIsland2013Aural,-61.0147,-55.9755,1.0,2013-04-01,Balaenoptera physalus,Fin whale,baleen whale,235,74,
aad,aad:ElephantIsland2013Aural,-61.0147,-55.9755,1.0,2013-04-02,Balaenoptera musculus intermedia,Antarctic blue whale,baleen whale,267,104,
aad,aad:ElephantIsland2013Aural,-61.0147,-55.9755,1.0,2013-04-02,Balaenoptera physalus,Fin whale,baleen whale,366,115,
aad,aad:ElephantIsland2013Aural,-61.0147,-55.9755,1.0,2013-04-03,Balaenoptera musculus intermedia,Antarctic blue whale,baleen whale,200,55,
aad,aad:ElephantIsland2013Aural,-61.0147,-55.9755,1.0,2013-04-03,Balaenoptera physalus,Fin whale,baleen whale,206,70,
aad,aad:ElephantIsland2013Aural,-61.0147,-55.9755,1.0,2013-04-04,Balaenoptera musculus intermedia,Antarctic blue whale,baleen whale,249,70,
aad,aad:ElephantIsland2013Aural,-61.0147,-55.9755,1.0,2013-04-04,Balaenoptera physalus,Fin whale,baleen whale,108,32,
aad,aad:ElephantIsland2013Aural,-61.0147,-55.9755,1.0,2013-04-05,Balaenoptera musculus intermedia,Antarctic blue whale,baleen whale,299,86,
aad,aad:ElephantIsland2013Aural,-61.0147,-55.9755,1.0,2013-04-05,Balaenoptera physalus,Fin whale,baleen whale,142,60,
aad,aad:ElephantIsland2013Aural,-61.0147,-55.9755,1.0,2013-04-06,Balaenoptera musculus intermedia,Antarctic blue whale,baleen whale,110,53,
aad,aad:ElephantIsland2013Aural,-61.0147,-55.9755,1.0,2013-04-06,Balaenoptera physalus,Fin whale,baleen whale,102,38,
aad,aad:ElephantIsland2013Aural,-61.0147,-55.9755,1.0,2013-04-07,Balaenoptera musculus intermedia,Antarctic blue whale,baleen whale,192,50,
aad,aad:ElephantIsland2013Aural,-61.0147,-55.9755,1.0,2013-04-07,Balaenoptera physalus,Fin whale,baleen whale,111,33,
aad,aad:ElephantIsland2013Aural,-61.0147,-55.9755,1.0,2013-04-08,Balaenoptera musculus intermedia,Antarctic blue whale,baleen whale,34,9,
aad,aad:ElephantIsland2013Aural,-61.0147,-55.9755,1.0,2013-04-08,Balaenoptera physalus,Fin whale,baleen whale,16,6,
aad,aad:ElephantIsland2013Aural,-61.0147,-55.9755,1.0,2013-05-02,Balaenoptera musculus intermedia,Antarctic blue whale,baleen whale,94,41,
aad,aad:ElephantIsland2013Aural,-61.0147,-55.9755,1.0,2013-05-02,Balaenoptera physalus,Fin whale,baleen whale,213,77,
aad,aad:ElephantIsland2013Aural,-61.0147,-55.9755,1.0,2013-06-01,Balaenoptera musculus intermedia,Antarctic blue whale,baleen whale,32,16,
aad,aad:ElephantIsland2013Aural,-61.0147,-55.9755,1.0,2013-06-01,Balaenoptera physalus,Fin whale,baleen whale,457,108,
aad,aad:ElephantIsland2013Aural,-61.0147,-55.9755,1.0,2013-07-03,Balaenoptera musculus intermedia,Antarctic blue whale,baleen whale,137,99,
aad,aad:ElephantIsland2013Aural,-61.0147,-55.9755,1.0,2013-07-03,Balaenoptera physalus,Fin whale,baleen whale,7,4,
aad,aad:ElephantIsland2013Aural,-61.0147,-55.9755,1.0,2013-08-01,Balaenoptera musculus intermedia,Antarctic blue whale,baleen whale,133,103,
aad,aad:ElephantIsland2013Aural,-61.0147,-55.9755,1.0,2013-09-02,Balaenoptera musculus intermedia,Antarctic blue whale,baleen whale,57,51,
aad,aad:ElephantIsland2013Aural,-61.0147,-55.9755,1.0,2013-09-02,Balaenoptera physalus,Fin whale,baleen whale,56,22,
aad,aad:ElephantIsland2013Aural,-61.0147,-55.9755,1.0,2013-10-01,Balaenoptera musculus intermedia,Antarctic blue whale,baleen whale,11,10,
aad,aad:ElephantIsland2013Aural,-61.0147,-55.9755,1.0,2013-11-02,Balaenoptera musculus intermedia,Antarctic blue whale,baleen whale,2,2,
aad,aad:ElephantIsland2013Aural,-61.0147,-55.9755,1.0,2013-12-02,Balaenoptera musculus intermedia,Antarctic blue whale,baleen whale,77,40,
aad,aad:ElephantIsland2014,-61.0147,-55.9755,1.0,2014-01-01,Balaenoptera physalus,Fin whale,baleen whale,67,40,
aad,aad:ElephantIsland2014,-61.0147,-55.9755,1.0,2014-01-04,Balaenoptera musculus intermedia,Antarctic blue whale,baleen whale,23,21,
aad,aad:ElephantIsland2014,-61.0147,-55.9755,1.0,2014-01-04,Balaenoptera physalus,Fin whale,baleen whale,46,23,
aad,aad:ElephantIsland2014,-61.0147,-55.9755,1.0,2014-01-07,Balaenoptera musculus intermedia,Antarctic blue whale,baleen whale,47,40,
aad,aad:ElephantIsland2014,-61.0147,-55.9755,1.0,2014-01-07,Balaenoptera physalus,Fin whale,baleen whale,133,60,
aad,aad:ElephantIsland2014,-61.0147,-55.9755,1.0,2014-01-10,Balaenoptera musculus intermedia,Antarctic blue whale,baleen whale,23,22,
aad,aad:ElephantIsland2014,-61.0147,-55.9755,1.0,2014-01-10,Balaenoptera physalus,Fin whale,baleen whale,210,87,
aad,aad:ElephantIsland2014,-61.0147,-55.9755,1.0,2014-01-13,Balaenoptera musculus intermedia,Antarctic blue whale,baleen whale,20,20,
aad,aad:ElephantIsland2014,-61.0147,-55.9755,1.0,2014-01-13,Balaenoptera physalus,Fin whale,baleen whale,182,88,
aad,aad:ElephantIsland2014,-61.0147,-55.9755,1.0,2014-01-17,Balaenoptera musculus intermedia,Antarctic blue whale,baleen whale,4,4,
aad,aad:ElephantIsland2014,-61.0147,-55.9755,1.0,2014-01-17,Balaenoptera physalus,Fin whale,baleen whale,33,20,
aad,aad:ElephantIsland2014,-61.0147,-55.9755,1.0,2014-01-20,Balaenoptera musculus intermedia,Antarctic blue whale,baleen whale,93,86,
aad,aad:ElephantIsland2014,-61.0147,-55.9755,1.0,2014-01-20,Balaenoptera physalus,Fin whale,baleen whale,216,80,
aad,aad:ElephantIsland2014,-61.0147,-55.9755,1.0,2014-01-23,Balaenoptera musculus intermedia,Antarctic blue whale,baleen whale,36,34,
aad,aad:ElephantIsland2014,-61.0147,-55.9755,1.0,2014-01-23,Balaenoptera physalus,Fin whale,baleen whale,72,41,
aad,aad:ElephantIsland2014,-61.0147,-55.9755,1.0,2014-01-27,Balaenoptera musculus intermedia,Antarctic blue whale,baleen whale,20,20,
aad,aad:ElephantIsland2014,-61.0147,-55.9755,1.0,2014-01-27,Balaenoptera physalus,Fin whale,baleen whale,49,29,
aad,aad:ElephantIsland2014,-61.0147,-55.9755,1.0,2014-02-02,Balaenoptera musculus intermedia,Antarctic blue whale,baleen whale,29,22,
aad,aad:ElephantIsland2014,-61.0147,-55.9755,1.0,2014-02-02,Balaenoptera physalus,Fin whale,baleen whale,11,7,
aad,aad:ElephantIsland2014,-61.0147,-55.9755,1.0,2014-02-05,Balaenoptera musculus intermedia,Antarctic blue whale,baleen whale,43,36,
aad,aad:ElephantIsland2014,-61.0147,-55.9755,1.0,2014-02-05,Balaenoptera physalus,Fin whale,baleen whale,14,9,
aad,aad:ElephantIsland2014,-61.0147,-55.9755,1.0,2014-02-08,Balaenoptera musculus intermedia,Antarctic blue whale,baleen whale,13,12,
aad,aad:ElephantIsland2014,-61.0147,-55.9755,1.0,2014-02-08,Balaenoptera physalus,Fin whale,baleen whale,52,31,
aad,aad:ElephantIsland2014,-61.0147,-55.9755,1.0,2014-02-12,Balaenoptera musculus intermedia,Antarctic blue whale,baleen whale,26,20,
aad,aad:ElephantIsland2014,-61.0147,-55.9755,1.0,2014-02-12,Balaenoptera physalus,Fin whale,baleen whale,112,50,
aad,aad:ElephantIsland2014,-61.0147,-55.9755,1.0,2014-02-15,Balaenoptera musculus intermedia,Antarctic blue whale,baleen whale,26,22,
aad,aad:ElephantIsland2014,-61.0147,-55.9755,1.0,2014-02-15,Balaenoptera physalus,Fin whale,baleen whale,132,51,
aad,aad:ElephantIsland2014,-61.0147,-55.9755,1.0,2014-02-19,Balaenoptera musculus intermedia,Antarctic blue whale,baleen whale,88,60,
aad,aad:ElephantIsland2014,-61.0147,-55.9755,1.0,2014-02-19,Balaenoptera physalus,Fin whale,baleen whale,84,50,
aad,aad:ElephantIsland2014,-61.0147,-55.9755,1.0,2014-02-22,Balaenoptera musculus intermedia,Antarctic blue whale,baleen whale,93,73,
aad,aad:ElephantIsland2014,-61.0147,-55.9755,1.0,2014-02-22,Balaenoptera physalus,Fin whale,baleen whale,280,108,
aad,aad:ElephantIsland2014,-61.0147,-55.9755,1.0,2014-02-25,Balaenoptera musculus intermedia,Antarctic blue whale,baleen whale,151,105,
aad,aad:ElephantIsland2014,-61.0147,-55.9755,1.0,2014-02-25,Balaenoptera physalus,Fin whale,baleen whale,343,119,
aad,aad:ElephantIsland2014,-61.0147,-55.9755,1.0,2014-02-28,Balaenoptera musculus intermedia,Antarctic blue whale,baleen whale,30,28,
aad,aad:ElephantIsland2014,-61.0147,-55.9755,1.0,2014-02-28,Balaenoptera physalus,Fin whale,baleen whale,55,26,
aad,aad:ElephantIsland2014,-61.0147,-55.9755,1.0,2014-03-02,Balaenoptera musculus intermedia,Antarctic blue whale,baleen whale,22,16,
aad,aad:ElephantIsland2014,-61.0147,-55.9755,1.0,2014-03-02,Balaenoptera physalus,Fin whale,baleen whale,108,39,
aad,aad:ElephantIsland2014,-61.0147,-55.9755,1.0,2014-03-05,Balaenoptera musculus intermedia,Antarctic blue whale,baleen whale,16,11,
aad,aad:ElephantIsland2014,-61.0147,-55.9755,1.0,2014-03-05,Balaenoptera physalus,Fin whale,baleen whale,21,13,
aad,aad:ElephantIsland2014,-61.0147,-55.9755,1.0,2014-03-08,Balaenoptera musculus intermedia,Antarctic blue whale,baleen whale,76,65,
aad,aad:ElephantIsland2014,-61.0147,-55.9755,1.0,2014-03-08,Balaenoptera physalus,Fin whale,baleen whale,136,52,
aad,aad:ElephantIsland2014,-61.0147,-55.9755,1.0,2014-03-12,Balaenoptera physalus,Fin whale,baleen whale,134,49,
aad,aad:ElephantIsland2014,-61.0147,-55.9755,1.0,2014-03-15,Balaenoptera musculus intermedia,Antarctic blue whale,baleen whale,4,4,
aad,aad:ElephantIsland2014,-61.0147,-55.9755,1.0,2014-03-15,Balaenoptera physalus,Fin whale,baleen whale,160,53,
aad,aad:ElephantIsland2014,-61.0147,-55.9755,1.0,2014-03-18,Balaenoptera musculus intermedia,Antarctic blue whale,baleen whale,31,28,
aad,aad:ElephantIsland2014,-61.0147,-55.9755,1.0,2014-03-18,Balaenoptera physalus,Fin whale,baleen whale,174,74,
aad,aad:ElephantIsland2014,-61.0147,-55.9755,1.0,2014-03-21,Balaenoptera musculus intermedia,Antarctic blue whale,baleen whale,30,29,
aad,aad:ElephantIsland2014,-61.0147,-55.9755,1.0,2014-03-21,Balaenoptera physalus,Fin whale,baleen whale,191,78,
aad,aad:ElephantIsland2014,-61.0147,-55.9755,1.0,2014-03-25,Balaenoptera musculus intermedia,Antarctic blue whale,baleen whale,7,6,
aad,aad:ElephantIsland2014,-61.0147,-55.9755,1.0,2014-03-25,Balaenoptera physalus,Fin whale,baleen whale,428,155,
aad,aad:ElephantIsland2014,-61.0147,-55.9755,1.0,2014-03-31,Balaenoptera musculus intermedia,Antarctic blue whale,baleen whale,2,2,
aad,aad:ElephantIsland2014,-61.0147,-55.9755,1.0,2014-03-31,Balaenoptera physalus,Fin whale,baleen whale,263,97,
aad,aad:ElephantIsland2014,-61.0147,-55.9755,1.0,2014-04-04,Balaenoptera musculus intermedia,Antarctic blue whale,baleen whale,16,16,
aad,aad:ElephantIsland2014,-61.0147,-55.9755,1.0,2014-04-04,Balaenoptera physalus,Fin whale,baleen whale,238,109,
aad,aad:ElephantIsland2014,-61.0147,-55.9755,1.0,2014-04-07,Balaenoptera musculus intermedia,Antarctic blue whale,baleen whale,64,54,
aad,aad:ElephantIsland2014,-61.0147,-55.9755,1.0,2014-04-07,Balaenoptera physalus,Fin whale,baleen whale,236,89,
aad,aad:ElephantIsland2014,-61.0147,-55.9755,1.0,2014-04-10,Balaenoptera musculus intermedia,Antarctic blue whale,baleen whale,72,64,
aad,aad:ElephantIsland2014,-61.0147,-55.9755,1.0,2014-04-10,Balaenoptera physalus,Fin whale,baleen whale,205,89,
aad,aad:ElephantIsland2014,-61.0147,-55.9755,1.0,2014-04-14,Balaenoptera musculus intermedia,Antarctic blue whale,baleen whale,15,15,
aad,aad:ElephantIsland2014,-61.0147,-55.9755,1.0,2014-04-14,Balaenoptera physalus,Fin whale,baleen whale,416,145,
aad,aad:ElephantIsland2014,-61.0147,-55.9755,1.0,2014-04-17,Balaenoptera musculus intermedia,Antarctic blue whale,baleen whale,13,12,
aad,aad:ElephantIsland2014,-61.0147,-55.9755,1.0,2014-04-17,Balaenoptera physalus,Fin whale,baleen whale,318,126,
aad,aad:ElephantIsland2014,-61.0147,-55.9755,1.0,2014-04-21,Balaenoptera musculus intermedia,Antarctic blue whale,baleen whale,10,10,
aad,aad:ElephantIsland2014,-61.0147,-55.9755,1.0,2014-04-21,Balaenoptera physalus,Fin whale,baleen whale,501,171,
aad,aad:ElephantIsland2014,-61.0147,-55.9755,1.0,2014-04-24,Balaenoptera musculus intermedia,Antarctic blue whale,baleen whale,18,18,
aad,aad:ElephantIsland2014,-61.0147,-55.9755,1.0,2014-04-24,Balaenoptera physalus,Fin whale,baleen whale,593,182,
aad,aad:ElephantIsland2014,-61.0147,-55.9755,1.0,2014-04-27,Balaenoptera physalus,Fin whale,baleen whale,311,122,
aad,aad:ElephantIsland2014,-61.0147,-55.9755,1.0,2014-04-30,Balaenoptera musculus intermedia,Antarctic blue whale,baleen whale,31,28,
aad,aad:ElephantIsland2014,-61.0147,-55.9755,1.0,2014-04-30,Balaenoptera physalus,Fin whale,baleen whale,371,139,
aad,aad:ElephantIsland2014,-61.0147,-55.9755,1.0,2014-05-02,Balaenoptera musculus intermedia,Antarctic blue whale,baleen whale,27,27,
aad,aad:ElephantIsland2014,-61.0147,-55.9755,1.0,2014-05-02,Balaenoptera physalus,Fin whale,baleen whale,361,138,
aad,aad:ElephantIsland2014,-61.0147,-55.9755,1.0,2014-05-05,Balaenoptera musculus intermedia,Antarctic blue whale,baleen whale,51,45,
aad,aad:ElephantIsland2014,-61.0147,-55.9755,1.0,2014-05-05,Balaenoptera physalus,Fin whale,baleen whale,507,199,
aad,aad:ElephantIsland2014,-61.0147,-55.9755,1.0,2014-05-08,Balaenoptera musculus intermedia,Antarctic blue whale,baleen whale,35,33,
aad,aad:ElephantIsland2014,-61.0147,-55.9755,1.0,2014-05-08,Balaenoptera physalus,Fin whale,baleen whale,713,228,
aad,aad:ElephantIsland2014,-61.0147,-55.9755,1.0,2014-05-13,Balaenoptera musculus intermedia,Antarctic blue whale,baleen whale,24,23,
aad,aad:ElephantIsland2014,-61.0147,-55.9755,1.0,2014-05-13,Balaenoptera physalus,Fin whale,baleen whale,483,175,
aad,aad:ElephantIsland2014,-61.0147,-55.9755,1.0,2014-05-16,Balaenoptera musculus intermedia,Antarctic blue whale,baleen whale,32,21,
aad,aad:ElephantIsland2014,-61.0147,-55.9755,1.0,2014-05-16,Balaenoptera physalus,Fin whale,baleen whale,355,112,
aad,aad:ElephantIsland2014,-61.0147,-55.9755,1.0,2014-05-20,Balaenoptera musculus intermedia,Antarctic blue whale,baleen whale,72,51,
aad,aad:ElephantIsland2014,-61.0147,-55.9755,1.0,2014-05-20,Balaenoptera physalus,Fin whale,baleen whale,422,143,
aad,aad:ElephantIsland2014,-61.0147,-55.9755,1.0,2014-05-23,Balaenoptera musculus intermedia,Antarctic blue whale,baleen whale,121,88,
aad,aad:ElephantIsland2014,-61.0147,-55.9755,1.0,2014-05-23,Balaenoptera physalus,Fin whale,baleen whale,90,35,
aad,aad:ElephantIsland2014,-61.0147,-55.9755,1.0,2014-05-26,Balaenoptera musculus intermedia,Antarctic blue whale,baleen whale,53,47,
aad,aad:ElephantIsland2014,-61.0147,-55.9755,1.0,2014-05-26,Balaenoptera physalus,Fin whale,baleen whale,445,135,
aad,aad:ElephantIsland2014,-61.0147,-55.9755,1.0,2014-05-29,Balaenoptera musculus intermedia,Antarctic blue whale,baleen whale,61,44,
aad,aad:ElephantIsland2014,-61.0147,-55.9755,1.0,2014-05-29,Balaenoptera physalus,Fin whale,baleen whale,178,67,
aad,aad:ElephantIsland2014,-61.0147,-55.9755,1.0,2014-06-01,Balaenoptera musculus intermedia,Antarctic blue whale,baleen whale,35,31,
aad,aad:ElephantIsland2014,-61.0147,-55.9755,1.0,2014-06-01,Balaenoptera physalus,Fin whale,baleen whale,47,17,
aad,aad:ElephantIsland2014,-61.0147,-55.9755,1.0,2014-06-04,Balaenoptera musculus intermedia,Antarctic blue whale,baleen whale,158,110,
aad,aad:ElephantIsland2014,-61.0147,-55.9755,1.0,2014-06-04,Balaenoptera physalus,Fin whale,baleen whale,212,81,
aad,aad:ElephantIsland2014,-61.0147,-55.9755,1.0,2014-06-07,Balaenoptera musculus intermedia,Antarctic blue whale,baleen whale,140,96,
aad,aad:ElephantIsland2014,-61.0147,-55.9755,1.0,2014-06-07,Balaenoptera physalus,Fin whale,baleen whale,176,72,
aad,aad:ElephantIsland2014,-61.0147,-55.9755,1.0,2014-06-11,Balaenoptera musculus intermedia,Antarctic blue whale,baleen whale,136,95,
aad,aad:ElephantIsland2014,-61.0147,-55.9755,1.0,2014-06-11,Balaenoptera physalus,Fin whale,baleen whale,173,60,
aad,aad:ElephantIsland2014,-61.0147,-55.9755,1.0,2014-06-15,Balaenoptera musculus intermedia,Antarctic blue whale,baleen whale,57,43,
aad,aad:ElephantIsland2014,-61.0147,-55.9755,1.0,2014-06-19,Balaenoptera musculus intermedia,Antarctic blue whale,baleen whale,176,106,
aad,aad:ElephantIsland2014,-61.0147,-55.9755,1.0,2014-06-19,Balaenoptera physalus,Fin whale,baleen whale,11,5,
aad,aad:ElephantIsland2014,-61.0147,-55.9755,1.0,2014-06-22,Balaenoptera musculus intermedia,Antarctic blue whale,baleen whale,200,123,
aad,aad:ElephantIsland2014,-61.0147,-55.9755,1.0,2014-06-26,Balaenoptera musculus intermedia,Antarctic blue whale,baleen whale,130,83,
aad,aad:ElephantIsland2014,-61.0147,-55.9755,1.0,2014-06-30,Balaenoptera musculus intermedia,Antarctic blue whale,baleen whale,114,83,
aad,aad:ElephantIsland2014,-61.0147,-55.9755,1.0,2014-07-03,Balaenoptera musculus intermedia,Antarctic blue whale,baleen whale,127,93,
aad,aad:ElephantIsland2014,-61.0147,-55.9755,1.0,2014-07-03,Balaenoptera physalus,Fin whale,baleen whale,16,7,
aad,aad:ElephantIsland2014,-61.0147,-55.9755,1.0,2014-07-06,Balaenoptera musculus intermedia,Antarctic blue whale,baleen whale,165,114,
aad,aad:ElephantIsland2014,-61.0147,-55.9755,1.0,2014-07-06,Balaenoptera physalus,Fin whale,baleen whale,3,1,
aad,aad:ElephantIsland2014,-61.0147,-55.9755,1.0,2014-07-09,Balaenoptera musculus intermedia,Antarctic blue whale,baleen whale,64,53,
aad,aad:ElephantIsland2014,-61.0147,-55.9755,1.0,2014-07-13,Balaenoptera musculus intermedia,Antarctic blue whale,baleen whale,71,54,
aad,aad:ElephantIsland2014,-61.0147,-55.9755,1.0,2014-07-13,Balaenoptera physalus,Fin whale,baleen whale,3,2,
aad,aad:ElephantIsland2014,-61.0147,-55.9755,1.0,2014-07-16,Balaenoptera musculus intermedia,Antarctic blue whale,baleen whale,205,125,
aad,aad:ElephantIsland2014,-61.0147,-55.9755,1.0,2014-07-20,Balaenoptera musculus intermedia,Antarctic blue whale,baleen whale,205,118,
aad,aad:ElephantIsland2014,-61.0147,-55.9755,1.0,2014-07-20,Balaenoptera physalus,Fin whale,baleen whale,11,5,
aad,aad:ElephantIsland2014,-61.0147,-55.9755,1.0,2014-07-23,Balaenoptera musculus intermedia,Antarctic blue whale,baleen whale,179,137,
aad,aad:ElephantIsland2014,-61.0147,-55.9755,1.0,2014-07-23,Balaenoptera physalus,Fin whale,baleen whale,31,13,
aad,aad:ElephantIsland2014,-61.0147,-55.9755,1.0,2014-07-26,Balaenoptera musculus intermedia,Antarctic blue whale,baleen whale,205,132,
aad,aad:ElephantIsland2014,-61.0147,-55.9755,1.0,2014-07-26,Balaenoptera physalus,Fin whale,baleen whale,5,4,
aad,aad:ElephantIsland2014,-61.0147,-55.9755,1.0,2014-07-29,Balaenoptera musculus intermedia,Antarctic blue whale,baleen whale,155,112,
aad,aad:ElephantIsland2014,-61.0147,-55.9755,1.0,2014-08-01,Balaenoptera musculus intermedia,Antarctic blue whale,baleen whale,152,113,
aad,aad:ElephantIsland2014,-61.0147,-55.9755,1.0,2014-08-04,Balaenoptera musculus intermedia,Antarctic blue whale,baleen whale,154,109,
aad,aad:ElephantIsland2014,-61.0147,-55.9755,1.0,2014-08-07,Balaenoptera musculus intermedia,Antarctic blue whale,baleen whale,199,126,
aad,aad:ElephantIsland2014,-61.0147,-55.9755,1.0,2014-08-07,Balaenoptera physalus,Fin whale,baleen whale,5,3,
aad,aad:ElephantIsland2014,-61.0147,-55.9755,1.0,2014-08-10,Balaenoptera musculus intermedia,Antarctic blue whale,baleen whale,131,84,
aad,aad:ElephantIsland2014,-61.0147,-55.9755,1.0,2014-08-14,Balaenoptera musculus intermedia,Antarctic blue whale,baleen whale,114,67,
aad,aad:ElephantIsland2014,-61.0147,-55.9755,1.0,2014-08-18,Balaenoptera musculus intermedia,Antarctic blue whale,baleen whale,169,116,
aad,aad:ElephantIsland2014,-61.0147,-55.9755,1.0,2014-08-22,Balaenoptera musculus intermedia,Antarctic blue whale,baleen whale,106,74,
aad,aad:ElephantIsland2014,-61.0147,-55.9755,1.0,2014-08-26,Balaenoptera musculus intermedia,Antarctic blue whale,baleen whale,145,103,
aad,aad:ElephantIsland2014,-61.0147,-55.9755,1.0,2014-08-30,Balaenoptera musculus intermedia,Antarctic blue whale,baleen whale,96,74,
aad,aad:ElephantIsland2014,-61.0147,-55.9755,1.0,2014-09-02,Balaenoptera musculus intermedia,Antarctic blue whale,baleen whale,171,117,
aad,aad:ElephantIsland2014,-61.0147,-55.9755,1.0,2014-09-06,Balaenoptera musculus intermedia,Antarctic blue whale,baleen whale,122,100,
aad,aad:ElephantIsland2014,-61.0147,-55.9755,1.0,2014-09-09,Balaenoptera musculus intermedia,Antarctic blue whale,baleen whale,70,56,
aad,aad:ElephantIsland2014,-61.0147,-55.9755,1.0,2014-09-13,Balaenoptera musculus intermedia,Antarctic blue whale,baleen whale,82,66,
aad,aad:ElephantIsland2014,-61.0147,-55.9755,1.0,2014-09-17,Balaenoptera musculus intermedia,Antarctic blue whale,baleen whale,64,61,
aad,aad:ElephantIsland2014,-61.0147,-55.9755,1.0,2014-09-21,Balaenoptera musculus intermedia,Antarctic blue whale,baleen whale,130,82,
aad,aad:ElephantIsland2014,-61.0147,-55.9755,1.0,2014-09-24,Balaenoptera musculus intermedia,Antarctic blue whale,baleen whale,156,112,
aad,aad:ElephantIsland2014,-61.0147,-55.9755,1.0,2014-09-27,Balaenoptera musculus intermedia,Antarctic blue whale,baleen whale,130,80,
aad,aad:ElephantIsland2014,-61.0147,-55.9755,1.0,2014-09-30,Balaenoptera musculus intermedia,Antarctic blue whale,baleen whale,182,124,
aad,aad:ElephantIsland2014,-61.0147,-55.9755,1.0,2014-10-01,Balaenoptera musculus intermedia,Antarctic blue whale,baleen whale,216,147,
aad,aad:ElephantIsland2014,-61.0147,-55.9755,1.0,2014-10-01,Balaenoptera physalus,Fin whale,baleen whale,8,4,
aad,aad:ElephantIsland2014,-61.0147,-55.9755,1.0,2014-10-05,Balaenoptera musculus intermedia,Antarctic blue whale,baleen whale,155,107,
aad,aad:ElephantIsland2014,-61.0147,-55.9755,1.0,2014-10-05,Balaenoptera physalus,Fin whale,baleen whale,10,5,
aad,aad:ElephantIsland2014,-61.0147,-55.9755,1.0,2014-10-08,Balaenoptera musculus intermedia,Antarctic blue whale,baleen whale,80,64,
aad,aad:ElephantIsland2014,-61.0147,-55.9755,1.0,2014-10-12,Balaenoptera musculus intermedia,Antarctic blue whale,baleen whale,60,56,
aad,aad:ElephantIsland2014,-61.0147,-55.9755,1.0,2014-10-12,Balaenoptera physalus,Fin whale,baleen whale,6,2,
aad,aad:ElephantIsland2014,-61.0147,-55.9755,1.0,2014-10-15,Balaenoptera musculus intermedia,Antarctic blue whale,baleen whale,124,94,
aad,aad:ElephantIsland2014,-61.0147,-55.9755,1.0,2014-10-18,Balaenoptera musculus intermedia,Antarctic blue whale,baleen whale,191,128,
aad,aad:ElephantIsland2014,-61.0147,-55.9755,1.0,2014-10-18,Balaenoptera physalus,Fin whale,baleen whale,26,13,
aad,aad:ElephantIsland2014,-61.0147,-55.9755,1.0,2014-10-22,Balaenoptera musculus intermedia,Antarctic blue whale,baleen whale,146,114,
aad,aad:ElephantIsland2014,-61.0147,-55.9755,1.0,2014-10-26,Balaenoptera musculus intermedia,Antarctic blue whale,baleen whale,3,3,
aad,aad:ElephantIsland2014,-61.0147,-55.9755,1.0,2014-10-31,Balaenoptera musculus intermedia,Antarctic blue whale,baleen whale,135,102,
aad,aad:ElephantIsland2014,-61.0147,-55.9755,1.0,2014-10-31,Balaenoptera physalus,Fin whale,baleen whale,31,9,
aad,aad:ElephantIsland2014,-61.0147,-55.9755,1.0,2014-11-02,Balaenoptera musculus intermedia,Antarctic blue whale,baleen whale,208,133,
aad,aad:ElephantIsland2014,-61.0147,-55.9755,1.0,2014-11-02,Balaenoptera physalus,Fin whale,baleen whale,25,9,
aad,aad:ElephantIsland2014,-61.0147,-55.9755,1.0,2014-11-05,Balaenoptera musculus intermedia,Antarctic blue whale,baleen whale,148,113,
aad,aad:ElephantIsland2014,-61.0147,-55.9755,1.0,2014-11-05,Balaenoptera physalus,Fin whale,baleen whale,9,5,
aad,aad:ElephantIsland2014,-61.0147,-55.9755,1.0,2014-11-08,Balaenoptera musculus intermedia,Antarctic blue whale,baleen whale,34,30,
aad,aad:ElephantIsland2014,-61.0147,-55.9755,1.0,2014-11-13,Balaenoptera musculus intermedia,Antarctic blue whale,baleen whale,131,99,
aad,aad:ElephantIsland2014,-61.0147,-55.9755,1.0,2014-11-13,Balaenoptera physalus,Fin whale,baleen whale,38,18,
aad,aad:ElephantIsland2014,-61.0147,-55.9755,1.0,2014-11-17,Balaenoptera musculus intermedia,Antarctic blue whale,baleen whale,106,83,
aad,aad:ElephantIsland2014,-61.0147,-55.9755,1.0,2014-11-17,Balaenoptera physalus,Fin whale,baleen whale,4,3,
aad,aad:ElephantIsland2014,-61.0147,-55.9755,1.0,2014-11-20,Balaenoptera musculus intermedia,Antarctic blue whale,baleen whale,39,34,
aad,aad:ElephantIsland2014,-61.0147,-55.9755,1.0,2014-11-23,Balaenoptera musculus intermedia,Antarctic blue whale,baleen whale,64,51,
aad,aad:ElephantIsland2014,-61.0147,-55.9755,1.0,2014-11-23,Balaenoptera physalus,Fin whale,baleen whale,9,5,
aad,aad:ElephantIsland2014,-61.0147,-55.9755,1.0,2014-11-27,Balaenoptera musculus intermedia,Antarctic blue whale,baleen whale,52,42,
aad,aad:ElephantIsland2014,-61.0147,-55.9755,1.0,2014-11-27,Balaenoptera physalus,Fin whale,baleen whale,4,2,
aad,aad:ElephantIsland2014,-61.0147,-55.9755,1.0,2014-11-30,Balaenoptera musculus intermedia,Antarctic blue whale,baleen whale,131,98,
aad,aad:ElephantIsland2014,-61.0147,-55.9755,1.0,2014-11-30,Balaenoptera physalus,Fin whale,baleen whale,10,5,
aad,aad:ElephantIsland2014,-61.0147,-55.9755,1.0,2014-12-02,Balaenoptera musculus intermedia,Antarctic blue whale,baleen whale,108,86,
aad,aad:ElephantIsland2014,-61.0147,-55.9755,1.0,2014-12-02,Balaenoptera physalus,Fin whale,baleen whale,6,5,
aad,aad:ElephantIsland2014,-61.0147,-55.9755,1.0,2014-12-05,Balaenoptera musculus intermedia,Antarctic blue whale,baleen whale,73,57,
aad,aad:ElephantIsland2014,-61.0147,-55.9755,1.0,2014-12-05,Balaenoptera physalus,Fin whale,baleen whale,20,10,
aad,aad:ElephantIsland2014,-61.0147,-55.9755,1.0,2014-12-10,Balaenoptera musculus intermedia,Antarctic blue whale,baleen whale,61,50,
aad,aad:ElephantIsland2014,-61.0147,-55.9755,1.0,2014-12-13,Balaenoptera musculus intermedia,Antarctic blue whale,baleen whale,47,43,
aad,aad:ElephantIsland2014,-61.0147,-55.9755,1.0,2014-12-13,Balaenoptera physalus,Fin whale,baleen whale,26,19,
aad,aad:ElephantIsland2014,-61.0147,-55.9755,1.0,2014-12-17,Balaenoptera musculus intermedia,Antarctic blue whale,baleen whale,80,65,
aad,aad:ElephantIsland2014,-61.0147,-55.9755,1.0,2014-12-17,Balaenoptera physalus,Fin whale,baleen whale,183,60,
aad,aad:ElephantIsland2014,-61.0147,-55.9755,1.0,2014-12-21,Balaenoptera musculus intermedia,Antarctic blue whale,baleen whale,12,11,
aad,aad:ElephantIsland2014,-61.0147,-55.9755,1.0,2014-12-21,Balaenoptera physalus,Fin whale,baleen whale,118,55,
aad,aad:ElephantIsland2014,-61.0147,-55.9755,1.0,2014-12-24,Balaenoptera musculus intermedia,Antarctic blue whale,baleen whale,9,9,
aad,aad:ElephantIsland2014,-61.0147,-55.9755,1.0,2014-12-28,Balaenoptera musculus intermedia,Antarctic blue whale,baleen whale,26,26,
aad,aad:ElephantIsland2014,-61.0147,-55.9755,1.0,2014-12-28,Balaenoptera physalus,Fin whale,baleen whale,174,87,
aad,aad:ElephantIsland2014,-61.0147,-55.9755,1.0,2014-12-31,Balaenoptera musculus intermedia,Antarctic blue whale,baleen whale,33,31,
aad,aad:ElephantIsland2014,-61.0147,-55.9755,1.0,2014-12-31,Balaenoptera physalus,Fin whale,baleen whale,80,46,
aad,aad:Greenwich64S2015,-64.0053,0.0037,1.0,2015-01-02,Balaenoptera musculus intermedia,Antarctic blue whale,baleen whale,17,12,
aad,aad:Greenwich64S2015,-64.0053,0.0037,1.0,2015-01-04,Balaenoptera musculus intermedia,Antarctic blue whale,baleen whale,14,13,
aad,aad:Greenwich64S2015,-64.0053,0.0037,1.0,2015-01-06,Balaenoptera musculus intermedia,Antarctic blue whale,baleen whale,2,2,
aad,aad:Greenwich64S2015,-64.0053,0.0037,1.0,2015-01-08,Balaenoptera musculus intermedia,Antarctic blue whale,baleen whale,6,6,
aad,aad:Greenwich64S2015,-64.0053,0.0037,1.0,2015-01-12,Balaenoptera musculus intermedia,Antarctic blue whale,baleen whale,5,5,
aad,aad:Greenwich64S2015,-64.0053,0.0037,1.0,2015-01-14,Balaenoptera musculus intermedia,Antarctic blue whale,baleen whale,10,7,
aad,aad:Greenwich64S2015,-64.0053,0.0037,1.0,2015-01-16,Balaenoptera musculus intermedia,Antarctic blue whale,baleen whale,8,7,
aad,aad:Greenwich64S2015,-64.0053,0.0037,1.0,2015-01-17,Balaenoptera musculus intermedia,Antarctic blue whale,baleen whale,5,5,
aad,aad:Greenwich64S2015,-64.0053,0.0037,1.0,2015-01-19,Balaenoptera musculus intermedia,Antarctic blue whale,baleen whale,1,1,
aad,aad:Greenwich64S2015,-64.0053,0.0037,1.0,2015-01-21,Balaenoptera musculus intermedia,Antarctic blue whale,baleen whale,1,1,
aad,aad:Greenwich64S2015,-64.0053,0.0037,1.0,2015-01-23,Balaenoptera musculus intermedia,Antarctic blue whale,baleen whale,3,3,
aad,aad:Greenwich64S2015,-64.0053,0.0037,1.0,2015-01-25,Balaenoptera musculus intermedia,Antarctic blue whale,baleen whale,9,7,
aad,aad:Greenwich64S2015,-64.0053,0.0037,1.0,2015-01-25,Balaenoptera physalus,Fin whale,baleen whale,1,1,
aad,aad:Greenwich64S2015,-64.0053,0.0037,1.0,2015-01-27,Balaenoptera musculus intermedia,Antarctic blue whale,baleen whale,12,8,
aad,aad:Greenwich64S2015,-64.0053,0.0037,1.0,2015-01-29,Balaenoptera musculus intermedia,Antarctic blue whale,baleen whale,7,5,
aad,aad:Greenwich64S2015,-64.0053,0.0037,1.0,2015-01-31,Balaenoptera musculus intermedia,Antarctic blue whale,baleen whale,8,7,
aad,aad:Greenwich64S2015,-64.0053,0.0037,1.0,2015-02-02,Balaenoptera musculus intermedia,Antarctic blue whale,baleen whale,3,3,
aad,aad:Greenwich64S2015,-64.0053,0.0037,1.0,2015-02-04,Balaenoptera musculus intermedia,Antarctic blue whale,baleen whale,5,5,
aad,aad:Greenwich64S2015,-64.0053,0.0037,1.0,2015-02-04,Balaenoptera physalus,Fin whale,baleen whale,7,4,
aad,aad:Greenwich64S2015,-64.0053,0.0037,1.0,2015-02-06,Balaenoptera musculus intermedia,Antarctic blue whale,baleen whale,6,5,
aad,aad:Greenwich64S2015,-64.0053,0.0037,1.0,2015-02-08,Balaenoptera musculus intermedia,Antarctic blue whale,baleen whale,9,7,
aad,aad:Greenwich64S2015,-64.0053,0.0037,1.0,2015-02-10,Balaenoptera musculus intermedia,Antarctic blue whale,baleen whale,4,4,
aad,aad:Greenwich64S2015,-64.0053,0.0037,1.0,2015-02-11,Balaenoptera musculus intermedia,Antarctic blue whale,baleen whale,6,4,
aad,aad:Greenwich64S2015,-64.0053,0.0037,1.0,2015-02-13,Balaenoptera musculus intermedia,Antarctic blue whale,baleen whale,5,4,
aad,aad:Greenwich64S2015,-64.0053,0.0037,1.0,2015-02-15,Balaenoptera musculus intermedia,Antarctic blue whale,baleen whale,2,2,
aad,aad:Greenwich64S2015,-64.0053,0.0037,1.0,2015-02-17,Balaenoptera musculus intermedia,Antarctic blue whale,baleen whale,8,6,
aad,aad:Greenwich64S2015,-64.0053,0.0037,1.0,2015-02-19,Balaenoptera musculus intermedia,Antarctic blue whale,baleen whale,10,10,
aad,aad:Greenwich64S2015,-64.0053,0.0037,1.0,2015-02-19,Balaenoptera physalus,Fin whale,baleen whale,2,2,
aad,aad:Greenwich64S2015,-64.0053,0.0037,1.0,2015-02-23,Balaenoptera musculus intermedia,Antarctic blue whale,baleen whale,3,3,
aad,aad:Greenwich64S2015,-64.0053,0.0037,1.0,2015-02-25,Balaenoptera musculus intermedia,Antarctic blue whale,baleen whale,7,6,
aad,aad:Greenwich64S2015,-64.0053,0.0037,1.0,2015-02-27,Balaenoptera musculus intermedia,Antarctic blue whale,baleen whale,30,16,
aad,aad:Greenwich64S2015,-64.0053,0.0037,1.0,2015-03-01,Balaenoptera musculus intermedia,Antarctic blue whale,baleen whale,2,2,
aad,aad:Greenwich64S2015,-64.0053,0.0037,1.0,2015-03-03,Balaenoptera musculus intermedia,Antarctic blue whale,baleen whale,8,7,
aad,aad:Greenwich64S2015,-64.0053,0.0037,1.0,2015-03-05,Balaenoptera musculus intermedia,Antarctic blue whale,baleen whale,13,9,
aad,aad:Greenwich64S2015,-64.0053,0.0037,1.0,2015-03-07,Balaenoptera musculus intermedia,Antarctic blue whale,baleen whale,11,8,
aad,aad:Greenwich64S2015,-64.0053,0.0037,1.0,2015-03-08,Balaenoptera musculus intermedia,Antarctic blue whale,baleen whale,14,11,
aad,aad:Greenwich64S2015,-64.0053,0.0037,1.0,2015-03-10,Balaenoptera musculus intermedia,Antarctic blue whale,baleen whale,13,9,
aad,aad:Greenwich64S2015,-64.0053,0.0037,1.0,2015-03-10,Balaenoptera physalus,Fin whale,baleen whale,7,5,
aad,aad:Greenwich64S2015,-64.0053,0.0037,1.0,2015-03-12,Balaenoptera musculus intermedia,Antarctic blue whale,baleen whale,10,8,
aad,aad:Greenwich64S2015,-64.0053,0.0037,1.0,2015-03-14,Balaenoptera musculus intermedia,Antarctic blue whale,baleen whale,12,9,
aad,aad:Greenwich64S2015,-64.0053,0.0037,1.0,2015-03-14,Balaenoptera physalus,Fin whale,baleen whale,11,6,
aad,aad:Greenwich64S2015,-64.0053,0.0037,1.0,2015-03-16,Balaenoptera musculus intermedia,Antarctic blue whale,baleen whale,12,11,
aad,aad:Greenwich64S2015,-64.0053,0.0037,1.0,2015-03-18,Balaenoptera musculus intermedia,Antarctic blue whale,baleen whale,11,9,
aad,aad:Greenwich64S2015,-64.0053,0.0037,1.0,2015-03-20,Balaenoptera musculus intermedia,Antarctic blue whale,baleen whale,11,8,
aad,aad:Greenwich64S2015,-64.0053,0.0037,1.0,2015-03-22,Balaenoptera musculus intermedia,Antarctic blue whale,baleen whale,18,11,
aad,aad:Greenwich64S2015,-64.0053,0.0037,1.0,2015-03-24,Balaenoptera musculus intermedia,Antarctic blue whale,baleen whale,7,6,
aad,aad:Greenwich64S2015,-64.0053,0.0037,1.0,2015-03-26,Balaenoptera musculus intermedia,Antarctic blue whale,baleen whale,8,7,
aad,aad:Greenwich64S2015,-64.0053,0.0037,1.0,2015-03-28,Balaenoptera musculus intermedia,Antarctic blue whale,baleen whale,15,11,
aad,aad:Greenwich64S2015,-64.0053,0.0037,1.0,2015-03-30,Balaenoptera musculus intermedia,Antarctic blue whale,baleen whale,15,13,
aad,aad:Greenwich64S2015,-64.0053,0.0037,1.0,2015-03-31,Balaenoptera musculus intermedia,Antarctic blue whale,baleen whale,12,9,
aad,aad:Greenwich64S2015,-64.0053,0.0037,1.0,2015-04-02,Balaenoptera musculus intermedia,Antarctic blue whale,baleen whale,10,10,
aad,aad:Greenwich64S2015,-64.0053,0.0037,1.0,2015-04-04,Balaenoptera musculus intermedia,Antarctic blue whale,baleen whale,5,5,
aad,aad:Greenwich64S2015,-64.0053,0.0037,1.0,2015-04-06,Balaenoptera musculus intermedia,Antarctic blue whale,baleen whale,9,8,
aad,aad:Greenwich64S2015,-64.0053,0.0037,1.0,2015-04-08,Balaenoptera musculus intermedia,Antarctic blue whale,baleen whale,5,5,
aad,aad:Greenwich64S2015,-64.0053,0.0037,1.0,2015-04-10,Balaenoptera musculus intermedia,Antarctic blue whale,baleen whale,11,9,
aad,aad:Greenwich64S2015,-64.0053,0.0037,1.0,2015-04-12,Balaenoptera musculus intermedia,Antarctic blue whale,baleen whale,3,3,
aad,aad:Greenwich64S2015,-64.0053,0.0037,1.0,2015-04-12,Balaenoptera physalus,Fin whale,baleen whale,1,1,
aad,aad:Greenwich64S2015,-64.0053,0.0037,1.0,2015-04-14,Balaenoptera musculus intermedia,Antarctic blue whale,baleen whale,4,3,
aad,aad:Greenwich64S2015,-64.0053,0.0037,1.0,2015-04-16,Balaenoptera musculus intermedia,Antarctic blue whale,baleen whale,3,3,
aad,aad:Greenwich64S2015,-64.0053,0.0037,1.0,2015-04-18,Balaenoptera musculus intermedia,Antarctic blue whale,baleen whale,6,6,
aad,aad:Greenwich64S2015,-64.0053,0.0037,1.0,2015-04-22,Balaenoptera musculus intermedia,Antarctic blue whale,baleen whale,5,5,
aad,aad:Greenwich64S2015,-64.0053,0.0037,1.0,2015-04-24,Balaenoptera musculus intermedia,Antarctic blue whale,baleen whale,3,2,
aad,aad:Greenwich64S2015,-64.0053,0.0037,1.0,2015-04-25,Balaenoptera musculus intermedia,Antarctic blue whale,baleen whale,4,4,
aad,aad:Greenwich64S2015,-64.0053,0.0037,1.0,2015-04-27,Balaenoptera musculus intermedia,Antarctic blue whale,baleen whale,5,5,
aad,aad:Greenwich64S2015,-64.0053,0.0037,1.0,2015-04-29,Balaenoptera musculus intermedia,Antarctic blue whale,baleen whale,9,8,
aad,aad:Greenwich64S2015,-64.0053,0.0037,1.0,2015-05-03,Balaenoptera musculus intermedia,Antarctic blue whale,baleen whale,4,4,
aad,aad:Greenwich64S2015,-64.0053,0.0037,1.0,2015-05-05,Balaenoptera musculus intermedia,Antarctic blue whale,baleen whale,3,3,
aad,aad:Greenwich64S2015,-64.0053,0.0037,1.0,2015-05-07,Balaenoptera musculus intermedia,Antarctic blue whale,baleen whale,1,1,
aad,aad:Greenwich64S2015,-64.0053,0.0037,1.0,2015-05-09,Balaenoptera musculus intermedia,Antarctic blue whale,baleen whale,6,5,
aad,aad:Greenwich64S2015,-64.0053,0.0037,1.0,2015-05-11,Balaenoptera musculus intermedia,Antarctic blue whale,baleen whale,2,2,
aad,aad:Greenwich64S2015,-64.0053,0.0037,1.0,2015-05-13,Balaenoptera musculus intermedia,Antarctic blue whale,baleen whale,3,3,
aad,aad:Greenwich64S2015,-64.0053,0.0037,1.0,2015-05-15,Balaenoptera musculus intermedia,Antarctic blue whale,baleen whale,2,2,
aad,aad:Greenwich64S2015,-64.0053,0.0037,1.0,2015-05-17,Balaenoptera musculus intermedia,Antarctic blue whale,baleen whale,3,3,
aad,aad:Greenwich64S2015,-64.0053,0.0037,1.0,2015-05-18,Balaenoptera musculus intermedia,Antarctic blue whale,baleen whale,6,4,
aad,aad:Greenwich64S2015,-64.0053,0.0037,1.0,2015-05-20,Balaenoptera musculus intermedia,Antarctic blue whale,baleen whale,3,2,
aad,aad:Greenwich64S2015,-64.0053,0.0037,1.0,2015-05-22,Balaenoptera musculus intermedia,Antarctic blue whale,baleen whale,5,4,
aad,aad:Greenwich64S2015,-64.0053,0.0037,1.0,2015-05-22,Balaenoptera physalus,Fin whale,baleen whale,1,1,
aad,aad:Greenwich64S2015,-64.0053,0.0037,1.0,2015-05-24,Balaenoptera musculus intermedia,Antarctic blue whale,baleen whale,1,1,
aad,aad:Greenwich64S2015,-64.0053,0.0037,1.0,2015-05-28,Balaenoptera musculus intermedia,Antarctic blue whale,baleen whale,1,1,
aad,aad:Greenwich64S2015,-64.0053,0.0037,1.0,2015-05-30,Balaenoptera musculus intermedia,Antarctic blue whale,baleen whale,3,3,
aad,aad:Greenwich64S2015,-64.0053,0.0037,1.0,2015-06-05,Balaenoptera musculus intermedia,Antarctic blue whale,baleen whale,1,1,
aad,aad:Greenwich64S2015,-64.0053,0.0037,1.0,2015-06-07,Balaenoptera musculus intermedia,Antarctic blue whale,baleen whale,3,3,
aad,aad:Greenwich64S2015,-64.0053,0.0037,1.0,2015-06-07,Balaenoptera physalus,Fin whale,baleen whale,1,1,
aad,aad:Greenwich64S2015,-64.0053,0.0037,1.0,2015-06-09,Balaenoptera musculus intermedia,Antarctic blue whale,baleen whale,1,1,
aad,aad:Greenwich64S2015,-64.0053,0.0037,1.0,2015-06-14,Balaenoptera musculus intermedia,Antarctic blue whale,baleen whale,4,4,
aad,aad:Greenwich64S2015,-64.0053,0.0037,1.0,2015-06-18,Balaenoptera musculus intermedia,Antarctic blue whale,baleen whale,2,2,
aad,aad:Greenwich64S2015,-64.0053,0.0037,1.0,2015-06-20,Balaenoptera musculus intermedia,Antarctic blue whale,baleen whale,1,1,
aad,aad:Greenwich64S2015,-64.0053,0.0037,1.0,2015-06-22,Balaenoptera musculus intermedia,Antarctic blue whale,baleen whale,1,1,
aad,aad:Greenwich64S2015,-64.0053,0.0037,1.0,2015-06-22,Balaenoptera physalus,Fin whale,baleen whale,1,1,
aad,aad:Greenwich64S2015,-64.0053,0.0037,1.0,2015-06-24,Balaenoptera musculus intermedia,Antarctic blue whale,baleen whale,2,1,
aad,aad:Greenwich64S2015,-64.0053,0.0037,1.0,2015-06-26,Balaenoptera musculus intermedia,Antarctic blue whale,baleen whale,4,3,
aad,aad:Greenwich64S2015,-64.0053,0.0037,1.0,2015-06-28,Balaenoptera musculus intermedia,Antarctic blue whale,baleen whale,1,1,
aad,aad:Greenwich64S2015,-64.0053,0.0037,1.0,2015-06-30,Balaenoptera musculus intermedia,Antarctic blue whale,baleen whale,2,2,
aad,aad:Greenwich64S2015,-64.0053,0.0037,1.0,2015-07-04,Balaenoptera musculus intermedia,Antarctic blue whale,baleen whale,4,4,
aad,aad:Greenwich64S2015,-64.0053,0.0037,1.0,2015-07-06,Balaenoptera musculus intermedia,Antarctic blue whale,baleen whale,2,2,
aad,aad:Greenwich64S2015,-64.0053,0.0037,1.0,2015-07-07,Balaenoptera musculus intermedia,Antarctic blue whale,baleen whale,6,3,
aad,aad:Greenwich64S2015,-64.0053,0.0037,1.0,2015-07-09,Balaenoptera musculus intermedia,Antarctic blue whale,baleen whale,7,6,
aad,aad:Greenwich64S2015,-64.0053,0.0037,1.0,2015-07-11,Balaenoptera musculus intermedia,Antarctic blue whale,baleen whale,6,4,
aad,aad:Greenwich64S2015,-64.0053,0.0037,1.0,2015-07-13,Balaenoptera musculus intermedia,Antarctic blue whale,baleen whale,6,6,
aad,aad:Greenwich64S2015,-64.0053,0.0037,1.0,2015-07-15,Balaenoptera musculus intermedia,Antarctic blue whale,baleen whale,6,6,
aad,aad:Greenwich64S2015,-64.0053,0.0037,1.0,2015-07-19,Balaenoptera musculus intermedia,Antarctic blue whale,baleen whale,7,6,
aad,aad:Greenwich64S2015,-64.0053,0.0037,1.0,2015-07-21,Balaenoptera musculus intermedia,Antarctic blue whale,baleen whale,6,5,
aad,aad:Greenwich64S2015,-64.0053,0.0037,1.0,2015-07-23,Balaenoptera musculus intermedia,Antarctic blue whale,baleen whale,4,4,
aad,aad:Greenwich64S2015,-64.0053,0.0037,1.0,2015-07-25,Balaenoptera musculus intermedia,Antarctic blue whale,baleen whale,4,4,
aad,aad:Greenwich64S2015,-64.0053,0.0037,1.0,2015-07-27,Balaenoptera musculus intermedia,Antarctic blue whale,baleen whale,8,8,
aad,aad:Greenwich64S2015,-64.0053,0.0037,1.0,2015-07-29,Balaenoptera musculus intermedia,Antarctic blue whale,baleen whale,3,3,
aad,aad:Greenwich64S2015,-64.0053,0.0037,1.0,2015-07-30,Balaenoptera musculus intermedia,Antarctic blue whale,baleen whale,4,3,
aad,aad:Greenwich64S2015,-64.0053,0.0037,1.0,2015-08-01,Balaenoptera musculus intermedia,Antarctic blue whale,baleen whale,4,4,
aad,aad:Greenwich64S2015,-64.0053,0.0037,1.0,2015-08-03,Balaenoptera musculus intermedia,Antarctic blue whale,baleen whale,2,2,
aad,aad:Greenwich64S2015,-64.0053,0.0037,1.0,2015-08-03,Balaenoptera physalus,Fin whale,baleen whale,1,1,
aad,aad:Greenwich64S2015,-64.0053,0.0037,1.0,2015-08-05,Balaenoptera musculus intermedia,Antarctic blue whale,baleen whale,1,1,
aad,aad:Greenwich64S2015,-64.0053,0.0037,1.0,2015-08-07,Balaenoptera musculus intermedia,Antarctic blue whale,baleen whale,8,5,
aad,aad:Greenwich64S2015,-64.0053,0.0037,1.0,2015-08-09,Balaenoptera musculus intermedia,Antarctic blue whale,baleen whale,1,1,
aad,aad:Greenwich64S2015,-64.0053,0.0037,1.0,2015-08-11,Balaenoptera musculus intermedia,Antarctic blue whale,baleen whale,8,7,
aad,aad:Greenwich64S2015,-64.0053,0.0037,1.0,2015-08-13,Balaenoptera musculus intermedia,Antarctic blue whale,baleen whale,5,4,
aad,aad:Greenwich64S2015,-64.0053,0.0037,1.0,2015-08-15,Balaenoptera musculus intermedia,Antarctic blue whale,baleen whale,3,3,
aad,aad:Greenwich64S2015,-64.0053,0.0037,1.0,2015-08-17,Balaenoptera musculus intermedia,Antarctic blue whale,baleen whale,1,1,
aad,aad:Greenwich64S2015,-64.0053,0.0037,1.0,2015-08-24,Balaenoptera musculus intermedia,Antarctic blue whale,baleen whale,5,5,
aad,aad:Greenwich64S2015,-64.0053,0.0037,1.0,2015-08-26,Balaenoptera musculus intermedia,Antarctic blue whale,baleen whale,5,5,
aad,aad:Greenwich64S2015,-64.0053,0.0037,1.0,2015-08-28,Balaenoptera musculus intermedia,Antarctic blue whale,baleen whale,5,4,
aad,aad:Greenwich64S2015,-64.0053,0.0037,1.0,2015-08-30,Balaenoptera musculus intermedia,Antarctic blue whale,baleen whale,2,2,
aad,aad:Greenwich64S2015,-64.0053,0.0037,1.0,2015-09-01,Balaenoptera musculus intermedia,Antarctic blue whale,baleen whale,1,1,
aad,aad:Greenwich64S2015,-64.0053,0.0037,1.0,2015-09-03,Balaenoptera musculus intermedia,Antarctic blue whale,baleen whale,2,2,
aad,aad:Greenwich64S2015,-64.0053,0.0037,1.0,2015-09-05,Balaenoptera musculus intermedia,Antarctic blue whale,baleen whale,5,5,
aad,aad:Greenwich64S2015,-64.0053,0.0037,1.0,2015-09-07,Balaenoptera musculus intermedia,Antarctic blue whale,baleen whale,1,1,
aad,aad:Greenwich64S2015,-64.0053,0.0037,1.0,2015-09-09,Balaenoptera musculus intermedia,Antarctic blue whale,baleen whale,1,1,
aad,aad:Greenwich64S2015,-64.0053,0.0037,1.0,2015-09-15,Balaenoptera musculus intermedia,Antarctic blue whale,baleen whale,2,2,
aad,aad:Greenwich64S2015,-64.0053,0.0037,1.0,2015-09-17,Balaenoptera musculus intermedia,Antarctic blue whale,baleen whale,3,3,
aad,aad:Greenwich64S2015,-64.0053,0.0037,1.0,2015-09-18,Balaenoptera musculus intermedia,Antarctic blue whale,baleen whale,1,1,
aad,aad:Greenwich64S2015,-64.0053,0.0037,1.0,2015-09-20,Balaenoptera musculus intermedia,Antarctic blue whale,baleen whale,1,1,
aad,aad:Greenwich64S2015,-64.0053,0.0037,1.0,2015-09-22,Balaenoptera musculus intermedia,Antarctic blue whale,baleen whale,3,3,
aad,aad:Greenwich64S2015,-64.0053,0.0037,1.0,2015-09-28,Balaenoptera musculus intermedia,Antarctic blue whale,baleen whale,1,1,
aad,aad:Greenwich64S2015,-64.0053,0.0037,1.0,2015-09-30,Balaenoptera musculus intermedia,Antarctic blue whale,baleen whale,2,1,
aad,aad:Greenwich64S2015,-64.0053,0.0037,1.0,2015-10-02,Balaenoptera musculus intermedia,Antarctic blue whale,baleen whale,2,2,
aad,aad:Greenwich64S2015,-64.0053,0.0037,1.0,2015-10-04,Balaenoptera musculus intermedia,Antarctic blue whale,baleen whale,6,4,
aad,aad:Greenwich64S2015,-64.0053,0.0037,1.0,2015-10-06,Balaenoptera musculus intermedia,Antarctic blue whale,baleen whale,4,3,
aad,aad:Greenwich64S2015,-64.0053,0.0037,1.0,2015-10-08,Balaenoptera musculus intermedia,Antarctic blue whale,baleen whale,2,2,
aad,aad:Greenwich64S2015,-64.0053,0.0037,1.0,2015-10-11,Balaenoptera musculus intermedia,Antarctic blue whale,baleen whale,1,1,
aad,aad:Greenwich64S2015,-64.0053,0.0037,1.0,2015-10-16,Balaenoptera musculus intermedia,Antarctic blue whale,baleen whale,9,7,
aad,aad:Greenwich64S2015,-64.0053,0.0037,1.0,2015-10-16,Balaenoptera physalus,Fin whale,baleen whale,16,7,
aad,aad:Greenwich64S2015,-64.0053,0.0037,1.0,2015-10-17,Balaenoptera musculus intermedia,Antarctic blue whale,baleen whale,2,2,
aad,aad:Greenwich64S2015,-64.0053,0.0037,1.0,2015-10-19,Balaenoptera musculus intermedia,Antarctic blue whale,baleen whale,8,7,
aad,aad:Greenwich64S2015,-64.0053,0.0037,1.0,2015-10-21,Balaenoptera musculus intermedia,Antarctic blue whale,baleen whale,4,3,
aad,aad:Greenwich64S2015,-64.0053,0.0037,1.0,2015-10-25,Balaenoptera musculus intermedia,Antarctic blue whale,baleen whale,1,1,
aad,aad:Greenwich64S2015,-64.0053,0.0037,1.0,2015-10-27,Balaenoptera musculus intermedia,Antarctic blue whale,baleen whale,9,9,
aad,aad:Greenwich64S2015,-64.0053,0.0037,1.0,2015-10-29,Balaenoptera musculus intermedia,Antarctic blue whale,baleen whale,8,6,
aad,aad:Greenwich64S2015,-64.0053,0.0037,1.0,2015-10-31,Balaenoptera musculus intermedia,Antarctic blue whale,baleen whale,4,3,
aad,aad:Greenwich64S2015,-64.0053,0.0037,1.0,2015-11-02,Balaenoptera musculus intermedia,Antarctic blue whale,baleen whale,5,5,
aad,aad:Greenwich64S2015,-64.0053,0.0037,1.0,2015-11-04,Balaenoptera musculus intermedia,Antarctic blue whale,baleen whale,3,2,
aad,aad:Greenwich64S2015,-64.0053,0.0037,1.0,2015-11-05,Balaenoptera musculus intermedia,Antarctic blue whale,baleen whale,8,7,
aad,aad:Greenwich64S2015,-64.0053,0.0037,1.0,2015-11-07,Balaenoptera musculus intermedia,Antarctic blue whale,baleen whale,8,7,
aad,aad:Greenwich64S2015,-64.0053,0.0037,1.0,2015-11-09,Balaenoptera musculus intermedia,Antarctic blue whale,baleen whale,8,7,
aad,aad:Greenwich64S2015,-64.0053,0.0037,1.0,2015-11-11,Balaenoptera musculus intermedia,Antarctic blue whale,baleen whale,13,7,
aad,aad:Greenwich64S2015,-64.0053,0.0037,1.0,2015-11-13,Balaenoptera musculus intermedia,Antarctic blue whale,baleen whale,10,8,
aad,aad:Greenwich64S2015,-64.0053,0.0037,1.0,2015-11-15,Balaenoptera musculus intermedia,Antarctic blue whale,baleen whale,12,7,
aad,aad:Greenwich64S2015,-64.0053,0.0037,1.0,2015-11-17,Balaenoptera musculus intermedia,Antarctic blue whale,baleen whale,2,2,
aad,aad:Greenwich64S2015,-64.0053,0.0037,1.0,2015-11-19,Balaenoptera musculus intermedia,Antarctic blue whale,baleen whale,7,7,
aad,aad:Greenwich64S2015,-64.0053,0.0037,1.0,2015-11-21,Balaenoptera musculus intermedia,Antarctic blue whale,baleen whale,11,9,
aad,aad:Greenwich64S2015,-64.0053,0.0037,1.0,2015-11-23,Balaenoptera musculus intermedia,Antarctic blue whale,baleen whale,13,10,
aad,aad:Greenwich64S2015,-64.0053,0.0037,1.0,2015-11-25,Balaenoptera musculus intermedia,Antarctic blue whale,baleen whale,14,6,
aad,aad:Greenwich64S2015,-64.0053,0.0037,1.0,2015-11-27,Balaenoptera musculus intermedia,Antarctic blue whale,baleen whale,12,8,
aad,aad:Greenwich64S2015,-64.0053,0.0037,1.0,2015-11-28,Balaenoptera musculus intermedia,Antarctic blue whale,baleen whale,11,8,
aad,aad:Greenwich64S2015,-64.0053,0.0037,1.0,2015-11-30,Balaenoptera musculus intermedia,Antarctic blue whale,baleen whale,7,6,
aad,aad:Greenwich64S2015,-64.0053,0.0037,1.0,2015-12-02,Balaenoptera musculus intermedia,Antarctic blue whale,baleen whale,10,6,
aad,aad:Greenwich64S2015,-64.0053,0.0037,1.0,2015-12-04,Balaenoptera musculus intermedia,Antarctic blue whale,baleen whale,12,9,
aad,aad:Greenwich64S2015,-64.0053,0.0037,1.0,2015-12-08,Balaenoptera musculus intermedia,Antarctic blue whale,baleen whale,8,7,
aad,aad:Greenwich64S2015,-64.0053,0.0037,1.0,2015-12-10,Balaenoptera musculus intermedia,Antarctic blue whale,baleen whale,6,5,
aad,aad:Greenwich64S2015,-64.0053,0.0037,1.0,2015-12-12,Balaenoptera musculus intermedia,Antarctic blue whale,baleen whale,8,7,
aad,aad:Greenwich64S2015,-64.0053,0.0037,1.0,2015-12-14,Balaenoptera musculus intermedia,Antarctic blue whale,baleen whale,7,6,
aad,aad:Greenwich64S2015,-64.0053,0.0037,1.0,2015-12-16,Balaenoptera musculus intermedia,Antarctic blue whale,baleen whale,14,10,
aad,aad:Greenwich64S2015,-64.0053,0.0037,1.0,2015-12-18,Balaenoptera musculus intermedia,Antarctic blue whale,baleen whale,11,6,
aad,aad:Greenwich64S2015,-64.0053,0.0037,1.0,2015-12-20,Balaenoptera musculus intermedia,Antarctic blue whale,baleen whale,44,24,
aad,aad:Greenwich64S2015,-64.0053,0.0037,1.0,2015-12-23,Balaenoptera musculus intermedia,Antarctic blue whale,baleen whale,30,16,
aad,aad:Greenwich64S2015,-64.0053,0.0037,1.0,2015-12-25,Balaenoptera musculus intermedia,Antarctic blue whale,baleen whale,18,16,
aad,aad:Greenwich64S2015,-64.0053,0.0037,1.0,2015-12-27,Balaenoptera musculus intermedia,Antarctic blue whale,baleen whale,3,3,
aad,aad:Greenwich64S2015,-64.0053,0.0037,1.0,2015-12-29,Balaenoptera musculus intermedia,Antarctic blue whale,baleen whale,13,9,
aad,aad:MaudRise2014,-65.0,2.5,1.0,2014-01-12,Balaenoptera musculus intermedia,Antarctic blue whale,baleen whale,9,8,
aad,aad:MaudRise2014,-65.0,2.5,1.0,2014-01-13,Balaenoptera musculus intermedia,Antarctic blue whale,baleen whale,2,2,
aad,aad:MaudRise2014,-65.0,2.5,1.0,2014-01-13,Balaenoptera physalus,Fin whale,baleen whale,10,5,
aad,aad:MaudRise2014,-65.0,2.5,1.0,2014-01-14,Balaenoptera musculus intermedia,Antarctic blue whale,baleen whale,8,8,
aad,aad:MaudRise2014,-65.0,2.5,1.0,2014-01-16,Balaenoptera musculus intermedia,Antarctic blue whale,baleen whale,31,23,
aad,aad:MaudRise2014,-65.0,2.5,1.0,2014-01-17,Balaenoptera musculus intermedia,Antarctic blue whale,baleen whale,35,24,
aad,aad:MaudRise2014,-65.0,2.5,1.0,2014-01-18,Balaenoptera musculus intermedia,Antarctic blue whale,baleen whale,22,17,
aad,aad:MaudRise2014,-65.0,2.5,1.0,2014-01-18,Balaenoptera physalus,Fin whale,baleen whale,1,1,
aad,aad:MaudRise2014,-65.0,2.5,1.0,2014-01-19,Balaenoptera musculus intermedia,Antarctic blue whale,baleen whale,40,23,
aad,aad:MaudRise2014,-65.0,2.5,1.0,2014-01-21,Balaenoptera musculus intermedia,Antarctic blue whale,baleen whale,29,21,
aad,aad:MaudRise2014,-65.0,2.5,1.0,2014-01-22,Balaenoptera musculus intermedia,Antarctic blue whale,baleen whale,32,23,
aad,aad:MaudRise2014,-65.0,2.5,1.0,2014-01-23,Balaenoptera musculus intermedia,Antarctic blue whale,baleen whale,33,20,
aad,aad:MaudRise2014,-65.0,2.5,1.0,2014-01-24,Balaenoptera musculus intermedia,Antarctic blue whale,baleen whale,14,11,
aad,aad:MaudRise2014,-65.0,2.5,1.0,2014-01-26,Balaenoptera musculus intermedia,Antarctic blue whale,baleen whale,25,18,
aad,aad:MaudRise2014,-65.0,2.5,1.0,2014-01-26,Balaenoptera physalus,Fin whale,baleen whale,13,7,
aad,aad:MaudRise2014,-65.0,2.5,1.0,2014-01-27,Balaenoptera musculus intermedia,Antarctic blue whale,baleen whale,41,20,
aad,aad:MaudRise2014,-65.0,2.5,1.0,2014-01-28,Balaenoptera musculus intermedia,Antarctic blue whale,baleen whale,24,14,
aad,aad:MaudRise2014,-65.0,2.5,1.0,2014-01-29,Balaenoptera musculus intermedia,Antarctic blue whale,baleen whale,58,25,
aad,aad:MaudRise2014,-65.0,2.5,1.0,2014-01-29,Balaenoptera physalus,Fin whale,baleen whale,1,1,
aad,aad:MaudRise2014,-65.0,2.5,1.0,2014-01-31,Balaenoptera musculus intermedia,Antarctic blue whale,baleen whale,56,28,
aad,aad:MaudRise2014,-65.0,2.5,1.0,2014-02-01,Balaenoptera musculus intermedia,Antarctic blue whale,baleen whale,48,26,
aad,aad:MaudRise2014,-65.0,2.5,1.0,2014-02-02,Balaenoptera musculus intermedia,Antarctic blue whale,baleen whale,60,23,
aad,aad:MaudRise2014,-65.0,2.5,1.0,2014-02-03,Balaenoptera musculus intermedia,Antarctic blue whale,baleen whale,57,27,
aad,aad:MaudRise2014,-65.0,2.5,1.0,2014-02-05,Balaenoptera musculus intermedia,Antarctic blue whale,baleen whale,38,20,
aad,aad:MaudRise2014,-65.0,2.5,1.0,2014-02-06,Balaenoptera musculus intermedia,Antarctic blue whale,baleen whale,88,41,
aad,aad:MaudRise2014,-65.0,2.5,1.0,2014-02-07,Balaenoptera musculus intermedia,Antarctic blue whale,baleen whale,46,23,
aad,aad:MaudRise2014,-65.0,2.5,1.0,2014-02-08,Balaenoptera musculus intermedia,Antarctic blue whale,baleen whale,70,26,
aad,aad:MaudRise2014,-65.0,2.5,1.0,2014-02-10,Balaenoptera musculus intermedia,Antarctic blue whale,baleen whale,48,23,
aad,aad:MaudRise2014,-65.0,2.5,1.0,2014-02-11,Balaenoptera musculus intermedia,Antarctic blue whale,baleen whale,46,21,
aad,aad:MaudRise2014,-65.0,2.5,1.0,2014-02-12,Balaenoptera musculus intermedia,Antarctic blue whale,baleen whale,39,22,
aad,aad:MaudRise2014,-65.0,2.5,1.0,2014-02-13,Balaenoptera musculus intermedia,Antarctic blue whale,baleen whale,42,24,
aad,aad:MaudRise2014,-65.0,2.5,1.0,2014-02-15,Balaenoptera musculus intermedia,Antarctic blue whale,baleen whale,23,16,
aad,aad:MaudRise2014,-65.0,2.5,1.0,2014-02-16,Balaenoptera musculus intermedia,Antarctic blue whale,baleen whale,27,20,
aad,aad:MaudRise2014,-65.0,2.5,1.0,2014-02-17,Balaenoptera musculus intermedia,Antarctic blue whale,baleen whale,45,21,
aad,aad:MaudRise2014,-65.0,2.5,1.0,2014-02-18,Balaenoptera musculus intermedia,Antarctic blue whale,baleen whale,29,18,
aad,aad:MaudRise2014,-65.0,2.5,1.0,2014-02-20,Balaenoptera musculus intermedia,Antarctic blue whale,baleen whale,24,19,
aad,aad:MaudRise2014,-65.0,2.5,1.0,2014-02-21,Balaenoptera musculus intermedia,Antarctic blue whale,baleen whale,33,23,
aad,aad:MaudRise2014,-65.0,2.5,1.0,2014-02-22,Balaenoptera musculus intermedia,Antarctic blue whale,baleen whale,28,24,
aad,aad:MaudRise2014,-65.0,2.5,1.0,2014-02-23,Balaenoptera musculus intermedia,Antarctic blue whale,baleen whale,35,17,
aad,aad:MaudRise2014,-65.0,2.5,1.0,2014-02-25,Balaenoptera musculus intermedia,Antarctic blue whale,baleen whale,15,10,
aad,aad:MaudRise2014,-65.0,2.5,1.0,2014-02-26,Balaenoptera musculus intermedia,Antarctic blue whale,baleen whale,17,15,
aad,aad:MaudRise2014,-65.0,2.5,1.0,2014-02-27,Balaenoptera musculus intermedia,Antarctic blue whale,baleen whale,13,9,
aad,aad:MaudRise2014,-65.0,2.5,1.0,2014-02-28,Balaenoptera musculus intermedia,Antarctic blue whale,baleen whale,23,17,
aad,aad:MaudRise2014,-65.0,2.5,1.0,2014-03-02,Balaenoptera musculus intermedia,Antarctic blue whale,baleen whale,16,14,
aad,aad:MaudRise2014,-65.0,2.5,1.0,2014-03-03,Balaenoptera musculus intermedia,Antarctic blue whale,baleen whale,11,10,
aad,aad:MaudRise2014,-65.0,2.5,1.0,2014-03-04,Balaenoptera musculus intermedia,Antarctic blue whale,baleen whale,15,12,
aad,aad:MaudRise2014,-65.0,2.5,1.0,2014-03-05,Balaenoptera musculus intermedia,Antarctic blue whale,baleen whale,20,15,
aad,aad:MaudRise2014,-65.0,2.5,1.0,2014-03-07,Balaenoptera musculus intermedia,Antarctic blue whale,baleen whale,14,12,
aad,aad:MaudRise2014,-65.0,2.5,1.0,2014-03-08,Balaenoptera musculus intermedia,Antarctic blue whale,baleen whale,15,13,
aad,aad:MaudRise2014,-65.0,2.5,1.0,2014-03-09,Balaenoptera musculus intermedia,Antarctic blue whale,baleen whale,20,14,
aad,aad:MaudRise2014,-65.0,2.5,1.0,2014-03-09,Balaenoptera physalus,Fin whale,baleen whale,1,1,
aad,aad:MaudRise2014,-65.0,2.5,1.0,2014-03-10,Balaenoptera musculus intermedia,Antarctic blue whale,baleen whale,30,23,
aad,aad:MaudRise2014,-65.0,2.5,1.0,2014-03-12,Balaenoptera musculus intermedia,Antarctic blue whale,baleen whale,40,24,
aad,aad:MaudRise2014,-65.0,2.5,1.0,2014-03-13,Balaenoptera musculus intermedia,Antarctic blue whale,baleen whale,24,20,
aad,aad:MaudRise2014,-65.0,2.5,1.0,2014-03-14,Balaenoptera musculus intermedia,Antarctic blue whale,baleen whale,23,17,
aad,aad:MaudRise2014,-65.0,2.5,1.0,2014-03-15,Balaenoptera musculus intermedia,Antarctic blue whale,baleen whale,28,14,
aad,aad:MaudRise2014,-65.0,2.5,1.0,2014-03-16,Balaenoptera musculus intermedia,Antarctic blue whale,baleen whale,14,11,
aad,aad:MaudRise2014,-65.0,2.5,1.0,2014-03-18,Balaenoptera musculus intermedia,Antarctic blue whale,baleen whale,17,12,
aad,aad:MaudRise2014,-65.0,2.5,1.0,2014-03-19,Balaenoptera musculus intermedia,Antarctic blue whale,baleen whale,28,18,
aad,aad:MaudRise2014,-65.0,2.5,1.0,2014-03-20,Balaenoptera musculus intermedia,Antarctic blue whale,baleen whale,17,15,
aad,aad:MaudRise2014,-65.0,2.5,1.0,2014-03-21,Balaenoptera musculus intermedia,Antarctic blue whale,baleen whale,19,13,
aad,aad:MaudRise2014,-65.0,2.5,1.0,2014-03-21,Balaenoptera physalus,Fin whale,baleen whale,2,1,
aad,aad:MaudRise2014,-65.0,2.5,1.0,2014-03-23,Balaenoptera musculus intermedia,Antarctic blue whale,baleen whale,16,13,
aad,aad:MaudRise2014,-65.0,2.5,1.0,2014-03-24,Balaenoptera musculus intermedia,Antarctic blue whale,baleen whale,7,6,
aad,aad:MaudRise2014,-65.0,2.5,1.0,2014-03-25,Balaenoptera musculus intermedia,Antarctic blue whale,baleen whale,11,9,
aad,aad:MaudRise2014,-65.0,2.5,1.0,2014-03-26,Balaenoptera musculus intermedia,Antarctic blue whale,baleen whale,4,4,
aad,aad:MaudRise2014,-65.0,2.5,1.0,2014-03-28,Balaenoptera musculus intermedia,Antarctic blue whale,baleen whale,6,6,
aad,aad:MaudRise2014,-65.0,2.5,1.0,2014-03-29,Balaenoptera musculus intermedia,Antarctic blue whale,baleen whale,8,7,
aad,aad:MaudRise2014,-65.0,2.5,1.0,2014-03-30,Balaenoptera musculus intermedia,Antarctic blue whale,baleen whale,7,7,
aad,aad:MaudRise2014,-65.0,2.5,1.0,2014-03-31,Balaenoptera musculus intermedia,Antarctic blue whale,baleen whale,35,20,
aad,aad:MaudRise2014,-65.0,2.5,1.0,2014-03-31,Balaenoptera physalus,Fin whale,baleen whale,1,1,
aad,aad:MaudRise2014,-65.0,2.5,1.0,2014-04-02,Balaenoptera musculus intermedia,Antarctic blue whale,baleen whale,16,11,
aad,aad:MaudRise2014,-65.0,2.5,1.0,2014-04-03,Balaenoptera musculus intermedia,Antarctic blue whale,baleen whale,19,16,
aad,aad:MaudRise2014,-65.0,2.5,1.0,2014-04-04,Balaenoptera musculus intermedia,Antarctic blue whale,baleen whale,15,12,
aad,aad:MaudRise2014,-65.0,2.5,1.0,2014-04-05,Balaenoptera musculus intermedia,Antarctic blue whale,baleen whale,3,3,
aad,aad:MaudRise2014,-65.0,2.5,1.0,2014-04-07,Balaenoptera musculus intermedia,Antarctic blue whale,baleen whale,8,6,
aad,aad:MaudRise2014,-65.0,2.5,1.0,2014-04-09,Balaenoptera musculus intermedia,Antarctic blue whale,baleen whale,7,7,
aad,aad:MaudRise2014,-65.0,2.5,1.0,2014-04-10,Balaenoptera musculus intermedia,Antarctic blue whale,baleen whale,20,16,
aad,aad:MaudRise2014,-65.0,2.5,1.0,2014-04-12,Balaenoptera musculus intermedia,Antarctic blue whale,baleen whale,5,5,
aad,aad:MaudRise2014,-65.0,2.5,1.0,2014-04-13,Balaenoptera musculus intermedia,Antarctic blue whale,baleen whale,2,2,
aad,aad:MaudRise2014,-65.0,2.5,1.0,2014-04-14,Balaenoptera musculus intermedia,Antarctic blue whale,baleen whale,3,3,
aad,aad:MaudRise2014,-65.0,2.5,1.0,2014-04-15,Balaenoptera musculus intermedia,Antarctic blue whale,baleen whale,4,4,
aad,aad:MaudRise2014,-65.0,2.5,1.0,2014-04-17,Balaenoptera musculus intermedia,Antarctic blue whale,baleen whale,6,6,
aad,aad:MaudRise2014,-65.0,2.5,1.0,2014-04-18,Balaenoptera musculus intermedia,Antarctic blue whale,baleen whale,3,3,
aad,aad:MaudRise2014,-65.0,2.5,1.0,2014-04-19,Balaenoptera musculus intermedia,Antarctic blue whale,baleen whale,11,9,
aad,aad:MaudRise2014,-65.0,2.5,1.0,2014-04-20,Balaenoptera musculus intermedia,Antarctic blue whale,baleen whale,3,3,
aad,aad:MaudRise2014,-65.0,2.5,1.0,2014-04-22,Balaenoptera musculus intermedia,Antarctic blue whale,baleen whale,4,4,
aad,aad:MaudRise2014,-65.0,2.5,1.0,2014-04-23,Balaenoptera musculus intermedia,Antarctic blue whale,baleen whale,9,9,
aad,aad:MaudRise2014,-65.0,2.5,1.0,2014-04-24,Balaenoptera musculus intermedia,Antarctic blue whale,baleen whale,10,10,
aad,aad:MaudRise2014,-65.0,2.5,1.0,2014-04-25,Balaenoptera musculus intermedia,Antarctic blue whale,baleen whale,4,4,
aad,aad:MaudRise2014,-65.0,2.5,1.0,2014-04-25,Balaenoptera physalus,Fin whale,baleen whale,1,1,
aad,aad:MaudRise2014,-65.0,2.5,1.0,2014-04-27,Balaenoptera musculus intermedia,Antarctic blue whale,baleen whale,4,4,
aad,aad:MaudRise2014,-65.0,2.5,1.0,2014-04-28,Balaenoptera musculus intermedia,Antarctic blue whale,baleen whale,11,8,
aad,aad:MaudRise2014,-65.0,2.5,1.0,2014-04-29,Balaenoptera musculus intermedia,Antarctic blue whale,baleen whale,21,14,
aad,aad:MaudRise2014,-65.0,2.5,1.0,2014-04-30,Balaenoptera musculus intermedia,Antarctic blue whale,baleen whale,3,3,
aad,aad:MaudRise2014,-65.0,2.5,1.0,2014-05-02,Balaenoptera musculus intermedia,Antarctic blue whale,baleen whale,3,3,
aad,aad:MaudRise2014,-65.0,2.5,1.0,2014-05-03,Balaenoptera musculus intermedia,Antarctic blue whale,baleen whale,8,7,
aad,aad:MaudRise2014,-65.0,2.5,1.0,2014-05-04,Balaenoptera musculus intermedia,Antarctic blue whale,baleen whale,4,4,
aad,aad:MaudRise2014,-65.0,2.5,1.0,2014-05-05,Balaenoptera musculus intermedia,Antarctic blue whale,baleen whale,2,2,
aad,aad:MaudRise2014,-65.0,2.5,1.0,2014-05-07,Balaenoptera musculus intermedia,Antarctic blue whale,baleen whale,4,4,
aad,aad:MaudRise2014,-65.0,2.5,1.0,2014-05-08,Balaenoptera musculus intermedia,Antarctic blue whale,baleen whale,3,3,
aad,aad:MaudRise2014,-65.0,2.5,1.0,2014-05-10,Balaenoptera musculus intermedia,Antarctic blue whale,baleen whale,3,2,
aad,aad:MaudRise2014,-65.0,2.5,1.0,2014-05-12,Balaenoptera musculus intermedia,Antarctic blue whale,baleen whale,3,3,
aad,aad:MaudRise2014,-65.0,2.5,1.0,2014-05-12,Balaenoptera physalus,Fin whale,baleen whale,15,12,
aad,aad:MaudRise2014,-65.0,2.5,1.0,2014-05-13,Balaenoptera musculus intermedia,Antarctic blue whale,baleen whale,1,1,
aad,aad:MaudRise2014,-65.0,2.5,1.0,2014-05-14,Balaenoptera musculus intermedia,Antarctic blue whale,baleen whale,6,5,
aad,aad:MaudRise2014,-65.0,2.5,1.0,2014-05-15,Balaenoptera musculus intermedia,Antarctic blue whale,baleen whale,2,2,
aad,aad:MaudRise2014,-65.0,2.5,1.0,2014-05-16,Balaenoptera musculus intermedia,Antarctic blue whale,baleen whale,7,7,
aad,aad:MaudRise2014,-65.0,2.5,1.0,2014-05-18,Balaenoptera musculus intermedia,Antarctic blue whale,baleen whale,4,4,
aad,aad:MaudRise2014,-65.0,2.5,1.0,2014-05-18,Balaenoptera physalus,Fin whale,baleen whale,1,1,
aad,aad:MaudRise2014,-65.0,2.5,1.0,2014-05-19,Balaenoptera musculus intermedia,Antarctic blue whale,baleen whale,2,2,
aad,aad:MaudRise2014,-65.0,2.5,1.0,2014-05-20,Balaenoptera musculus intermedia,Antarctic blue whale,baleen whale,6,5,
aad,aad:MaudRise2014,-65.0,2.5,1.0,2014-05-21,Balaenoptera musculus intermedia,Antarctic blue whale,baleen whale,8,6,
aad,aad:MaudRise2014,-65.0,2.5,1.0,2014-05-21,Balaenoptera physalus,Fin whale,baleen whale,9,9,
aad,aad:MaudRise2014,-65.0,2.5,1.0,2014-05-23,Balaenoptera musculus intermedia,Antarctic blue whale,baleen whale,5,5,
aad,aad:MaudRise2014,-65.0,2.5,1.0,2014-05-24,Balaenoptera musculus intermedia,Antarctic blue whale,baleen whale,10,6,
aad,aad:MaudRise2014,-65.0,2.5,1.0,2014-05-25,Balaenoptera musculus intermedia,Antarctic blue whale,baleen whale,2,2,
aad,aad:MaudRise2014,-65.0,2.5,1.0,2014-05-26,Balaenoptera musculus intermedia,Antarctic blue whale,baleen whale,1,1,
aad,aad:MaudRise2014,-65.0,2.5,1.0,2014-05-28,Balaenoptera musculus intermedia,Antarctic blue whale,baleen whale,3,3,
aad,aad:MaudRise2014,-65.0,2.5,1.0,2014-05-29,Balaenoptera musculus intermedia,Antarctic blue whale,baleen whale,9,7,
aad,aad:MaudRise2014,-65.0,2.5,1.0,2014-05-30,Balaenoptera musculus intermedia,Antarctic blue whale,baleen whale,7,6,
aad,aad:MaudRise2014,-65.0,2.5,1.0,2014-05-30,Balaenoptera physalus,Fin whale,baleen whale,4,4,
aad,aad:MaudRise2014,-65.0,2.5,1.0,2014-06-02,Balaenoptera musculus intermedia,Antarctic blue whale,baleen whale,3,3,
aad,aad:MaudRise2014,-65.0,2.5,1.0,2014-06-03,Balaenoptera musculus intermedia,Antarctic blue whale,baleen whale,2,2,
aad,aad:MaudRise2014,-65.0,2.5,1.0,2014-06-04,Balaenoptera musculus intermedia,Antarctic blue whale,baleen whale,5,5,
aad,aad:MaudRise2014,-65.0,2.5,1.0,2014-06-05,Balaenoptera musculus intermedia,Antarctic blue whale,baleen whale,2,1,
aad,aad:MaudRise2014,-65.0,2.5,1.0,2014-06-07,Balaenoptera musculus intermedia,Antarctic blue whale,baleen whale,1,1,
aad,aad:MaudRise2014,-65.0,2.5,1.0,2014-06-07,Balaenoptera physalus,Fin whale,baleen whale,8,6,
aad,aad:MaudRise2014,-65.0,2.5,1.0,2014-06-08,Balaenoptera musculus intermedia,Antarctic blue whale,baleen whale,6,5,
aad,aad:MaudRise2014,-65.0,2.5,1.0,2014-06-09,Balaenoptera musculus intermedia,Antarctic blue whale,baleen whale,4,4,
aad,aad:MaudRise2014,-65.0,2.5,1.0,2014-06-09,Balaenoptera physalus,Fin whale,baleen whale,11,9,
aad,aad:MaudRise2014,-65.0,2.5,1.0,2014-06-10,Balaenoptera musculus intermedia,Antarctic blue whale,baleen whale,5,4,
aad,aad:MaudRise2014,-65.0,2.5,1.0,2014-06-13,Balaenoptera musculus intermedia,Antarctic blue whale,baleen whale,2,2,
aad,aad:MaudRise2014,-65.0,2.5,1.0,2014-06-13,Balaenoptera physalus,Fin whale,baleen whale,1,1,
aad,aad:MaudRise2014,-65.0,2.5,1.0,2014-06-14,Balaenoptera musculus intermedia,Antarctic blue whale,baleen whale,1,1,
aad,aad:MaudRise2014,-65.0,2.5,1.0,2014-06-15,Balaenoptera musculus intermedia,Antarctic blue whale,baleen whale,2,2,
aad,aad:MaudRise2014,-65.0,2.5,1.0,2014-06-17,Balaenoptera musculus intermedia,Antarctic blue whale,baleen whale,1,1,
aad,aad:MaudRise2014,-65.0,2.5,1.0,2014-06-19,Balaenoptera musculus intermedia,Antarctic blue whale,baleen whale,4,3,
aad,aad:MaudRise2014,-65.0,2.5,1.0,2014-06-22,Balaenoptera musculus intermedia,Antarctic blue whale,baleen whale,2,2,
aad,aad:MaudRise2014,-65.0,2.5,1.0,2014-06-22,Balaenoptera physalus,Fin whale,baleen whale,2,1,
aad,aad:MaudRise2014,-65.0,2.5,1.0,2014-06-23,Balaenoptera musculus intermedia,Antarctic blue whale,baleen whale,3,3,
aad,aad:MaudRise2014,-65.0,2.5,1.0,2014-06-24,Balaenoptera musculus intermedia,Antarctic blue whale,baleen whale,3,2,
aad,aad:MaudRise2014,-65.0,2.5,1.0,2014-06-28,Balaenoptera musculus intermedia,Antarctic blue whale,baleen whale,1,1,
aad,aad:MaudRise2014,-65.0,2.5,1.0,2014-06-29,Balaenoptera musculus intermedia,Antarctic blue whale,baleen whale,3,3,
aad,aad:MaudRise2014,-65.0,2.5,1.0,2014-06-30,Balaenoptera musculus intermedia,Antarctic blue whale,baleen whale,4,3,
aad,aad:MaudRise2014,-65.0,2.5,1.0,2014-07-02,Balaenoptera musculus intermedia,Antarctic blue whale,baleen whale,2,2,
aad,aad:MaudRise2014,-65.0,2.5,1.0,2014-07-02,Balaenoptera physalus,Fin whale,baleen whale,1,1,
aad,aad:MaudRise2014,-65.0,2.5,1.0,2014-07-03,Balaenoptera musculus intermedia,Antarctic blue whale,baleen whale,3,3,
aad,aad:MaudRise2014,-65.0,2.5,1.0,2014-07-03,Balaenoptera physalus,Fin whale,baleen whale,1,1,
aad,aad:MaudRise2014,-65.0,2.5,1.0,2014-07-04,Balaenoptera musculus intermedia,Antarctic blue whale,baleen whale,4,4,
aad,aad:MaudRise2014,-65.0,2.5,1.0,2014-07-05,Balaenoptera musculus intermedia,Antarctic blue whale,baleen whale,2,2,
aad,aad:MaudRise2014,-65.0,2.5,1.0,2014-07-07,Balaenoptera musculus intermedia,Antarctic blue whale,baleen whale,2,2,
aad,aad:MaudRise2014,-65.0,2.5,1.0,2014-07-09,Balaenoptera musculus intermedia,Antarctic blue whale,baleen whale,4,4,
aad,aad:MaudRise2014,-65.0,2.5,1.0,2014-07-10,Balaenoptera musculus intermedia,Antarctic blue whale,baleen whale,6,6,
aad,aad:MaudRise2014,-65.0,2.5,1.0,2014-07-12,Balaenoptera musculus intermedia,Antarctic blue whale,baleen whale,6,5,
aad,aad:MaudRise2014,-65.0,2.5,1.0,2014-07-12,Balaenoptera physalus,Fin whale,baleen whale,1,1,
aad,aad:MaudRise2014,-65.0,2.5,1.0,2014-07-13,Balaenoptera musculus intermedia,Antarctic blue whale,baleen whale,9,8,
aad,aad:MaudRise2014,-65.0,2.5,1.0,2014-07-14,Balaenoptera musculus intermedia,Antarctic blue whale,baleen whale,6,5,
aad,aad:MaudRise2014,-65.0,2.5,1.0,2014-07-15,Balaenoptera musculus intermedia,Antarctic blue whale,baleen whale,3,3,
aad,aad:MaudRise2014,-65.0,2.5,1.0,2014-07-15,Balaenoptera physalus,Fin whale,baleen whale,1,1,
aad,aad:MaudRise2014,-65.0,2.5,1.0,2014-07-16,Balaenoptera musculus intermedia,Antarctic blue whale,baleen whale,2,2,
aad,aad:MaudRise2014,-65.0,2.5,1.0,2014-07-19,Balaenoptera musculus intermedia,Antarctic blue whale,baleen whale,3,3,
aad,aad:MaudRise2014,-65.0,2.5,1.0,2014-07-20,Balaenoptera musculus intermedia,Antarctic blue whale,baleen whale,3,3,
aad,aad:MaudRise2014,-65.0,2.5,1.0,2014-07-23,Balaenoptera musculus intermedia,Antarctic blue whale,baleen whale,2,2,
aad,aad:MaudRise2014,-65.0,2.5,1.0,2014-07-24,Balaenoptera musculus intermedia,Antarctic blue whale,baleen whale,7,6,
aad,aad:MaudRise2014,-65.0,2.5,1.0,2014-07-25,Balaenoptera musculus intermedia,Antarctic blue whale,baleen whale,1,1,
aad,aad:MaudRise2014,-65.0,2.5,1.0,2014-07-26,Balaenoptera musculus intermedia,Antarctic blue whale,baleen whale,1,1,
aad,aad:MaudRise2014,-65.0,2.5,1.0,2014-07-28,Balaenoptera musculus intermedia,Antarctic blue whale,baleen whale,1,1,
aad,aad:MaudRise2014,-65.0,2.5,1.0,2014-07-29,Balaenoptera musculus intermedia,Antarctic blue whale,baleen whale,5,4,
aad,aad:MaudRise2014,-65.0,2.5,1.0,2014-07-30,Balaenoptera musculus intermedia,Antarctic blue whale,baleen whale,7,7,
aad,aad:MaudRise2014,-65.0,2.5,1.0,2014-07-31,Balaenoptera musculus intermedia,Antarctic blue whale,baleen whale,2,2,
aad,aad:MaudRise2014,-65.0,2.5,1.0,2014-08-02,Balaenoptera musculus intermedia,Antarctic blue whale,baleen whale,7,5,
aad,aad:MaudRise2014,-65.0,2.5,1.0,2014-08-03,Balaenoptera musculus intermedia,Antarctic blue whale,baleen whale,2,2,
aad,aad:MaudRise2014,-65.0,2.5,1.0,2014-08-04,Balaenoptera musculus intermedia,Antarctic blue whale,baleen whale,5,5,
aad,aad:MaudRise2014,-65.0,2.5,1.0,2014-08-05,Balaenoptera musculus intermedia,Antarctic blue whale,baleen whale,2,2,
aad,aad:MaudRise2014,-65.0,2.5,1.0,2014-08-07,Balaenoptera musculus intermedia,Antarctic blue whale,baleen whale,1,1,
aad,aad:MaudRise2014,-65.0,2.5,1.0,2014-08-08,Balaenoptera musculus intermedia,Antarctic blue whale,baleen whale,3,3,
aad,aad:MaudRise2014,-65.0,2.5,1.0,2014-08-10,Balaenoptera musculus intermedia,Antarctic blue whale,baleen whale,3,3,
aad,aad:MaudRise2014,-65.0,2.5,1.0,2014-08-12,Balaenoptera musculus intermedia,Antarctic blue whale,baleen whale,4,3,
aad,aad:MaudRise2014,-65.0,2.5,1.0,2014-08-13,Balaenoptera musculus intermedia,Antarctic blue whale,baleen whale,9,7,
aad,aad:MaudRise2014,-65.0,2.5,1.0,2014-08-14,Balaenoptera musculus intermedia,Antarctic blue whale,baleen whale,2,2,
aad,aad:MaudRise2014,-65.0,2.5,1.0,2014-08-15,Balaenoptera musculus intermedia,Antarctic blue whale,baleen whale,1,1,
aad,aad:MaudRise2014,-65.0,2.5,1.0,2014-08-17,Balaenoptera musculus intermedia,Antarctic blue whale,baleen whale,1,1,
aad,aad:MaudRise2014,-65.0,2.5,1.0,2014-08-19,Balaenoptera musculus intermedia,Antarctic blue whale,baleen whale,4,4,
aad,aad:MaudRise2014,-65.0,2.5,1.0,2014-08-20,Balaenoptera musculus intermedia,Antarctic blue whale,baleen whale,1,1,
aad,aad:MaudRise2014,-65.0,2.5,1.0,2014-08-22,Balaenoptera musculus intermedia,Antarctic blue whale,baleen whale,1,1,
aad,aad:MaudRise2014,-65.0,2.5,1.0,2014-08-25,Balaenoptera physalus,Fin whale,baleen whale,7,7,
aad,aad:MaudRise2014,-65.0,2.5,1.0,2014-08-27,Balaenoptera musculus intermedia,Antarctic blue whale,baleen whale,4,4,
aad,aad:MaudRise2014,-65.0,2.5,1.0,2014-08-27,Balaenoptera physalus,Fin whale,baleen whale,6,6,
aad,aad:MaudRise2014,-65.0,2.5,1.0,2014-08-28,Balaenoptera musculus intermedia,Antarctic blue whale,baleen whale,8,7,
aad,aad:MaudRise2014,-65.0,2.5,1.0,2014-08-29,Balaenoptera musculus intermedia,Antarctic blue whale,baleen whale,3,3,
aad,aad:MaudRise2014,-65.0,2.5,1.0,2014-08-30,Balaenoptera musculus intermedia,Antarctic blue whale,baleen whale,7,7,
aad,aad:MaudRise2014,-65.0,2.5,1.0,2014-08-30,Balaenoptera physalus,Fin whale,baleen whale,6,6,
aad,aad:MaudRise2014,-65.0,2.5,1.0,2014-09-01,Balaenoptera musculus intermedia,Antarctic blue whale,baleen whale,3,3,
aad,aad:MaudRise2014,-65.0,2.5,1.0,2014-09-02,Balaenoptera musculus intermedia,Antarctic blue whale,baleen whale,2,2,
aad,aad:MaudRise2014,-65.0,2.5,1.0,2014-09-03,Balaenoptera musculus intermedia,Antarctic blue whale,baleen whale,3,3,
aad,aad:MaudRise2014,-65.0,2.5,1.0,2014-09-04,Balaenoptera musculus intermedia,Antarctic blue whale,baleen whale,2,2,
aad,aad:MaudRise2014,-65.0,2.5,1.0,2014-09-06,Balaenoptera musculus intermedia,Antarctic blue whale,baleen whale,2,2,
aad,aad:MaudRise2014,-65.0,2.5,1.0,2014-09-07,Balaenoptera musculus intermedia,Antarctic blue whale,baleen whale,1,1,
aad,aad:MaudRise2014,-65.0,2.5,1.0,2014-09-08,Balaenoptera musculus intermedia,Antarctic blue whale,baleen whale,5,5,
aad,aad:MaudRise2014,-65.0,2.5,1.0,2014-09-09,Balaenoptera musculus intermedia,Antarctic blue whale,baleen whale,4,4,
aad,aad:MaudRise2014,-65.0,2.5,1.0,2014-09-13,Balaenoptera musculus intermedia,Antarctic blue whale,baleen whale,3,3,
aad,aad:MaudRise2014,-65.0,2.5,1.0,2014-09-14,Balaenoptera musculus intermedia,Antarctic blue whale,baleen whale,3,3,
aad,aad:MaudRise2014,-65.0,2.5,1.0,2014-09-15,Balaenoptera physalus,Fin whale,baleen whale,1,1,
aad,aad:MaudRise2014,-65.0,2.5,1.0,2014-09-17,Balaenoptera musculus intermedia,Antarctic blue whale,baleen whale,3,3,
aad,aad:RossSea2014,-75.0198,164.5918,1.0,2014-03-23,Balaenoptera musculus intermedia,Antarctic blue whale,baleen whale,104,30,
aad,aad:casey2014,-63.7955,111.7872,1.0,2013-12-25,Balaenoptera musculus intermedia,Antarctic blue whale,baleen whale,7,7,
aad,aad:casey2014,-63.7955,111.7872,1.0,2013-12-26,Balaenoptera musculus intermedia,Antarctic blue whale,baleen whale,18,14,
aad,aad:casey2014,-63.7955,111.7872,1.0,2013-12-28,Balaenoptera musculus intermedia,Antarctic blue whale,baleen whale,8,8,
aad,aad:casey2014,-63.7955,111.7872,1.0,2013-12-30,Balaenoptera musculus intermedia,Antarctic blue whale,baleen whale,9,8,
aad,aad:casey2014,-63.7955,111.7872,1.0,2014-01-01,Balaenoptera musculus intermedia,Antarctic blue whale,baleen whale,9,8,
aad,aad:casey2014,-63.7955,111.7872,1.0,2014-01-03,Balaenoptera musculus intermedia,Antarctic blue whale,baleen whale,14,12,
aad,aad:casey2014,-63.7955,111.7872,1.0,2014-01-05,Balaenoptera musculus intermedia,Antarctic blue whale,baleen whale,2,1,
aad,aad:casey2014,-63.7955,111.7872,1.0,2014-01-06,Balaenoptera musculus intermedia,Antarctic blue whale,baleen whale,10,8,
aad,aad:casey2014,-63.7955,111.7872,1.0,2014-01-08,Balaenoptera musculus intermedia,Antarctic blue whale,baleen whale,10,8,
aad,aad:casey2014,-63.7955,111.7872,1.0,2014-01-10,Balaenoptera musculus intermedia,Antarctic blue whale,baleen whale,17,17,
aad,aad:casey2014,-63.7955,111.7872,1.0,2014-01-12,Balaenoptera musculus intermedia,Antarctic blue whale,baleen whale,4,3,
aad,aad:casey2014,-63.7955,111.7872,1.0,2014-01-14,Balaenoptera musculus intermedia,Antarctic blue whale,baleen whale,5,4,
aad,aad:casey2014,-63.7955,111.7872,1.0,2014-01-16,Balaenoptera musculus intermedia,Antarctic blue whale,baleen whale,19,18,
aad,aad:casey2014,-63.7955,111.7872,1.0,2014-01-17,Balaenoptera musculus intermedia,Antarctic blue whale,baleen whale,20,17,
aad,aad:casey2014,-63.7955,111.7872,1.0,2014-01-19,Balaenoptera musculus intermedia,Antarctic blue whale,baleen whale,4,4,
aad,aad:casey2014,-63.7955,111.7872,1.0,2014-01-23,Balaenoptera musculus intermedia,Antarctic blue whale,baleen whale,25,21,
aad,aad:casey2014,-63.7955,111.7872,1.0,2014-01-25,Balaenoptera musculus intermedia,Antarctic blue whale,baleen whale,17,13,
aad,aad:casey2014,-63.7955,111.7872,1.0,2014-01-27,Balaenoptera musculus intermedia,Antarctic blue whale,baleen whale,24,19,
aad,aad:casey2014,-63.7955,111.7872,1.0,2014-01-28,Balaenoptera musculus intermedia,Antarctic blue whale,baleen whale,52,49,
aad,aad:casey2014,-63.7955,111.7872,1.0,2014-01-30,Balaenoptera musculus intermedia,Antarctic blue whale,baleen whale,38,35,
aad,aad:casey2014,-63.7955,111.7872,1.0,2014-02-01,Balaenoptera musculus intermedia,Antarctic blue whale,baleen whale,19,18,
aad,aad:casey2014,-63.7955,111.7872,1.0,2014-02-03,Balaenoptera musculus intermedia,Antarctic blue whale,baleen whale,13,12,
aad,aad:casey2014,-63.7955,111.7872,1.0,2014-02-05,Balaenoptera musculus intermedia,Antarctic blue whale,baleen whale,1,1,
aad,aad:casey2014,-63.7955,111.7872,1.0,2014-02-07,Balaenoptera musculus intermedia,Antarctic blue whale,baleen whale,3,3,
aad,aad:casey2014,-63.7955,111.7872,1.0,2014-02-08,Balaenoptera musculus intermedia,Antarctic blue whale,baleen whale,2,2,
aad,aad:casey2014,-63.7955,111.7872,1.0,2014-02-10,Balaenoptera musculus intermedia,Antarctic blue whale,baleen whale,9,8,
aad,aad:casey2014,-63.7955,111.7872,1.0,2014-02-12,Balaenoptera musculus intermedia,Antarctic blue whale,baleen whale,18,17,
aad,aad:casey2014,-63.7955,111.7872,1.0,2014-02-14,Balaenoptera musculus intermedia,Antarctic blue whale,baleen whale,51,43,
aad,aad:casey2014,-63.7955,111.7872,1.0,2014-02-16,Balaenoptera musculus intermedia,Antarctic blue whale,baleen whale,50,39,
aad,aad:casey2014,-63.7955,111.7872,1.0,2014-02-18,Balaenoptera musculus intermedia,Antarctic blue whale,baleen whale,121,80,
aad,aad:casey2014,-63.7955,111.7872,1.0,2014-02-19,Balaenoptera musculus intermedia,Antarctic blue whale,baleen whale,1,1,
aad,aad:casey2014,-63.7955,111.7872,1.0,2014-02-21,Balaenoptera musculus intermedia,Antarctic blue whale,baleen whale,73,54,
aad,aad:casey2014,-63.7955,111.7872,1.0,2014-02-23,Balaenoptera musculus intermedia,Antarctic blue whale,baleen whale,38,33,
aad,aad:casey2014,-63.7955,111.7872,1.0,2014-02-25,Balaenoptera musculus intermedia,Antarctic blue whale,baleen whale,79,58,
aad,aad:casey2014,-63.7955,111.7872,1.0,2014-02-26,Balaenoptera musculus intermedia,Antarctic blue whale,baleen whale,16,15,
aad,aad:casey2014,-63.7955,111.7872,1.0,2014-02-28,Balaenoptera musculus intermedia,Antarctic blue whale,baleen whale,111,74,
aad,aad:casey2014,-63.7955,111.7872,1.0,2014-03-02,Balaenoptera musculus intermedia,Antarctic blue whale,baleen whale,24,23,
aad,aad:casey2014,-63.7955,111.7872,1.0,2014-03-04,Balaenoptera musculus intermedia,Antarctic blue whale,baleen whale,27,26,
aad,aad:casey2014,-63.7955,111.7872,1.0,2014-03-06,Balaenoptera musculus intermedia,Antarctic blue whale,baleen whale,85,64,
aad,aad:casey2014,-63.7955,111.7872,1.0,2014-03-08,Balaenoptera musculus intermedia,Antarctic blue whale,baleen whale,24,21,
aad,aad:casey2014,-63.7955,111.7872,1.0,2014-03-09,Balaenoptera musculus intermedia,Antarctic blue whale,baleen whale,58,45,
aad,aad:casey2014,-63.7955,111.7872,1.0,2014-03-11,Balaenoptera musculus intermedia,Antarctic blue whale,baleen whale,80,63,
aad,aad:casey2014,-63.7955,111.7872,1.0,2014-03-13,Balaenoptera musculus intermedia,Antarctic blue whale,baleen whale,21,21,
aad,aad:casey2014,-63.7955,111.7872,1.0,2014-03-15,Balaenoptera musculus intermedia,Antarctic blue whale,baleen whale,67,51,
aad,aad:casey2014,-63.7955,111.7872,1.0,2014-03-17,Balaenoptera musculus intermedia,Antarctic blue whale,baleen whale,39,39,
aad,aad:casey2014,-63.7955,111.7872,1.0,2014-03-19,Balaenoptera musculus intermedia,Antarctic blue whale,baleen whale,88,83,
aad,aad:casey2014,-63.7955,111.7872,1.0,2014-03-20,Balaenoptera musculus intermedia,Antarctic blue whale,baleen whale,41,33,
aad,aad:casey2014,-63.7955,111.7872,1.0,2014-03-22,Balaenoptera musculus intermedia,Antarctic blue whale,baleen whale,38,33,
aad,aad:casey2014,-63.7955,111.7872,1.0,2014-03-24,Balaenoptera musculus intermedia,Antarctic blue whale,baleen whale,15,15,
aad,aad:casey2014,-63.7955,111.7872,1.0,2014-03-26,Balaenoptera musculus intermedia,Antarctic blue whale,baleen whale,79,65,
aad,aad:casey2014,-63.7955,111.7872,1.0,2014-03-26,Balaenoptera physalus,Fin whale,baleen whale,13,4,
aad,aad:casey2014,-63.7955,111.7872,1.0,2014-03-28,Balaenoptera musculus intermedia,Antarctic blue whale,baleen whale,57,51,
aad,aad:casey2014,-63.7955,111.7872,1.0,2014-03-30,Balaenoptera musculus intermedia,Antarctic blue whale,baleen whale,45,45,
aad,aad:casey2014,-63.7955,111.7872,1.0,2014-03-30,Balaenoptera physalus,Fin whale,baleen whale,2,2,
aad,aad:casey2014,-63.7955,111.7872,1.0,2014-03-31,Balaenoptera musculus intermedia,Antarctic blue whale,baleen whale,34,29,
aad,aad:casey2014,-63.7955,111.7872,1.0,2014-04-02,Balaenoptera musculus intermedia,Antarctic blue whale,baleen whale,47,42,
aad,aad:casey2014,-63.7955,111.7872,1.0,2014-04-04,Balaenoptera musculus intermedia,Antarctic blue whale,baleen whale,23,22,
aad,aad:casey2014,-63.7955,111.7872,1.0,2014-04-06,Balaenoptera musculus intermedia,Antarctic blue whale,baleen whale,43,35,
aad,aad:casey2014,-63.7955,111.7872,1.0,2014-04-08,Balaenoptera musculus intermedia,Antarctic blue whale,baleen whale,67,54,
aad,aad:casey2014,-63.7955,111.7872,1.0,2014-04-10,Balaenoptera musculus intermedia,Antarctic blue whale,baleen whale,139,103,
aad,aad:casey2014,-63.7955,111.7872,1.0,2014-04-11,Balaenoptera musculus intermedia,Antarctic blue whale,baleen whale,70,63,
aad,aad:casey2014,-63.7955,111.7872,1.0,2014-04-13,Balaenoptera musculus intermedia,Antarctic blue whale,baleen whale,62,57,
aad,aad:casey2014,-63.7955,111.7872,1.0,2014-04-15,Balaenoptera musculus intermedia,Antarctic blue whale,baleen whale,68,58,
aad,aad:casey2014,-63.7955,111.7872,1.0,2014-04-17,Balaenoptera musculus intermedia,Antarctic blue whale,baleen whale,32,29,
aad,aad:casey2014,-63.7955,111.7872,1.0,2014-04-19,Balaenoptera musculus intermedia,Antarctic blue whale,baleen whale,97,84,
aad,aad:casey2014,-63.7955,111.7872,1.0,2014-04-21,Balaenoptera musculus intermedia,Antarctic blue whale,baleen whale,35,34,
aad,aad:casey2014,-63.7955,111.7872,1.0,2014-04-22,Balaenoptera musculus intermedia,Antarctic blue whale,baleen whale,34,30,
aad,aad:casey2014,-63.7955,111.7872,1.0,2014-04-24,Balaenoptera musculus intermedia,Antarctic blue whale,baleen whale,3,3,
aad,aad:casey2014,-63.7955,111.7872,1.0,2014-04-24,Balaenoptera physalus,Fin whale,baleen whale,1,1,
aad,aad:casey2014,-63.7955,111.7872,1.0,2014-04-26,Balaenoptera musculus intermedia,Antarctic blue whale,baleen whale,42,37,
aad,aad:casey2014,-63.7955,111.7872,1.0,2014-04-28,Balaenoptera musculus intermedia,Antarctic blue whale,baleen whale,2,2,
aad,aad:casey2014,-63.7955,111.7872,1.0,2014-04-30,Balaenoptera musculus intermedia,Antarctic blue whale,baleen whale,14,11,
aad,aad:casey2014,-63.7955,111.7872,1.0,2014-05-02,Balaenoptera musculus intermedia,Antarctic blue whale,baleen whale,8,7,
aad,aad:casey2014,-63.7955,111.7872,1.0,2014-05-03,Balaenoptera musculus intermedia,Antarctic blue whale,baleen whale,18,17,
aad,aad:casey2014,-63.7955,111.7872,1.0,2014-05-05,Balaenoptera musculus intermedia,Antarctic blue whale,baleen whale,58,44,
aad,aad:casey2014,-63.7955,111.7872,1.0,2014-05-07,Balaenoptera musculus intermedia,Antarctic blue whale,baleen whale,49,42,
aad,aad:casey2014,-63.7955,111.7872,1.0,2014-05-09,Balaenoptera musculus intermedia,Antarctic blue whale,baleen whale,134,97,
aad,aad:casey2014,-63.7955,111.7872,1.0,2014-05-09,Balaenoptera physalus,Fin whale,baleen whale,1,1,
aad,aad:casey2014,-63.7955,111.7872,1.0,2014-05-10,Balaenoptera musculus intermedia,Antarctic blue whale,baleen whale,38,36,
aad,aad:casey2014,-63.7955,111.7872,1.0,2014-05-12,Balaenoptera musculus intermedia,Antarctic blue whale,baleen whale,116,79,
aad,aad:casey2014,-63.7955,111.7872,1.0,2014-05-14,Balaenoptera musculus intermedia,Antarctic blue whale,baleen whale,64,58,
aad,aad:casey2014,-63.7955,111.7872,1.0,2014-05-16,Balaenoptera musculus intermedia,Antarctic blue whale,baleen whale,117,85,
aad,aad:casey2014,-63.7955,111.7872,1.0,2014-05-18,Balaenoptera musculus intermedia,Antarctic blue whale,baleen whale,24,17,
aad,aad:casey2014,-63.7955,111.7872,1.0,2014-05-20,Balaenoptera musculus intermedia,Antarctic blue whale,baleen whale,188,109,
aad,aad:casey2014,-63.7955,111.7872,1.0,2014-05-21,Balaenoptera musculus intermedia,Antarctic blue whale,baleen whale,35,29,
aad,aad:casey2014,-63.7955,111.7872,1.0,2014-05-23,Balaenoptera musculus intermedia,Antarctic blue whale,baleen whale,95,68,
aad,aad:casey2014,-63.7955,111.7872,1.0,2014-05-25,Balaenoptera musculus intermedia,Antarctic blue whale,baleen whale,17,15,
aad,aad:casey2014,-63.7955,111.7872,1.0,2014-05-27,Balaenoptera musculus intermedia,Antarctic blue whale,baleen whale,89,66,
aad,aad:casey2014,-63.7955,111.7872,1.0,2014-05-29,Balaenoptera musculus intermedia,Antarctic blue whale,baleen whale,4,4,
aad,aad:casey2014,-63.7955,111.7872,1.0,2014-05-31,Balaenoptera musculus intermedia,Antarctic blue whale,baleen whale,72,56,
aad,aad:casey2014,-63.7955,111.7872,1.0,2014-06-01,Balaenoptera musculus intermedia,Antarctic blue whale,baleen whale,74,68,
aad,aad:casey2014,-63.7955,111.7872,1.0,2014-06-03,Balaenoptera musculus intermedia,Antarctic blue whale,baleen whale,69,53,
aad,aad:casey2014,-63.7955,111.7872,1.0,2014-06-05,Balaenoptera musculus intermedia,Antarctic blue whale,baleen whale,27,26,
aad,aad:casey2014,-63.7955,111.7872,1.0,2014-06-07,Balaenoptera musculus intermedia,Antarctic blue whale,baleen whale,93,70,
aad,aad:casey2014,-63.7955,111.7872,1.0,2014-06-09,Balaenoptera musculus intermedia,Antarctic blue whale,baleen whale,30,29,
aad,aad:casey2014,-63.7955,111.7872,1.0,2014-06-11,Balaenoptera musculus intermedia,Antarctic blue whale,baleen whale,23,19,
aad,aad:casey2014,-63.7955,111.7872,1.0,2014-06-12,Balaenoptera musculus intermedia,Antarctic blue whale,baleen whale,20,18,
aad,aad:casey2014,-63.7955,111.7872,1.0,2014-06-14,Balaenoptera musculus intermedia,Antarctic blue whale,baleen whale,9,9,
aad,aad:casey2014,-63.7955,111.7872,1.0,2014-06-16,Balaenoptera musculus intermedia,Antarctic blue whale,baleen whale,20,18,
aad,aad:casey2014,-63.7955,111.7872,1.0,2014-06-18,Balaenoptera musculus intermedia,Antarctic blue whale,baleen whale,71,55,
aad,aad:casey2014,-63.7955,111.7872,1.0,2014-06-20,Balaenoptera musculus intermedia,Antarctic blue whale,baleen whale,20,19,
aad,aad:casey2014,-63.7955,111.7872,1.0,2014-06-22,Balaenoptera musculus intermedia,Antarctic blue whale,baleen whale,88,62,
aad,aad:casey2014,-63.7955,111.7872,1.0,2014-06-23,Balaenoptera musculus intermedia,Antarctic blue whale,baleen whale,36,33,
aad,aad:casey2014,-63.7955,111.7872,1.0,2014-06-25,Balaenoptera musculus intermedia,Antarctic blue whale,baleen whale,101,75,
aad,aad:casey2014,-63.7955,111.7872,1.0,2014-06-27,Balaenoptera musculus intermedia,Antarctic blue whale,baleen whale,76,58,
aad,aad:casey2014,-63.7955,111.7872,1.0,2014-06-29,Balaenoptera musculus intermedia,Antarctic blue whale,baleen whale,14,13,
aad,aad:casey2014,-63.7955,111.7872,1.0,2014-07-01,Balaenoptera musculus intermedia,Antarctic blue whale,baleen whale,29,25,
aad,aad:casey2014,-63.7955,111.7872,1.0,2014-07-03,Balaenoptera musculus intermedia,Antarctic blue whale,baleen whale,64,48,
aad,aad:casey2014,-63.7955,111.7872,1.0,2014-07-04,Balaenoptera musculus intermedia,Antarctic blue whale,baleen whale,50,44,
aad,aad:casey2014,-63.7955,111.7872,1.0,2014-07-06,Balaenoptera musculus intermedia,Antarctic blue whale,baleen whale,36,32,
aad,aad:casey2014,-63.7955,111.7872,1.0,2014-07-08,Balaenoptera musculus intermedia,Antarctic blue whale,baleen whale,19,18,
aad,aad:casey2014,-63.7955,111.7872,1.0,2014-07-10,Balaenoptera musculus intermedia,Antarctic blue whale,baleen whale,88,69,
aad,aad:casey2014,-63.7955,111.7872,1.0,2014-07-12,Balaenoptera musculus intermedia,Antarctic blue whale,baleen whale,24,22,
aad,aad:casey2014,-63.7955,111.7872,1.0,2014-07-14,Balaenoptera musculus intermedia,Antarctic blue whale,baleen whale,14,14,
aad,aad:casey2014,-63.7955,111.7872,1.0,2014-07-15,Balaenoptera musculus intermedia,Antarctic blue whale,baleen whale,50,46,
aad,aad:casey2014,-63.7955,111.7872,1.0,2014-07-17,Balaenoptera musculus intermedia,Antarctic blue whale,baleen whale,44,33,
aad,aad:casey2014,-63.7955,111.7872,1.0,2014-07-19,Balaenoptera musculus intermedia,Antarctic blue whale,baleen whale,7,7,
aad,aad:casey2014,-63.7955,111.7872,1.0,2014-07-21,Balaenoptera musculus intermedia,Antarctic blue whale,baleen whale,46,39,
aad,aad:casey2014,-63.7955,111.7872,1.0,2014-07-22,Balaenoptera musculus intermedia,Antarctic blue whale,baleen whale,3,3,
aad,aad:casey2014,-63.7955,111.7872,1.0,2014-07-24,Balaenoptera musculus intermedia,Antarctic blue whale,baleen whale,39,31,
aad,aad:casey2014,-63.7955,111.7872,1.0,2014-07-26,Balaenoptera musculus intermedia,Antarctic blue whale,baleen whale,52,44,
aad,aad:casey2014,-63.7955,111.7872,1.0,2014-07-28,Balaenoptera musculus intermedia,Antarctic blue whale,baleen whale,11,11,
aad,aad:casey2014,-63.7955,111.7872,1.0,2014-07-30,Balaenoptera musculus intermedia,Antarctic blue whale,baleen whale,4,4,
aad,aad:casey2014,-63.7955,111.7872,1.0,2014-08-01,Balaenoptera musculus intermedia,Antarctic blue whale,baleen whale,11,10,
aad,aad:casey2014,-63.7955,111.7872,1.0,2014-08-04,Balaenoptera musculus intermedia,Antarctic blue whale,baleen whale,40,37,
aad,aad:casey2014,-63.7955,111.7872,1.0,2014-08-06,Balaenoptera musculus intermedia,Antarctic blue whale,baleen whale,12,12,
aad,aad:casey2014,-63.7955,111.7872,1.0,2014-08-08,Balaenoptera musculus intermedia,Antarctic blue whale,baleen whale,15,14,
aad,aad:casey2014,-63.7955,111.7872,1.0,2014-08-10,Balaenoptera musculus intermedia,Antarctic blue whale,baleen whale,9,9,
aad,aad:casey2014,-63.7955,111.7872,1.0,2014-08-12,Balaenoptera musculus intermedia,Antarctic blue whale,baleen whale,30,23,
aad,aad:casey2014,-63.7955,111.7872,1.0,2014-08-13,Balaenoptera musculus intermedia,Antarctic blue whale,baleen whale,4,4,
aad,aad:casey2014,-63.7955,111.7872,1.0,2014-08-15,Balaenoptera musculus intermedia,Antarctic blue whale,baleen whale,3,3,
aad,aad:casey2014,-63.7955,111.7872,1.0,2014-08-17,Balaenoptera musculus intermedia,Antarctic blue whale,baleen whale,6,6,
aad,aad:casey2014,-63.7955,111.7872,1.0,2014-08-19,Balaenoptera musculus intermedia,Antarctic blue whale,baleen whale,144,100,
aad,aad:casey2014,-63.7955,111.7872,1.0,2014-08-21,Balaenoptera musculus intermedia,Antarctic blue whale,baleen whale,36,34,
aad,aad:casey2014,-63.7955,111.7872,1.0,2014-08-23,Balaenoptera musculus intermedia,Antarctic blue whale,baleen whale,10,9,
aad,aad:casey2014,-63.7955,111.7872,1.0,2014-08-24,Balaenoptera musculus intermedia,Antarctic blue whale,baleen whale,27,26,
aad,aad:casey2014,-63.7955,111.7872,1.0,2014-08-26,Balaenoptera musculus intermedia,Antarctic blue whale,baleen whale,6,6,
aad,aad:casey2014,-63.7955,111.7872,1.0,2014-08-28,Balaenoptera musculus intermedia,Antarctic blue whale,baleen whale,15,15,
aad,aad:casey2014,-63.7955,111.7872,1.0,2014-08-30,Balaenoptera musculus intermedia,Antarctic blue whale,baleen whale,42,35,
aad,aad:casey2014,-63.7955,111.7872,1.0,2014-09-01,Balaenoptera musculus intermedia,Antarctic blue whale,baleen whale,23,20,
aad,aad:casey2014,-63.7955,111.7872,1.0,2014-09-03,Balaenoptera musculus intermedia,Antarctic blue whale,baleen whale,21,19,
aad,aad:casey2014,-63.7955,111.7872,1.0,2014-09-04,Balaenoptera musculus intermedia,Antarctic blue whale,baleen whale,13,12,
aad,aad:casey2014,-63.7955,111.7872,1.0,2014-09-06,Balaenoptera musculus intermedia,Antarctic blue whale,baleen whale,4,4,
aad,aad:casey2014,-63.7955,111.7872,1.0,2014-09-08,Balaenoptera musculus intermedia,Antarctic blue whale,baleen whale,31,28,
aad,aad:casey2014,-63.7955,111.7872,1.0,2014-09-10,Balaenoptera musculus intermedia,Antarctic blue whale,baleen whale,11,11,
aad,aad:casey2014,-63.7955,111.7872,1.0,2014-09-12,Balaenoptera musculus intermedia,Antarctic blue whale,baleen whale,11,10,
aad,aad:casey2014,-63.7955,111.7872,1.0,2014-09-15,Balaenoptera musculus intermedia,Antarctic blue whale,baleen whale,10,9,
aad,aad:casey2014,-63.7955,111.7872,1.0,2014-09-17,Balaenoptera musculus intermedia,Antarctic blue whale,baleen whale,1,1,
aad,aad:casey2014,-63.7955,111.7872,1.0,2014-09-19,Balaenoptera musculus intermedia,Antarctic blue whale,baleen whale,6,6,
aad,aad:casey2014,-63.7955,111.7872,1.0,2014-09-21,Balaenoptera musculus intermedia,Antarctic blue whale,baleen whale,66,53,
aad,aad:casey2014,-63.7955,111.7872,1.0,2014-09-23,Balaenoptera musculus intermedia,Antarctic blue whale,baleen whale,44,42,
aad,aad:casey2014,-63.7955,111.7872,1.0,2014-09-25,Balaenoptera musculus intermedia,Antarctic blue whale,baleen whale,114,90,
aad,aad:casey2014,-63.7955,111.7872,1.0,2014-09-26,Balaenoptera musculus intermedia,Antarctic blue whale,baleen whale,14,14,
aad,aad:casey2014,-63.7955,111.7872,1.0,2014-09-28,Balaenoptera musculus intermedia,Antarctic blue whale,baleen whale,14,12,
aad,aad:casey2014,-63.7955,111.7872,1.0,2014-09-30,Balaenoptera musculus intermedia,Antarctic blue whale,baleen whale,53,47,
aad,aad:casey2014,-63.7955,111.7872,1.0,2014-10-02,Balaenoptera musculus intermedia,Antarctic blue whale,baleen whale,79,67,
aad,aad:casey2014,-63.7955,111.7872,1.0,2014-10-05,Balaenoptera musculus intermedia,Antarctic blue whale,baleen whale,6,6,
aad,aad:casey2014,-63.7955,111.7872,1.0,2014-10-07,Balaenoptera musculus intermedia,Antarctic blue whale,baleen whale,13,13,
aad,aad:casey2014,-63.7955,111.7872,1.0,2014-10-09,Balaenoptera musculus intermedia,Antarctic blue whale,baleen whale,4,4,
aad,aad:casey2014,-63.7955,111.7872,1.0,2014-10-11,Balaenoptera musculus intermedia,Antarctic blue whale,baleen whale,10,9,
aad,aad:casey2014,-63.7955,111.7872,1.0,2014-10-14,Balaenoptera musculus intermedia,Antarctic blue whale,baleen whale,34,34,
aad,aad:casey2014,-63.7955,111.7872,1.0,2014-10-16,Balaenoptera musculus intermedia,Antarctic blue whale,baleen whale,49,43,
aad,aad:casey2014,-63.7955,111.7872,1.0,2014-10-18,Balaenoptera musculus intermedia,Antarctic blue whale,baleen whale,7,7,
aad,aad:casey2014,-63.7955,111.7872,1.0,2014-10-20,Balaenoptera musculus intermedia,Antarctic blue whale,baleen whale,4,4,
aad,aad:casey2014,-63.7955,111.7872,1.0,2014-10-22,Balaenoptera musculus intermedia,Antarctic blue whale,baleen whale,13,13,
aad,aad:casey2014,-63.7955,111.7872,1.0,2014-10-24,Balaenoptera musculus intermedia,Antarctic blue whale,baleen whale,39,38,
aad,aad:casey2014,-63.7955,111.7872,1.0,2014-10-25,Balaenoptera musculus intermedia,Antarctic blue whale,baleen whale,4,4,
aad,aad:casey2014,-63.7955,111.7872,1.0,2014-10-27,Balaenoptera musculus intermedia,Antarctic blue whale,baleen whale,52,46,
aad,aad:casey2014,-63.7955,111.7872,1.0,2014-10-29,Balaenoptera musculus intermedia,Antarctic blue whale,baleen whale,68,59,
aad,aad:casey2014,-63.7955,111.7872,1.0,2014-10-31,Balaenoptera musculus intermedia,Antarctic blue whale,baleen whale,58,49,
aad,aad:casey2014,-63.7955,111.7872,1.0,2014-11-02,Balaenoptera musculus intermedia,Antarctic blue whale,baleen whale,12,12,
aad,aad:casey2014,-63.7955,111.7872,1.0,2014-11-04,Balaenoptera musculus intermedia,Antarctic blue whale,baleen whale,17,17,
aad,aad:casey2014,-63.7955,111.7872,1.0,2014-11-05,Balaenoptera musculus intermedia,Antarctic blue whale,baleen whale,16,16,
aad,aad:casey2014,-63.7955,111.7872,1.0,2014-11-07,Balaenoptera musculus intermedia,Antarctic blue whale,baleen whale,74,61,
aad,aad:casey2014,-63.7955,111.7872,1.0,2014-11-09,Balaenoptera musculus intermedia,Antarctic blue whale,baleen whale,69,61,
aad,aad:casey2014,-63.7955,111.7872,1.0,2014-11-11,Balaenoptera musculus intermedia,Antarctic blue whale,baleen whale,27,26,
aad,aad:casey2014,-63.7955,111.7872,1.0,2014-11-13,Balaenoptera musculus intermedia,Antarctic blue whale,baleen whale,21,19,
aad,aad:casey2014,-63.7955,111.7872,1.0,2014-11-15,Balaenoptera musculus intermedia,Antarctic blue whale,baleen whale,29,23,
aad,aad:casey2014,-63.7955,111.7872,1.0,2014-11-16,Balaenoptera musculus intermedia,Antarctic blue whale,baleen whale,41,36,
aad,aad:casey2014,-63.7955,111.7872,1.0,2014-11-20,Balaenoptera musculus intermedia,Antarctic blue whale,baleen whale,26,24,
aad,aad:casey2014,-63.7955,111.7872,1.0,2014-11-22,Balaenoptera musculus intermedia,Antarctic blue whale,baleen whale,27,21,
aad,aad:casey2014,-63.7955,111.7872,1.0,2014-11-24,Balaenoptera musculus intermedia,Antarctic blue whale,baleen whale,28,28,
aad,aad:casey2014,-63.7955,111.7872,1.0,2014-11-26,Balaenoptera musculus intermedia,Antarctic blue whale,baleen whale,21,17,
aad,aad:casey2014,-63.7955,111.7872,1.0,2014-11-29,Balaenoptera musculus intermedia,Antarctic blue whale,baleen whale,10,6,
aad,aad:casey2014,-63.7955,111.7872,1.0,2014-12-03,Balaenoptera musculus intermedia,Antarctic blue whale,baleen whale,28,20,
aad,aad:casey2014,-63.7955,111.7872,1.0,2014-12-07,Balaenoptera musculus intermedia,Antarctic blue whale,baleen whale,119,41,
aad,aad:casey2014,-63.7955,111.7872,1.0,2014-12-08,Balaenoptera musculus intermedia,Antarctic blue whale,baleen whale,1,1,
aad,aad:casey2014,-63.7955,111.7872,1.0,2014-12-10,Balaenoptera musculus intermedia,Antarctic blue whale,baleen whale,3,3,
aad,aad:casey2017,-63.7955,111.7872,1.0,2016-12-16,Balaenoptera musculus intermedia,Antarctic blue whale,baleen whale,62,47,
aad,aad:casey2017,-63.7955,111.7872,1.0,2016-12-18,Balaenoptera musculus intermedia,Antarctic blue whale,baleen whale,14,14,
aad,aad:casey2017,-63.7955,111.7872,1.0,2016-12-19,Balaenoptera musculus intermedia,Antarctic blue whale,baleen whale,6,6,
aad,aad:casey2017,-63.7955,111.7872,1.0,2016-12-23,Balaenoptera musculus intermedia,Antarctic blue whale,baleen whale,3,2,
aad,aad:casey2017,-63.7955,111.7872,1.0,2016-12-25,Balaenoptera musculus intermedia,Antarctic blue whale,baleen whale,11,11,
aad,aad:casey2017,-63.7955,111.7872,1.0,2016-12-26,Balaenoptera musculus intermedia,Antarctic blue whale,baleen whale,7,6,
aad,aad:casey2017,-63.7955,111.7872,1.0,2017-01-01,Balaenoptera musculus intermedia,Antarctic blue whale,baleen whale,1,1,
aad,aad:casey2017,-63.7955,111.7872,1.0,2017-01-06,Balaenoptera musculus intermedia,Antarctic blue whale,baleen whale,10,9,
aad,aad:casey2017,-63.7955,111.7872,1.0,2017-01-11,Balaenoptera musculus intermedia,Antarctic blue whale,baleen whale,1,1,
aad,aad:casey2017,-63.7955,111.7872,1.0,2017-01-13,Balaenoptera musculus intermedia,Antarctic blue whale,baleen whale,11,9,
aad,aad:casey2017,-63.7955,111.7872,1.0,2017-01-17,Balaenoptera musculus intermedia,Antarctic blue whale,baleen whale,6,5,
aad,aad:casey2017,-63.7955,111.7872,1.0,2017-01-18,Balaenoptera musculus intermedia,Antarctic blue whale,baleen whale,6,6,
aad,aad:casey2017,-63.7955,111.7872,1.0,2017-01-24,Balaenoptera musculus intermedia,Antarctic blue whale,baleen whale,11,9,
aad,aad:casey2017,-63.7955,111.7872,1.0,2017-01-26,Balaenoptera musculus intermedia,Antarctic blue whale,baleen whale,29,27,
aad,aad:casey2017,-63.7955,111.7872,1.0,2017-01-27,Balaenoptera musculus intermedia,Antarctic blue whale,baleen whale,52,39,
aad,aad:casey2017,-63.7955,111.7872,1.0,2017-01-29,Balaenoptera musculus intermedia,Antarctic blue whale,baleen whale,32,27,
aad,aad:casey2017,-63.7955,111.7872,1.0,2017-01-31,Balaenoptera musculus intermedia,Antarctic blue whale,baleen whale,13,12,
aad,aad:casey2017,-63.7955,111.7872,1.0,2017-02-02,Balaenoptera musculus intermedia,Antarctic blue whale,baleen whale,29,22,
aad,aad:casey2017,-63.7955,111.7872,1.0,2017-02-03,Balaenoptera musculus intermedia,Antarctic blue whale,baleen whale,12,10,
aad,aad:casey2017,-63.7955,111.7872,1.0,2017-02-05,Balaenoptera musculus intermedia,Antarctic blue whale,baleen whale,40,36,
aad,aad:casey2017,-63.7955,111.7872,1.0,2017-02-07,Balaenoptera musculus intermedia,Antarctic blue whale,baleen whale,18,15,
aad,aad:casey2017,-63.7955,111.7872,1.0,2017-02-10,Balaenoptera musculus intermedia,Antarctic blue whale,baleen whale,1,1,
aad,aad:casey2017,-63.7955,111.7872,1.0,2017-02-12,Balaenoptera musculus intermedia,Antarctic blue whale,baleen whale,4,3,
aad,aad:casey2017,-63.7955,111.7872,1.0,2017-02-14,Balaenoptera musculus intermedia,Antarctic blue whale,baleen whale,33,27,
aad,aad:casey2017,-63.7955,111.7872,1.0,2017-02-16,Balaenoptera musculus intermedia,Antarctic blue whale,baleen whale,16,15,
aad,aad:casey2017,-63.7955,111.7872,1.0,2017-02-18,Balaenoptera musculus intermedia,Antarctic blue whale,baleen whale,11,10,
aad,aad:casey2017,-63.7955,111.7872,1.0,2017-02-19,Balaenoptera musculus intermedia,Antarctic blue whale,baleen whale,87,67,
aad,aad:casey2017,-63.7955,111.7872,1.0,2017-02-21,Balaenoptera musculus intermedia,Antarctic blue whale,baleen whale,15,13,
aad,aad:casey2017,-63.7955,111.7872,1.0,2017-02-23,Balaenoptera musculus intermedia,Antarctic blue whale,baleen whale,14,14,
aad,aad:casey2017,-63.7955,111.7872,1.0,2017-02-25,Balaenoptera musculus intermedia,Antarctic blue whale,baleen whale,28,26,
aad,aad:casey2017,-63.7955,111.7872,1.0,2017-02-26,Balaenoptera musculus intermedia,Antarctic blue whale,baleen whale,59,49,
aad,aad:casey2017,-63.7955,111.7872,1.0,2017-02-28,Balaenoptera musculus intermedia,Antarctic blue whale,baleen whale,35,34,
aad,aad:casey2017,-63.7955,111.7872,1.0,2017-03-02,Balaenoptera musculus intermedia,Antarctic blue whale,baleen whale,61,49,
aad,aad:casey2017,-63.7955,111.7872,1.0,2017-03-04,Balaenoptera musculus intermedia,Antarctic blue whale,baleen whale,14,13,
aad,aad:casey2017,-63.7955,111.7872,1.0,2017-03-05,Balaenoptera musculus intermedia,Antarctic blue whale,baleen whale,15,11,
aad,aad:casey2017,-63.7955,111.7872,1.0,2017-03-07,Balaenoptera musculus intermedia,Antarctic blue whale,baleen whale,88,68,
aad,aad:casey2017,-63.7955,111.7872,1.0,2017-03-09,Balaenoptera musculus intermedia,Antarctic blue whale,baleen whale,7,7,
aad,aad:casey2017,-63.7955,111.7872,1.0,2017-03-11,Balaenoptera musculus intermedia,Antarctic blue whale,baleen whale,69,45,
aad,aad:casey2017,-63.7955,111.7872,1.0,2017-03-13,Balaenoptera musculus intermedia,Antarctic blue whale,baleen whale,53,42,
aad,aad:casey2017,-63.7955,111.7872,1.0,2017-03-14,Balaenoptera musculus intermedia,Antarctic blue whale,baleen whale,32,22,
aad,aad:casey2017,-63.7955,111.7872,1.0,2017-03-16,Balaenoptera musculus intermedia,Antarctic blue whale,baleen whale,12,12,
aad,aad:casey2017,-63.7955,111.7872,1.0,2017-03-21,Balaenoptera musculus intermedia,Antarctic blue whale,baleen whale,8,8,
aad,aad:casey2017,-63.7955,111.7872,1.0,2017-03-23,Balaenoptera musculus intermedia,Antarctic blue whale,baleen whale,16,16,
aad,aad:casey2017,-63.7955,111.7872,1.0,2017-03-25,Balaenoptera musculus intermedia,Antarctic blue whale,baleen whale,13,11,
aad,aad:casey2017,-63.7955,111.7872,1.0,2017-03-27,Balaenoptera musculus intermedia,Antarctic blue whale,baleen whale,2,2,
aad,aad:casey2017,-63.7955,111.7872,1.0,2017-03-28,Balaenoptera musculus intermedia,Antarctic blue whale,baleen whale,32,29,
aad,aad:casey2017,-63.7955,111.7872,1.0,2017-03-30,Balaenoptera musculus intermedia,Antarctic blue whale,baleen whale,17,17,
aad,aad:casey2017,-63.7955,111.7872,1.0,2017-04-01,Balaenoptera musculus intermedia,Antarctic blue whale,baleen whale,16,16,
aad,aad:casey2017,-63.7955,111.7872,1.0,2017-04-03,Balaenoptera musculus intermedia,Antarctic blue whale,baleen whale,41,39,
aad,aad:casey2017,-63.7955,111.7872,1.0,2017-04-05,Balaenoptera musculus intermedia,Antarctic blue whale,baleen whale,34,32,
aad,aad:casey2017,-63.7955,111.7872,1.0,2017-04-06,Balaenoptera musculus intermedia,Antarctic blue whale,baleen whale,56,48,
aad,aad:casey2017,-63.7955,111.7872,1.0,2017-04-08,Balaenoptera musculus intermedia,Antarctic blue whale,baleen whale,3,3,
aad,aad:casey2017,-63.7955,111.7872,1.0,2017-04-10,Balaenoptera musculus intermedia,Antarctic blue whale,baleen whale,11,11,
aad,aad:casey2017,-63.7955,111.7872,1.0,2017-04-12,Balaenoptera musculus intermedia,Antarctic blue whale,baleen whale,17,15,
aad,aad:casey2017,-63.7955,111.7872,1.0,2017-04-13,Balaenoptera musculus intermedia,Antarctic blue whale,baleen whale,25,19,
aad,aad:casey2017,-63.7955,111.7872,1.0,2017-04-15,Balaenoptera musculus intermedia,Antarctic blue whale,baleen whale,34,30,
aad,aad:casey2017,-63.7955,111.7872,1.0,2017-04-17,Balaenoptera musculus intermedia,Antarctic blue whale,baleen whale,25,21,
aad,aad:casey2017,-63.7955,111.7872,1.0,2017-04-19,Balaenoptera musculus intermedia,Antarctic blue whale,baleen whale,87,69,
aad,aad:casey2017,-63.7955,111.7872,1.0,2017-04-20,Balaenoptera musculus intermedia,Antarctic blue whale,baleen whale,61,58,
aad,aad:casey2017,-63.7955,111.7872,1.0,2017-04-22,Balaenoptera musculus intermedia,Antarctic blue whale,baleen whale,6,6,
aad,aad:casey2017,-63.7955,111.7872,1.0,2017-04-24,Balaenoptera musculus intermedia,Antarctic blue whale,baleen whale,14,13,
aad,aad:casey2017,-63.7955,111.7872,1.0,2017-04-26,Balaenoptera musculus intermedia,Antarctic blue whale,baleen whale,2,2,
aad,aad:casey2017,-63.7955,111.7872,1.0,2017-04-28,Balaenoptera musculus intermedia,Antarctic blue whale,baleen whale,13,11,
aad,aad:casey2017,-63.7955,111.7872,1.0,2017-04-29,Balaenoptera musculus intermedia,Antarctic blue whale,baleen whale,2,2,
aad,aad:casey2017,-63.7955,111.7872,1.0,2017-05-01,Balaenoptera musculus intermedia,Antarctic blue whale,baleen whale,19,17,
aad,aad:casey2017,-63.7955,111.7872,1.0,2017-05-03,Balaenoptera musculus intermedia,Antarctic blue whale,baleen whale,58,50,
aad,aad:casey2017,-63.7955,111.7872,1.0,2017-05-05,Balaenoptera musculus intermedia,Antarctic blue whale,baleen whale,25,22,
aad,aad:casey2017,-63.7955,111.7872,1.0,2017-05-06,Balaenoptera musculus intermedia,Antarctic blue whale,baleen whale,8,8,
aad,aad:casey2017,-63.7955,111.7872,1.0,2017-05-08,Balaenoptera musculus intermedia,Antarctic blue whale,baleen whale,12,10,
aad,aad:casey2017,-63.7955,111.7872,1.0,2017-05-10,Balaenoptera musculus intermedia,Antarctic blue whale,baleen whale,88,71,
aad,aad:casey2017,-63.7955,111.7872,1.0,2017-05-10,Balaenoptera physalus,Fin whale,baleen whale,287,95,
aad,aad:casey2017,-63.7955,111.7872,1.0,2017-05-12,Balaenoptera musculus intermedia,Antarctic blue whale,baleen whale,47,42,
aad,aad:casey2017,-63.7955,111.7872,1.0,2017-05-13,Balaenoptera musculus intermedia,Antarctic blue whale,baleen whale,9,9,
aad,aad:casey2017,-63.7955,111.7872,1.0,2017-05-15,Balaenoptera musculus intermedia,Antarctic blue whale,baleen whale,69,58,
aad,aad:casey2017,-63.7955,111.7872,1.0,2017-05-17,Balaenoptera musculus intermedia,Antarctic blue whale,baleen whale,19,16,
aad,aad:casey2017,-63.7955,111.7872,1.0,2017-05-17,Balaenoptera physalus,Fin whale,baleen whale,5,5,
aad,aad:casey2017,-63.7955,111.7872,1.0,2017-05-19,Balaenoptera musculus intermedia,Antarctic blue whale,baleen whale,26,26,
aad,aad:casey2017,-63.7955,111.7872,1.0,2017-05-21,Balaenoptera musculus intermedia,Antarctic blue whale,baleen whale,60,53,
aad,aad:casey2017,-63.7955,111.7872,1.0,2017-05-24,Balaenoptera musculus intermedia,Antarctic blue whale,baleen whale,2,2,
aad,aad:casey2017,-63.7955,111.7872,1.0,2017-06-04,Balaenoptera musculus intermedia,Antarctic blue whale,baleen whale,6,5,
aad,aad:casey2017,-63.7955,111.7872,1.0,2017-06-05,Balaenoptera musculus intermedia,Antarctic blue whale,baleen whale,15,15,
aad,aad:casey2017,-63.7955,111.7872,1.0,2017-06-07,Balaenoptera musculus intermedia,Antarctic blue whale,baleen whale,8,8,
aad,aad:casey2017,-63.7955,111.7872,1.0,2017-06-09,Balaenoptera musculus intermedia,Antarctic blue whale,baleen whale,37,26,
aad,aad:casey2017,-63.7955,111.7872,1.0,2017-06-11,Balaenoptera musculus intermedia,Antarctic blue whale,baleen whale,12,11,
aad,aad:casey2017,-63.7955,111.7872,1.0,2017-06-13,Balaenoptera musculus intermedia,Antarctic blue whale,baleen whale,2,2,
aad,aad:casey2017,-63.7955,111.7872,1.0,2017-06-14,Balaenoptera musculus intermedia,Antarctic blue whale,baleen whale,4,4,
aad,aad:casey2017,-63.7955,111.7872,1.0,2017-06-16,Balaenoptera musculus intermedia,Antarctic blue whale,baleen whale,3,3,
aad,aad:casey2017,-63.7955,111.7872,1.0,2017-06-20,Balaenoptera musculus intermedia,Antarctic blue whale,baleen whale,14,13,
aad,aad:casey2017,-63.7955,111.7872,1.0,2017-06-23,Balaenoptera musculus intermedia,Antarctic blue whale,baleen whale,4,4,
aad,aad:casey2017,-63.7955,111.7872,1.0,2017-06-25,Balaenoptera musculus intermedia,Antarctic blue whale,baleen whale,18,18,
aad,aad:casey2017,-63.7955,111.7872,1.0,2017-06-27,Balaenoptera musculus intermedia,Antarctic blue whale,baleen whale,3,3,
aad,aad:casey2017,-63.7955,111.7872,1.0,2017-07-02,Balaenoptera musculus intermedia,Antarctic blue whale,baleen whale,1,1,
aad,aad:casey2017,-63.7955,111.7872,1.0,2017-07-06,Balaenoptera musculus intermedia,Antarctic blue whale,baleen whale,1,1,
aad,aad:casey2017,-63.7955,111.7872,1.0,2017-07-09,Balaenoptera musculus intermedia,Antarctic blue whale,baleen whale,13,13,
aad,aad:casey2017,-63.7955,111.7872,1.0,2017-07-13,Balaenoptera musculus intermedia,Antarctic blue whale,baleen whale,1,1,
aad,aad:casey2017,-63.7955,111.7872,1.0,2017-07-16,Balaenoptera musculus intermedia,Antarctic blue whale,baleen whale,2,2,
aad,aad:casey2017,-63.7955,111.7872,1.0,2017-07-25,Balaenoptera musculus intermedia,Antarctic blue whale,baleen whale,1,1,
aad,aad:casey2017,-63.7955,111.7872,1.0,2017-07-27,Balaenoptera musculus intermedia,Antarctic blue whale,baleen whale,2,2,
aad,aad:casey2017,-63.7955,111.7872,1.0,2017-07-28,Balaenoptera musculus intermedia,Antarctic blue whale,baleen whale,1,1,
aad,aad:casey2017,-63.7955,111.7872,1.0,2017-08-01,Balaenoptera musculus intermedia,Antarctic blue whale,baleen whale,4,4,
aad,aad:casey2017,-63.7955,111.7872,1.0,2017-08-06,Balaenoptera musculus intermedia,Antarctic blue whale,baleen whale,1,1,
aad,aad:casey2017,-63.7955,111.7872,1.0,2017-08-10,Balaenoptera musculus intermedia,Antarctic blue whale,baleen whale,2,2,
aad,aad:casey2017,-63.7955,111.7872,1.0,2017-08-17,Balaenoptera musculus intermedia,Antarctic blue whale,baleen whale,1,1,
aad,aad:casey2017,-63.7955,111.7872,1.0,2017-08-20,Balaenoptera musculus intermedia,Antarctic blue whale,baleen whale,14,12,
aad,aad:casey2017,-63.7955,111.7872,1.0,2017-08-22,Balaenoptera musculus intermedia,Antarctic blue whale,baleen whale,1,1,
aad,aad:casey2017,-63.7955,111.7872,1.0,2017-08-24,Balaenoptera musculus intermedia,Antarctic blue whale,baleen whale,1,1,
aad,aad:casey2017,-63.7955,111.7872,1.0,2017-08-26,Balaenoptera musculus intermedia,Antarctic blue whale,baleen whale,13,13,
aad,aad:casey2017,-63.7955,111.7872,1.0,2017-08-28,Balaenoptera musculus intermedia,Antarctic blue whale,baleen whale,10,10,
aad,aad:casey2017,-63.7955,111.7872,1.0,2017-08-31,Balaenoptera musculus intermedia,Antarctic blue whale,baleen whale,32,28,
aad,aad:casey2017,-63.7955,111.7872,1.0,2017-09-02,Balaenoptera musculus intermedia,Antarctic blue whale,baleen whale,18,17,
aad,aad:casey2017,-63.7955,111.7872,1.0,2017-09-04,Balaenoptera musculus intermedia,Antarctic blue whale,baleen whale,68,55,
aad,aad:casey2017,-63.7955,111.7872,1.0,2017-09-05,Balaenoptera musculus intermedia,Antarctic blue whale,baleen whale,23,20,
aad,aad:casey2017,-63.7955,111.7872,1.0,2017-09-07,Balaenoptera musculus intermedia,Antarctic blue whale,baleen whale,17,16,
aad,aad:casey2017,-63.7955,111.7872,1.0,2017-09-09,Balaenoptera musculus intermedia,Antarctic blue whale,baleen whale,3,3,
aad,aad:casey2017,-63.7955,111.7872,1.0,2017-09-11,Balaenoptera musculus intermedia,Antarctic blue whale,baleen whale,68,58,
aad,aad:casey2017,-63.7955,111.7872,1.0,2017-09-12,Balaenoptera musculus intermedia,Antarctic blue whale,baleen whale,24,23,
aad,aad:casey2017,-63.7955,111.7872,1.0,2017-09-14,Balaenoptera musculus intermedia,Antarctic blue whale,baleen whale,7,7,
aad,aad:casey2017,-63.7955,111.7872,1.0,2017-09-16,Balaenoptera musculus intermedia,Antarctic blue whale,baleen whale,20,16,
aad,aad:casey2017,-63.7955,111.7872,1.0,2017-09-18,Balaenoptera musculus intermedia,Antarctic blue whale,baleen whale,29,24,
aad,aad:casey2017,-63.7955,111.7872,1.0,2017-09-20,Balaenoptera musculus intermedia,Antarctic blue whale,baleen whale,18,14,
aad,aad:casey2017,-63.7955,111.7872,1.0,2017-09-21,Balaenoptera musculus intermedia,Antarctic blue whale,baleen whale,17,16,
aad,aad:casey2017,-63.7955,111.7872,1.0,2017-09-23,Balaenoptera musculus intermedia,Antarctic blue whale,baleen whale,13,13,
aad,aad:casey2017,-63.7955,111.7872,1.0,2017-09-25,Balaenoptera musculus intermedia,Antarctic blue whale,baleen whale,18,17,
aad,aad:casey2017,-63.7955,111.7872,1.0,2017-09-30,Balaenoptera musculus intermedia,Antarctic blue whale,baleen whale,10,10,
aad,aad:casey2017,-63.7955,111.7872,1.0,2017-10-02,Balaenoptera musculus intermedia,Antarctic blue whale,baleen whale,9,9,
aad,aad:casey2017,-63.7955,111.7872,1.0,2017-10-04,Balaenoptera musculus intermedia,Antarctic blue whale,baleen whale,25,23,
aad,aad:casey2017,-63.7955,111.7872,1.0,2017-10-05,Balaenoptera musculus intermedia,Antarctic blue whale,baleen whale,1,1,
aad,aad:casey2017,-63.7955,111.7872,1.0,2017-10-07,Balaenoptera musculus intermedia,Antarctic blue whale,baleen whale,1,1,
aad,aad:casey2017,-63.7955,111.7872,1.0,2017-10-09,Balaenoptera musculus intermedia,Antarctic blue whale,baleen whale,50,41,
aad,aad:casey2017,-63.7955,111.7872,1.0,2017-10-11,Balaenoptera musculus intermedia,Antarctic blue whale,baleen whale,23,20,
aad,aad:casey2017,-63.7955,111.7872,1.0,2017-10-13,Balaenoptera musculus intermedia,Antarctic blue whale,baleen whale,36,32,
aad,aad:casey2017,-63.7955,111.7872,1.0,2017-10-14,Balaenoptera musculus intermedia,Antarctic blue whale,baleen whale,36,32,
aad,aad:casey2017,-63.7955,111.7872,1.0,2017-10-16,Balaenoptera musculus intermedia,Antarctic blue whale,baleen whale,2,2,
aad,aad:casey2017,-63.7955,111.7872,1.0,2017-10-18,Balaenoptera musculus intermedia,Antarctic blue whale,baleen whale,2,2,
aad,aad:casey2017,-63.7955,111.7872,1.0,2017-10-20,Balaenoptera musculus intermedia,Antarctic blue whale,baleen whale,23,23,
aad,aad:casey2017,-63.7955,111.7872,1.0,2017-10-21,Balaenoptera musculus intermedia,Antarctic blue whale,baleen whale,1,1,
aad,aad:casey2017,-63.7955,111.7872,1.0,2017-10-23,Balaenoptera musculus intermedia,Antarctic blue whale,baleen whale,18,17,
aad,aad:casey2017,-63.7955,111.7872,1.0,2017-10-25,Balaenoptera musculus intermedia,Antarctic blue whale,baleen whale,59,48,
aad,aad:casey2017,-63.7955,111.7872,1.0,2017-10-27,Balaenoptera musculus intermedia,Antarctic blue whale,baleen whale,18,18,
aad,aad:casey2017,-63.7955,111.7872,1.0,2017-10-28,Balaenoptera musculus intermedia,Antarctic blue whale,baleen whale,29,21,
aad,aad:casey2017,-63.7955,111.7872,1.0,2017-10-30,Balaenoptera musculus intermedia,Antarctic blue whale,baleen whale,6,6,
aad,aad:casey2017,-63.7955,111.7872,1.0,2017-11-01,Balaenoptera musculus intermedia,Antarctic blue whale,baleen whale,4,4,
aad,aad:casey2017,-63.7955,111.7872,1.0,2017-11-03,Balaenoptera musculus intermedia,Antarctic blue whale,baleen whale,15,12,
aad,aad:casey2017,-63.7955,111.7872,1.0,2017-11-05,Balaenoptera musculus intermedia,Antarctic blue whale,baleen whale,18,18,
aad,aad:casey2017,-63.7955,111.7872,1.0,2017-11-06,Balaenoptera musculus intermedia,Antarctic blue whale,baleen whale,10,10,
aad,aad:kerguelen2005,-62.5907,81.2607,1.0,2005-02-05,Balaenoptera musculus intermedia,Antarctic blue whale,baleen whale,1,1,
aad,aad:kerguelen2005,-62.5907,81.2607,1.0,2005-02-18,Balaenoptera musculus intermedia,Antarctic blue whale,baleen whale,1,1,
aad,aad:kerguelen2005,-62.5907,81.2607,1.0,2005-02-20,Balaenoptera musculus intermedia,Antarctic blue whale,baleen whale,5,2,
aad,aad:kerguelen2005,-62.5907,81.2607,1.0,2005-02-22,Balaenoptera musculus intermedia,Antarctic blue whale,baleen whale,34,22,
aad,aad:kerguelen2005,-62.5907,81.2607,1.0,2005-02-26,Balaenoptera musculus intermedia,Antarctic blue whale,baleen whale,42,24,
aad,aad:kerguelen2005,-62.5907,81.2607,1.0,2005-02-27,Balaenoptera musculus intermedia,Antarctic blue whale,baleen whale,87,40,
aad,aad:kerguelen2005,-62.5907,81.2607,1.0,2005-02-27,Balaenoptera physalus,Fin whale,baleen whale,13,8,
aad,aad:kerguelen2005,-62.5907,81.2607,1.0,2005-03-01,Balaenoptera musculus intermedia,Antarctic blue whale,baleen whale,59,33,
aad,aad:kerguelen2005,-62.5907,81.2607,1.0,2005-03-05,Balaenoptera musculus intermedia,Antarctic blue whale,baleen whale,3,3,
aad,aad:kerguelen2005,-62.5907,81.2607,1.0,2005-03-05,Balaenoptera physalus,Fin whale,baleen whale,12,9,
aad,aad:kerguelen2005,-62.5907,81.2607,1.0,2005-03-07,Balaenoptera musculus intermedia,Antarctic blue whale,baleen whale,8,4,
aad,aad:kerguelen2005,-62.5907,81.2607,1.0,2005-03-09,Balaenoptera musculus intermedia,Antarctic blue whale,baleen whale,11,7,
aad,aad:kerguelen2005,-62.5907,81.2607,1.0,2005-03-09,Balaenoptera physalus,Fin whale,baleen whale,35,10,
aad,aad:kerguelen2005,-62.5907,81.2607,1.0,2005-03-10,Balaenoptera musculus intermedia,Antarctic blue whale,baleen whale,31,17,
aad,aad:kerguelen2005,-62.5907,81.2607,1.0,2005-03-10,Balaenoptera physalus,Fin whale,baleen whale,1,1,
aad,aad:kerguelen2005,-62.5907,81.2607,1.0,2005-03-12,Balaenoptera musculus intermedia,Antarctic blue whale,baleen whale,5,2,
aad,aad:kerguelen2005,-62.5907,81.2607,1.0,2005-03-12,Balaenoptera physalus,Fin whale,baleen whale,32,20,
aad,aad:kerguelen2005,-62.5907,81.2607,1.0,2005-03-14,Balaenoptera musculus intermedia,Antarctic blue whale,baleen whale,2,1,
aad,aad:kerguelen2005,-62.5907,81.2607,1.0,2005-03-14,Balaenoptera physalus,Fin whale,baleen whale,6,5,
aad,aad:kerguelen2005,-62.5907,81.2607,1.0,2005-03-16,Balaenoptera musculus intermedia,Antarctic blue whale,baleen whale,14,8,
aad,aad:kerguelen2005,-62.5907,81.2607,1.0,2005-03-16,Balaenoptera physalus,Fin whale,baleen whale,2,2,
aad,aad:kerguelen2005,-62.5907,81.2607,1.0,2005-03-18,Balaenoptera musculus intermedia,Antarctic blue whale,baleen whale,29,14,
aad,aad:kerguelen2005,-62.5907,81.2607,1.0,2005-03-18,Balaenoptera physalus,Fin whale,baleen whale,4,4,
aad,aad:kerguelen2005,-62.5907,81.2607,1.0,2005-03-20,Balaenoptera musculus intermedia,Antarctic blue whale,baleen whale,13,6,
aad,aad:kerguelen2005,-62.5907,81.2607,1.0,2005-03-20,Balaenoptera physalus,Fin whale,baleen whale,1,1,
aad,aad:kerguelen2005,-62.5907,81.2607,1.0,2005-03-22,Balaenoptera musculus intermedia,Antarctic blue whale,baleen whale,15,9,
aad,aad:kerguelen2005,-62.5907,81.2607,1.0,2005-03-22,Balaenoptera physalus,Fin whale,baleen whale,2,1,
aad,aad:kerguelen2005,-62.5907,81.2607,1.0,2005-03-25,Balaenoptera musculus intermedia,Antarctic blue whale,baleen whale,19,9,
aad,aad:kerguelen2005,-62.5907,81.2607,1.0,2005-03-27,Balaenoptera musculus intermedia,Antarctic blue whale,baleen whale,25,14,
aad,aad:kerguelen2005,-62.5907,81.2607,1.0,2005-03-27,Balaenoptera physalus,Fin whale,baleen whale,3,3,
aad,aad:kerguelen2005,-62.5907,81.2607,1.0,2005-03-29,Balaenoptera musculus intermedia,Antarctic blue whale,baleen whale,22,15,
aad,aad:kerguelen2005,-62.5907,81.2607,1.0,2005-03-29,Balaenoptera physalus,Fin whale,baleen whale,3,3,
aad,aad:kerguelen2005,-62.5907,81.2607,1.0,2005-03-31,Balaenoptera musculus intermedia,Antarctic blue whale,baleen whale,8,5,
aad,aad:kerguelen2005,-62.5907,81.2607,1.0,2005-04-02,Balaenoptera musculus intermedia,Antarctic blue whale,baleen whale,49,25,
aad,aad:kerguelen2005,-62.5907,81.2607,1.0,2005-04-03,Balaenoptera musculus intermedia,Antarctic blue whale,baleen whale,12,5,
aad,aad:kerguelen2005,-62.5907,81.2607,1.0,2005-04-05,Balaenoptera musculus intermedia,Antarctic blue whale,baleen whale,1,1,
aad,aad:kerguelen2005,-62.5907,81.2607,1.0,2005-04-05,Balaenoptera physalus,Fin whale,baleen whale,3,3,
aad,aad:kerguelen2005,-62.5907,81.2607,1.0,2005-04-07,Balaenoptera musculus intermedia,Antarctic blue whale,baleen whale,10,4,
aad,aad:kerguelen2005,-62.5907,81.2607,1.0,2005-04-09,Balaenoptera musculus intermedia,Antarctic blue whale,baleen whale,9,5,
aad,aad:kerguelen2005,-62.5907,81.2607,1.0,2005-04-09,Balaenoptera physalus,Fin whale,baleen whale,9,7,
aad,aad:kerguelen2005,-62.5907,81.2607,1.0,2005-04-11,Balaenoptera musculus intermedia,Antarctic blue whale,baleen whale,5,3,
aad,aad:kerguelen2005,-62.5907,81.2607,1.0,2005-04-11,Balaenoptera physalus,Fin whale,baleen whale,3,3,
aad,aad:kerguelen2005,-62.5907,81.2607,1.0,2005-04-13,Balaenoptera musculus intermedia,Antarctic blue whale,baleen whale,5,3,
aad,aad:kerguelen2005,-62.5907,81.2607,1.0,2005-04-13,Balaenoptera physalus,Fin whale,baleen whale,4,4,
aad,aad:kerguelen2005,-62.5907,81.2607,1.0,2005-04-14,Balaenoptera musculus intermedia,Antarctic blue whale,baleen whale,47,26,
aad,aad:kerguelen2005,-62.5907,81.2607,1.0,2005-04-16,Balaenoptera musculus intermedia,Antarctic blue whale,baleen whale,6,3,
aad,aad:kerguelen2005,-62.5907,81.2607,1.0,2005-04-18,Balaenoptera musculus intermedia,Antarctic blue whale,baleen whale,78,61,
aad,aad:kerguelen2005,-62.5907,81.2607,1.0,2005-04-22,Balaenoptera musculus intermedia,Antarctic blue whale,baleen whale,41,24,
aad,aad:kerguelen2005,-62.5907,81.2607,1.0,2005-04-24,Balaenoptera musculus intermedia,Antarctic blue whale,baleen whale,53,27,
aad,aad:kerguelen2005,-62.5907,81.2607,1.0,2005-04-24,Balaenoptera physalus,Fin whale,baleen whale,455,115,
aad,aad:kerguelen2005,-62.5907,81.2607,1.0,2005-04-25,Balaenoptera musculus intermedia,Antarctic blue whale,baleen whale,83,40,
aad,aad:kerguelen2005,-62.5907,81.2607,1.0,2005-04-27,Balaenoptera musculus intermedia,Antarctic blue whale,baleen whale,67,31,
aad,aad:kerguelen2005,-62.5907,81.2607,1.0,2005-04-27,Balaenoptera physalus,Fin whale,baleen whale,120,45,
aad,aad:kerguelen2005,-62.5907,81.2607,1.0,2005-04-29,Balaenoptera musculus intermedia,Antarctic blue whale,baleen whale,114,70,
aad,aad:kerguelen2005,-62.5907,81.2607,1.0,2005-04-29,Balaenoptera physalus,Fin whale,baleen whale,50,27,
aad,aad:kerguelen2005,-62.5907,81.2607,1.0,2005-05-01,Balaenoptera musculus intermedia,Antarctic blue whale,baleen whale,90,39,
aad,aad:kerguelen2005,-62.5907,81.2607,1.0,2005-05-03,Balaenoptera musculus intermedia,Antarctic blue whale,baleen whale,86,41,
aad,aad:kerguelen2005,-62.5907,81.2607,1.0,2005-05-03,Balaenoptera physalus,Fin whale,baleen whale,4,3,
aad,aad:kerguelen2005,-62.5907,81.2607,1.0,2005-05-05,Balaenoptera musculus intermedia,Antarctic blue whale,baleen whale,56,29,
aad,aad:kerguelen2005,-62.5907,81.2607,1.0,2005-05-05,Balaenoptera physalus,Fin whale,baleen whale,54,26,
aad,aad:kerguelen2005,-62.5907,81.2607,1.0,2005-05-06,Balaenoptera musculus intermedia,Antarctic blue whale,baleen whale,50,24,
aad,aad:kerguelen2005,-62.5907,81.2607,1.0,2005-05-06,Balaenoptera physalus,Fin whale,baleen whale,321,77,
aad,aad:kerguelen2005,-62.5907,81.2607,1.0,2005-05-08,Balaenoptera musculus intermedia,Antarctic blue whale,baleen whale,30,21,
aad,aad:kerguelen2005,-62.5907,81.2607,1.0,2005-05-08,Balaenoptera physalus,Fin whale,baleen whale,2,2,
aad,aad:kerguelen2005,-62.5907,81.2607,1.0,2005-05-10,Balaenoptera musculus intermedia,Antarctic blue whale,baleen whale,20,13,
aad,aad:kerguelen2005,-62.5907,81.2607,1.0,2005-05-10,Balaenoptera physalus,Fin whale,baleen whale,4,3,
aad,aad:kerguelen2005,-62.5907,81.2607,1.0,2005-05-12,Balaenoptera musculus intermedia,Antarctic blue whale,baleen whale,104,51,
aad,aad:kerguelen2005,-62.5907,81.2607,1.0,2005-05-14,Balaenoptera musculus intermedia,Antarctic blue whale,baleen whale,36,21,
aad,aad:kerguelen2005,-62.5907,81.2607,1.0,2005-05-14,Balaenoptera physalus,Fin whale,baleen whale,55,25,
aad,aad:kerguelen2005,-62.5907,81.2607,1.0,2005-05-16,Balaenoptera musculus intermedia,Antarctic blue whale,baleen whale,1,1,
aad,aad:kerguelen2005,-62.5907,81.2607,1.0,2005-05-16,Balaenoptera physalus,Fin whale,baleen whale,9,7,
aad,aad:kerguelen2005,-62.5907,81.2607,1.0,2005-05-17,Balaenoptera musculus intermedia,Antarctic blue whale,baleen whale,17,11,
aad,aad:kerguelen2005,-62.5907,81.2607,1.0,2005-05-17,Balaenoptera physalus,Fin whale,baleen whale,7,6,
aad,aad:kerguelen2005,-62.5907,81.2607,1.0,2005-05-21,Balaenoptera musculus intermedia,Antarctic blue whale,baleen whale,1,1,
aad,aad:kerguelen2005,-62.5907,81.2607,1.0,2005-05-21,Balaenoptera physalus,Fin whale,baleen whale,12,9,
aad,aad:kerguelen2005,-62.5907,81.2607,1.0,2005-05-23,Balaenoptera physalus,Fin whale,baleen whale,11,8,
aad,aad:kerguelen2005,-62.5907,81.2607,1.0,2005-05-25,Balaenoptera musculus intermedia,Antarctic blue whale,baleen whale,7,5,
aad,aad:kerguelen2005,-62.5907,81.2607,1.0,2005-05-27,Balaenoptera physalus,Fin whale,baleen whale,1,1,
aad,aad:kerguelen2005,-62.5907,81.2607,1.0,2005-05-28,Balaenoptera musculus intermedia,Antarctic blue whale,baleen whale,14,8,
aad,aad:kerguelen2005,-62.5907,81.2607,1.0,2005-05-28,Balaenoptera physalus,Fin whale,baleen whale,35,20,
aad,aad:kerguelen2005,-62.5907,81.2607,1.0,2005-05-30,Balaenoptera musculus intermedia,Antarctic blue whale,baleen whale,23,11,
aad,aad:kerguelen2005,-62.5907,81.2607,1.0,2005-06-01,Balaenoptera musculus intermedia,Antarctic blue whale,baleen whale,19,13,
aad,aad:kerguelen2005,-62.5907,81.2607,1.0,2005-06-01,Balaenoptera physalus,Fin whale,baleen whale,3,3,
aad,aad:kerguelen2005,-62.5907,81.2607,1.0,2005-06-03,Balaenoptera musculus intermedia,Antarctic blue whale,baleen whale,23,17,
aad,aad:kerguelen2005,-62.5907,81.2607,1.0,2005-06-03,Balaenoptera physalus,Fin whale,baleen whale,2,2,
aad,aad:kerguelen2005,-62.5907,81.2607,1.0,2005-06-05,Balaenoptera musculus intermedia,Antarctic blue whale,baleen whale,15,10,
aad,aad:kerguelen2005,-62.5907,81.2607,1.0,2005-06-05,Balaenoptera physalus,Fin whale,baleen whale,3,2,
aad,aad:kerguelen2005,-62.5907,81.2607,1.0,2005-06-07,Balaenoptera musculus intermedia,Antarctic blue whale,baleen whale,15,11,
aad,aad:kerguelen2005,-62.5907,81.2607,1.0,2005-06-07,Balaenoptera physalus,Fin whale,baleen whale,1,1,
aad,aad:kerguelen2005,-62.5907,81.2607,1.0,2005-06-08,Balaenoptera musculus intermedia,Antarctic blue whale,baleen whale,1,1,
aad,aad:kerguelen2005,-62.5907,81.2607,1.0,2005-06-10,Balaenoptera musculus intermedia,Antarctic blue whale,baleen whale,19,12,
aad,aad:kerguelen2005,-62.5907,81.2607,1.0,2005-06-10,Balaenoptera physalus,Fin whale,baleen whale,1,1,
aad,aad:kerguelen2005,-62.5907,81.2607,1.0,2005-06-12,Balaenoptera musculus intermedia,Antarctic blue whale,baleen whale,13,7,
aad,aad:kerguelen2005,-62.5907,81.2607,1.0,2005-06-14,Balaenoptera musculus intermedia,Antarctic blue whale,baleen whale,31,19,
aad,aad:kerguelen2005,-62.5907,81.2607,1.0,2005-06-18,Balaenoptera musculus intermedia,Antarctic blue whale,baleen whale,2,1,
aad,aad:kerguelen2005,-62.5907,81.2607,1.0,2005-06-19,Balaenoptera musculus intermedia,Antarctic blue whale,baleen whale,27,13,
aad,aad:kerguelen2005,-62.5907,81.2607,1.0,2005-06-21,Balaenoptera musculus intermedia,Antarctic blue whale,baleen whale,8,5,
aad,aad:kerguelen2005,-62.5907,81.2607,1.0,2005-06-21,Balaenoptera physalus,Fin whale,baleen whale,10,9,
aad,aad:kerguelen2005,-62.5907,81.2607,1.0,2005-06-23,Balaenoptera musculus intermedia,Antarctic blue whale,baleen whale,6,5,
aad,aad:kerguelen2005,-62.5907,81.2607,1.0,2005-06-25,Balaenoptera musculus intermedia,Antarctic blue whale,baleen whale,5,3,
aad,aad:kerguelen2005,-62.5907,81.2607,1.0,2005-06-27,Balaenoptera musculus intermedia,Antarctic blue whale,baleen whale,2,1,
aad,aad:kerguelen2005,-62.5907,81.2607,1.0,2005-06-27,Balaenoptera physalus,Fin whale,baleen whale,17,7,
aad,aad:kerguelen2005,-62.5907,81.2607,1.0,2005-06-29,Balaenoptera musculus intermedia,Antarctic blue whale,baleen whale,26,15,
aad,aad:kerguelen2005,-62.5907,81.2607,1.0,2005-06-30,Balaenoptera musculus intermedia,Antarctic blue whale,baleen whale,6,4,
aad,aad:kerguelen2005,-62.5907,81.2607,1.0,2005-07-02,Balaenoptera musculus intermedia,Antarctic blue whale,baleen whale,8,5,
aad,aad:kerguelen2005,-62.5907,81.2607,1.0,2005-07-04,Balaenoptera musculus intermedia,Antarctic blue whale,baleen whale,4,2,
aad,aad:kerguelen2005,-62.5907,81.2607,1.0,2005-07-06,Balaenoptera musculus intermedia,Antarctic blue whale,baleen whale,2,1,
aad,aad:kerguelen2005,-62.5907,81.2607,1.0,2005-07-08,Balaenoptera musculus intermedia,Antarctic blue whale,baleen whale,1,1,
aad,aad:kerguelen2005,-62.5907,81.2607,1.0,2005-07-10,Balaenoptera musculus intermedia,Antarctic blue whale,baleen whale,3,2,
aad,aad:kerguelen2005,-62.5907,81.2607,1.0,2005-07-11,Balaenoptera musculus intermedia,Antarctic blue whale,baleen whale,6,5,
aad,aad:kerguelen2005,-62.5907,81.2607,1.0,2005-07-17,Balaenoptera musculus intermedia,Antarctic blue whale,baleen whale,4,2,
aad,aad:kerguelen2005,-62.5907,81.2607,1.0,2005-07-19,Balaenoptera musculus intermedia,Antarctic blue whale,baleen whale,3,2,
aad,aad:kerguelen2005,-62.5907,81.2607,1.0,2005-07-21,Balaenoptera musculus intermedia,Antarctic blue whale,baleen whale,10,7,
aad,aad:kerguelen2005,-62.5907,81.2607,1.0,2005-07-22,Balaenoptera musculus intermedia,Antarctic blue whale,baleen whale,6,4,
aad,aad:kerguelen2005,-62.5907,81.2607,1.0,2005-07-24,Balaenoptera musculus intermedia,Antarctic blue whale,baleen whale,13,8,
aad,aad:kerguelen2005,-62.5907,81.2607,1.0,2005-07-26,Balaenoptera musculus intermedia,Antarctic blue whale,baleen whale,14,9,
aad,aad:kerguelen2005,-62.5907,81.2607,1.0,2005-07-28,Balaenoptera musculus intermedia,Antarctic blue whale,baleen whale,3,2,
aad,aad:kerguelen2005,-62.5907,81.2607,1.0,2005-07-30,Balaenoptera musculus intermedia,Antarctic blue whale,baleen whale,6,4,
aad,aad:kerguelen2005,-62.5907,81.2607,1.0,2005-08-01,Balaenoptera musculus intermedia,Antarctic blue whale,baleen whale,21,13,
aad,aad:kerguelen2005,-62.5907,81.2607,1.0,2005-08-02,Balaenoptera musculus intermedia,Antarctic blue whale,baleen whale,2,1,
aad,aad:kerguelen2005,-62.5907,81.2607,1.0,2005-08-06,Balaenoptera musculus intermedia,Antarctic blue whale,baleen whale,4,3,
aad,aad:kerguelen2005,-62.5907,81.2607,1.0,2005-08-10,Balaenoptera musculus intermedia,Antarctic blue whale,baleen whale,9,6,
aad,aad:kerguelen2005,-62.5907,81.2607,1.0,2005-08-12,Balaenoptera musculus intermedia,Antarctic blue whale,baleen whale,4,2,
aad,aad:kerguelen2005,-62.5907,81.2607,1.0,2005-08-13,Balaenoptera musculus intermedia,Antarctic blue whale,baleen whale,8,5,
aad,aad:kerguelen2005,-62.5907,81.2607,1.0,2005-08-15,Balaenoptera musculus intermedia,Antarctic blue whale,baleen whale,8,5,
aad,aad:kerguelen2005,-62.5907,81.2607,1.0,2005-08-17,Balaenoptera musculus intermedia,Antarctic blue whale,baleen whale,9,5,
aad,aad:kerguelen2005,-62.5907,81.2607,1.0,2005-08-19,Balaenoptera musculus intermedia,Antarctic blue whale,baleen whale,1,1,
aad,aad:kerguelen2005,-62.5907,81.2607,1.0,2005-08-23,Balaenoptera musculus intermedia,Antarctic blue whale,baleen whale,19,11,
aad,aad:kerguelen2005,-62.5907,81.2607,1.0,2005-08-24,Balaenoptera musculus intermedia,Antarctic blue whale,baleen whale,10,4,
aad,aad:kerguelen2005,-62.5907,81.2607,1.0,2005-08-28,Balaenoptera musculus intermedia,Antarctic blue whale,baleen whale,3,2,
aad,aad:kerguelen2005,-62.5907,81.2607,1.0,2005-09-01,Balaenoptera musculus intermedia,Antarctic blue whale,baleen whale,4,2,
aad,aad:kerguelen2005,-62.5907,81.2607,1.0,2005-09-03,Balaenoptera musculus intermedia,Antarctic blue whale,baleen whale,2,1,
aad,aad:kerguelen2005,-62.5907,81.2607,1.0,2005-09-04,Balaenoptera musculus intermedia,Antarctic blue whale,baleen whale,21,13,
aad,aad:kerguelen2005,-62.5907,81.2607,1.0,2005-09-06,Balaenoptera musculus intermedia,Antarctic blue whale,baleen whale,2,1,
aad,aad:kerguelen2005,-62.5907,81.2607,1.0,2005-09-08,Balaenoptera musculus intermedia,Antarctic blue whale,baleen whale,8,4,
aad,aad:kerguelen2005,-62.5907,81.2607,1.0,2005-09-10,Balaenoptera musculus intermedia,Antarctic blue whale,baleen whale,9,5,
aad,aad:kerguelen2005,-62.5907,81.2607,1.0,2005-09-12,Balaenoptera musculus intermedia,Antarctic blue whale,baleen whale,5,3,
aad,aad:kerguelen2005,-62.5907,81.2607,1.0,2005-09-14,Balaenoptera musculus intermedia,Antarctic blue whale,baleen whale,8,5,
aad,aad:kerguelen2005,-62.5907,81.2607,1.0,2005-09-15,Balaenoptera musculus intermedia,Antarctic blue whale,baleen whale,2,1,
aad,aad:kerguelen2005,-62.5907,81.2607,1.0,2005-09-17,Balaenoptera musculus intermedia,Antarctic blue whale,baleen whale,5,3,
aad,aad:kerguelen2005,-62.5907,81.2607,1.0,2005-09-23,Balaenoptera musculus intermedia,Antarctic blue whale,baleen whale,25,15,
aad,aad:kerguelen2005,-62.5907,81.2607,1.0,2005-09-25,Balaenoptera musculus intermedia,Antarctic blue whale,baleen whale,15,8,
aad,aad:kerguelen2005,-62.5907,81.2607,1.0,2005-09-27,Balaenoptera musculus intermedia,Antarctic blue whale,baleen whale,1,1,
aad,aad:kerguelen2005,-62.5907,81.2607,1.0,2005-10-02,Balaenoptera musculus intermedia,Antarctic blue whale,baleen whale,29,18,
aad,aad:kerguelen2005,-62.5907,81.2607,1.0,2005-10-11,Balaenoptera musculus intermedia,Antarctic blue whale,baleen whale,2,1,
aad,aad:kerguelen2005,-62.5907,81.2607,1.0,2005-10-13,Balaenoptera musculus intermedia,Antarctic blue whale,baleen whale,3,2,
aad,aad:kerguelen2005,-62.5907,81.2607,1.0,2005-10-15,Balaenoptera musculus intermedia,Antarctic blue whale,baleen whale,8,4,
aad,aad:kerguelen2005,-62.5907,81.2607,1.0,2005-10-19,Balaenoptera musculus intermedia,Antarctic blue whale,baleen whale,5,3,
aad,aad:kerguelen2005,-62.5907,81.2607,1.0,2005-10-20,Balaenoptera musculus intermedia,Antarctic blue whale,baleen whale,1,1,
aad,aad:kerguelen2005,-62.5907,81.2607,1.0,2005-10-22,Balaenoptera musculus intermedia,Antarctic blue whale,baleen whale,10,5,
aad,aad:kerguelen2005,-62.5907,81.2607,1.0,2005-10-24,Balaenoptera musculus intermedia,Antarctic blue whale,baleen whale,4,2,
aad,aad:kerguelen2005,-62.5907,81.2607,1.0,2005-10-26,Balaenoptera musculus intermedia,Antarctic blue whale,baleen whale,8,5,
aad,aad:kerguelen2005,-62.5907,81.2607,1.0,2005-10-28,Balaenoptera musculus intermedia,Antarctic blue whale,baleen whale,43,21,
aad,aad:kerguelen2005,-62.5907,81.2607,1.0,2005-10-30,Balaenoptera musculus intermedia,Antarctic blue whale,baleen whale,5,3,
aad,aad:kerguelen2005,-62.5907,81.2607,1.0,2005-11-11,Balaenoptera musculus intermedia,Antarctic blue whale,baleen whale,6,3,
aad,aad:kerguelen2005,-62.5907,81.2607,1.0,2005-11-13,Balaenoptera musculus intermedia,Antarctic blue whale,baleen whale,1,1,
aad,aad:kerguelen2005,-62.5907,81.2607,1.0,2005-11-15,Balaenoptera musculus intermedia,Antarctic blue whale,baleen whale,26,15,
aad,aad:kerguelen2005,-62.5907,81.2607,1.0,2005-11-17,Balaenoptera musculus intermedia,Antarctic blue whale,baleen whale,50,29,
aad,aad:kerguelen2005,-62.5907,81.2607,1.0,2005-11-19,Balaenoptera musculus intermedia,Antarctic blue whale,baleen whale,4,3,
aad,aad:kerguelen2005,-62.5907,81.2607,1.0,2005-11-21,Balaenoptera musculus intermedia,Antarctic blue whale,baleen whale,55,28,
aad,aad:kerguelen2005,-62.5907,81.2607,1.0,2005-11-22,Balaenoptera musculus intermedia,Antarctic blue whale,baleen whale,11,6,
aad,aad:kerguelen2005,-62.5907,81.2607,1.0,2005-11-26,Balaenoptera musculus intermedia,Antarctic blue whale,baleen whale,2,1,
aad,aad:kerguelen2005,-62.5907,81.2607,1.0,2005-11-28,Balaenoptera musculus intermedia,Antarctic blue whale,baleen whale,8,4,
aad,aad:kerguelen2005,-62.5907,81.2607,1.0,2005-12-02,Balaenoptera musculus intermedia,Antarctic blue whale,baleen whale,8,7,
aad,aad:kerguelen2005,-62.5907,81.2607,1.0,2005-12-03,Balaenoptera musculus intermedia,Antarctic blue whale,baleen whale,16,9,
aad,aad:kerguelen2005,-62.5907,81.2607,1.0,2005-12-13,Balaenoptera musculus intermedia,Antarctic blue whale,baleen whale,15,13,
aad,aad:kerguelen2005,-62.5907,81.2607,1.0,2005-12-16,Balaenoptera musculus intermedia,Antarctic blue whale,baleen whale,1,1,
aad,aad:kerguelen2005,-62.5907,81.2607,1.0,2005-12-18,Balaenoptera musculus intermedia,Antarctic blue whale,baleen whale,6,5,
aad,aad:kerguelen2005,-62.5907,81.2607,1.0,2005-12-20,Balaenoptera musculus intermedia,Antarctic blue whale,baleen whale,2,1,
aad,aad:kerguelen2005,-62.5907,81.2607,1.0,2005-12-22,Balaenoptera musculus intermedia,Antarctic blue whale,baleen whale,9,8,
aad,aad:kerguelen2005,-62.5907,81.2607,1.0,2005-12-25,Balaenoptera musculus intermedia,Antarctic blue whale,baleen whale,1,1,
aad,aad:kerguelen2005,-62.5907,81.2607,1.0,2005-12-27,Balaenoptera musculus intermedia,Antarctic blue whale,baleen whale,13,9,
aad,aad:kerguelen2005,-62.5907,81.2607,1.0,2005-12-29,Balaenoptera musculus intermedia,Antarctic blue whale,baleen whale,1,1,
aad,aad:kerguelen2005,-62.5907,81.2607,1.0,2006-01-07,Balaenoptera musculus intermedia,Antarctic blue whale,baleen whale,3,2,
aad,aad:kerguelen2005,-62.5907,81.2607,1.0,2006-01-11,Balaenoptera musculus intermedia,Antarctic blue whale,baleen whale,2,2,
aad,aad:kerguelen2005,-62.5907,81.2607,1.0,2006-01-13,Balaenoptera musculus intermedia,Antarctic blue whale,baleen whale,23,13,
aad,aad:kerguelen2005,-62.5907,81.2607,1.0,2006-01-15,Balaenoptera musculus intermedia,Antarctic blue whale,baleen whale,7,4,
aad,aad:kerguelen2005,-62.5907,81.2607,1.0,2006-01-16,Balaenoptera musculus intermedia,Antarctic blue whale,baleen whale,6,5,
aad,aad:kerguelen2005,-62.5907,81.2607,1.0,2006-01-20,Balaenoptera musculus intermedia,Antarctic blue whale,baleen whale,1,1,
aad,aad:kerguelen2005,-62.5907,81.2607,1.0,2006-01-24,Balaenoptera musculus intermedia,Antarctic blue whale,baleen whale,2,1,
aad,aad:kerguelen2005,-62.5907,81.2607,1.0,2006-01-31,Balaenoptera musculus intermedia,Antarctic blue whale,baleen whale,10,5,
aad,aad:kerguelen2014,-62.3802,81.7968,1.0,2014-02-22,Balaenoptera musculus intermedia,Antarctic blue whale,baleen whale,6,6,
aad,aad:kerguelen2014,-62.3802,81.7968,1.0,2014-02-23,Balaenoptera musculus intermedia,Antarctic blue whale,baleen whale,6,6,
aad,aad:kerguelen2014,-62.3802,81.7968,1.0,2014-02-25,Balaenoptera musculus intermedia,Antarctic blue whale,baleen whale,12,12,
aad,aad:kerguelen2014,-62.3802,81.7968,1.0,2014-02-27,Balaenoptera musculus intermedia,Antarctic blue whale,baleen whale,15,14,
aad,aad:kerguelen2014,-62.3802,81.7968,1.0,2014-03-01,Balaenoptera musculus intermedia,Antarctic blue whale,baleen whale,64,60,
aad,aad:kerguelen2014,-62.3802,81.7968,1.0,2014-03-03,Balaenoptera musculus intermedia,Antarctic blue whale,baleen whale,5,5,
aad,aad:kerguelen2014,-62.3802,81.7968,1.0,2014-03-06,Balaenoptera musculus intermedia,Antarctic blue whale,baleen whale,33,28,
aad,aad:kerguelen2014,-62.3802,81.7968,1.0,2014-03-08,Balaenoptera musculus intermedia,Antarctic blue whale,baleen whale,13,12,
aad,aad:kerguelen2014,-62.3802,81.7968,1.0,2014-03-10,Balaenoptera musculus intermedia,Antarctic blue whale,baleen whale,18,18,
aad,aad:kerguelen2014,-62.3802,81.7968,1.0,2014-03-14,Balaenoptera musculus intermedia,Antarctic blue whale,baleen whale,6,6,
aad,aad:kerguelen2014,-62.3802,81.7968,1.0,2014-03-16,Balaenoptera musculus intermedia,Antarctic blue whale,baleen whale,23,20,
aad,aad:kerguelen2014,-62.3802,81.7968,1.0,2014-03-17,Balaenoptera musculus intermedia,Antarctic blue whale,baleen whale,24,22,
aad,aad:kerguelen2014,-62.3802,81.7968,1.0,2014-03-19,Balaenoptera musculus intermedia,Antarctic blue whale,baleen whale,20,20,
aad,aad:kerguelen2014,-62.3802,81.7968,1.0,2014-03-21,Balaenoptera musculus intermedia,Antarctic blue whale,baleen whale,2,2,
aad,aad:kerguelen2014,-62.3802,81.7968,1.0,2014-03-23,Balaenoptera musculus intermedia,Antarctic blue whale,baleen whale,24,19,
aad,aad:kerguelen2014,-62.3802,81.7968,1.0,2014-03-25,Balaenoptera musculus intermedia,Antarctic blue whale,baleen whale,51,43,
aad,aad:kerguelen2014,-62.3802,81.7968,1.0,2014-03-25,Balaenoptera physalus,Fin whale,baleen whale,781,120,
aad,aad:kerguelen2014,-62.3802,81.7968,1.0,2014-03-27,Balaenoptera physalus,Fin whale,baleen whale,554,104,
aad,aad:kerguelen2014,-62.3802,81.7968,1.0,2014-03-28,Balaenoptera musculus intermedia,Antarctic blue whale,baleen whale,4,4,
aad,aad:kerguelen2014,-62.3802,81.7968,1.0,2014-03-28,Balaenoptera physalus,Fin whale,baleen whale,21,4,
aad,aad:kerguelen2014,-62.3802,81.7968,1.0,2014-03-30,Balaenoptera physalus,Fin whale,baleen whale,177,32,
aad,aad:kerguelen2014,-62.3802,81.7968,1.0,2014-04-01,Balaenoptera musculus intermedia,Antarctic blue whale,baleen whale,10,9,
aad,aad:kerguelen2014,-62.3802,81.7968,1.0,2014-04-03,Balaenoptera musculus intermedia,Antarctic blue whale,baleen whale,12,11,
aad,aad:kerguelen2014,-62.3802,81.7968,1.0,2014-04-03,Balaenoptera physalus,Fin whale,baleen whale,106,39,
aad,aad:kerguelen2014,-62.3802,81.7968,1.0,2014-04-04,Balaenoptera musculus intermedia,Antarctic blue whale,baleen whale,4,4,
aad,aad:kerguelen2014,-62.3802,81.7968,1.0,2014-04-07,Balaenoptera musculus intermedia,Antarctic blue whale,baleen whale,3,3,
aad,aad:kerguelen2014,-62.3802,81.7968,1.0,2014-04-07,Balaenoptera physalus,Fin whale,baleen whale,46,22,
aad,aad:kerguelen2014,-62.3802,81.7968,1.0,2014-04-08,Balaenoptera musculus intermedia,Antarctic blue whale,baleen whale,12,12,
aad,aad:kerguelen2014,-62.3802,81.7968,1.0,2014-04-10,Balaenoptera physalus,Fin whale,baleen whale,72,23,
aad,aad:kerguelen2014,-62.3802,81.7968,1.0,2014-04-12,Balaenoptera musculus intermedia,Antarctic blue whale,baleen whale,32,28,
aad,aad:kerguelen2014,-62.3802,81.7968,1.0,2014-04-14,Balaenoptera musculus intermedia,Antarctic blue whale,baleen whale,4,4,
aad,aad:kerguelen2014,-62.3802,81.7968,1.0,2014-04-14,Balaenoptera physalus,Fin whale,baleen whale,1,1,
aad,aad:kerguelen2014,-62.3802,81.7968,1.0,2014-04-15,Balaenoptera musculus intermedia,Antarctic blue whale,baleen whale,10,10,
aad,aad:kerguelen2014,-62.3802,81.7968,1.0,2014-04-17,Balaenoptera musculus intermedia,Antarctic blue whale,baleen whale,52,42,
aad,aad:kerguelen2014,-62.3802,81.7968,1.0,2014-04-19,Balaenoptera musculus intermedia,Antarctic blue whale,baleen whale,31,27,
aad,aad:kerguelen2014,-62.3802,81.7968,1.0,2014-04-19,Balaenoptera physalus,Fin whale,baleen whale,52,29,
aad,aad:kerguelen2014,-62.3802,81.7968,1.0,2014-04-21,Balaenoptera physalus,Fin whale,baleen whale,1,1,
aad,aad:kerguelen2014,-62.3802,81.7968,1.0,2014-04-23,Balaenoptera musculus intermedia,Antarctic blue whale,baleen whale,40,35,
aad,aad:kerguelen2014,-62.3802,81.7968,1.0,2014-04-25,Balaenoptera musculus intermedia,Antarctic blue whale,baleen whale,7,7,
aad,aad:kerguelen2014,-62.3802,81.7968,1.0,2014-04-26,Balaenoptera musculus intermedia,Antarctic blue whale,baleen whale,12,12,
aad,aad:kerguelen2014,-62.3802,81.7968,1.0,2014-04-26,Balaenoptera physalus,Fin whale,baleen whale,268,83,
aad,aad:kerguelen2014,-62.3802,81.7968,1.0,2014-04-28,Balaenoptera musculus intermedia,Antarctic blue whale,baleen whale,65,54,
aad,aad:kerguelen2014,-62.3802,81.7968,1.0,2014-04-30,Balaenoptera musculus intermedia,Antarctic blue whale,baleen whale,47,40,
aad,aad:kerguelen2014,-62.3802,81.7968,1.0,2014-04-30,Balaenoptera physalus,Fin whale,baleen whale,5,4,
aad,aad:kerguelen2014,-62.3802,81.7968,1.0,2014-05-04,Balaenoptera musculus intermedia,Antarctic blue whale,baleen whale,75,59,
aad,aad:kerguelen2014,-62.3802,81.7968,1.0,2014-05-04,Balaenoptera physalus,Fin whale,baleen whale,53,26,
aad,aad:kerguelen2014,-62.3802,81.7968,1.0,2014-05-06,Balaenoptera musculus intermedia,Antarctic blue whale,baleen whale,14,9,
aad,aad:kerguelen2014,-62.3802,81.7968,1.0,2014-05-06,Balaenoptera physalus,Fin whale,baleen whale,12,7,
aad,aad:kerguelen2014,-62.3802,81.7968,1.0,2014-05-07,Balaenoptera musculus intermedia,Antarctic blue whale,baleen whale,1,1,
aad,aad:kerguelen2014,-62.3802,81.7968,1.0,2014-05-07,Balaenoptera physalus,Fin whale,baleen whale,2,2,
aad,aad:kerguelen2014,-62.3802,81.7968,1.0,2014-05-09,Balaenoptera physalus,Fin whale,baleen whale,224,43,
aad,aad:kerguelen2014,-62.3802,81.7968,1.0,2014-05-11,Balaenoptera physalus,Fin whale,baleen whale,86,26,
aad,aad:kerguelen2014,-62.3802,81.7968,1.0,2014-05-13,Balaenoptera physalus,Fin whale,baleen whale,230,64,
aad,aad:kerguelen2014,-62.3802,81.7968,1.0,2014-05-17,Balaenoptera musculus intermedia,Antarctic blue whale,baleen whale,9,7,
aad,aad:kerguelen2014,-62.3802,81.7968,1.0,2014-05-17,Balaenoptera physalus,Fin whale,baleen whale,207,65,
aad,aad:kerguelen2014,-62.3802,81.7968,1.0,2014-05-18,Balaenoptera musculus intermedia,Antarctic blue whale,baleen whale,31,30,
aad,aad:kerguelen2014,-62.3802,81.7968,1.0,2014-05-18,Balaenoptera physalus,Fin whale,baleen whale,462,96,
aad,aad:kerguelen2014,-62.3802,81.7968,1.0,2014-05-20,Balaenoptera musculus intermedia,Antarctic blue whale,baleen whale,9,9,
aad,aad:kerguelen2014,-62.3802,81.7968,1.0,2014-05-22,Balaenoptera musculus intermedia,Antarctic blue whale,baleen whale,55,53,
aad,aad:kerguelen2014,-62.3802,81.7968,1.0,2014-05-22,Balaenoptera physalus,Fin whale,baleen whale,3,3,
aad,aad:kerguelen2014,-62.3802,81.7968,1.0,2014-05-24,Balaenoptera musculus intermedia,Antarctic blue whale,baleen whale,12,10,
aad,aad:kerguelen2014,-62.3802,81.7968,1.0,2014-05-26,Balaenoptera musculus intermedia,Antarctic blue whale,baleen whale,20,18,
aad,aad:kerguelen2014,-62.3802,81.7968,1.0,2014-05-26,Balaenoptera physalus,Fin whale,baleen whale,21,15,
aad,aad:kerguelen2014,-62.3802,81.7968,1.0,2014-05-28,Balaenoptera physalus,Fin whale,baleen whale,2,2,
aad,aad:kerguelen2014,-62.3802,81.7968,1.0,2014-05-29,Balaenoptera musculus intermedia,Antarctic blue whale,baleen whale,59,50,
aad,aad:kerguelen2014,-62.3802,81.7968,1.0,2014-05-31,Balaenoptera musculus intermedia,Antarctic blue whale,baleen whale,36,30,
aad,aad:kerguelen2014,-62.3802,81.7968,1.0,2014-05-31,Balaenoptera physalus,Fin whale,baleen whale,229,59,
aad,aad:kerguelen2014,-62.3802,81.7968,1.0,2014-06-02,Balaenoptera musculus intermedia,Antarctic blue whale,baleen whale,14,13,
aad,aad:kerguelen2014,-62.3802,81.7968,1.0,2014-06-02,Balaenoptera physalus,Fin whale,baleen whale,2,2,
aad,aad:kerguelen2014,-62.3802,81.7968,1.0,2014-06-04,Balaenoptera musculus intermedia,Antarctic blue whale,baleen whale,11,10,
aad,aad:kerguelen2014,-62.3802,81.7968,1.0,2014-06-04,Balaenoptera physalus,Fin whale,baleen whale,30,16,
aad,aad:kerguelen2014,-62.3802,81.7968,1.0,2014-06-06,Balaenoptera musculus intermedia,Antarctic blue whale,baleen whale,38,36,
aad,aad:kerguelen2014,-62.3802,81.7968,1.0,2014-06-06,Balaenoptera physalus,Fin whale,baleen whale,65,30,
aad,aad:kerguelen2014,-62.3802,81.7968,1.0,2014-06-08,Balaenoptera musculus intermedia,Antarctic blue whale,baleen whale,15,13,
aad,aad:kerguelen2014,-62.3802,81.7968,1.0,2014-06-08,Balaenoptera physalus,Fin whale,baleen whale,375,97,
aad,aad:kerguelen2014,-62.3802,81.7968,1.0,2014-06-09,Balaenoptera musculus intermedia,Antarctic blue whale,baleen whale,50,37,
aad,aad:kerguelen2014,-62.3802,81.7968,1.0,2014-06-11,Balaenoptera musculus intermedia,Antarctic blue whale,baleen whale,17,16,
aad,aad:kerguelen2014,-62.3802,81.7968,1.0,2014-06-13,Balaenoptera musculus intermedia,Antarctic blue whale,baleen whale,62,50,
aad,aad:kerguelen2014,-62.3802,81.7968,1.0,2014-06-15,Balaenoptera musculus intermedia,Antarctic blue whale,baleen whale,44,34,
aad,aad:kerguelen2014,-62.3802,81.7968,1.0,2014-06-16,Balaenoptera musculus intermedia,Antarctic blue whale,baleen whale,63,50,
aad,aad:kerguelen2014,-62.3802,81.7968,1.0,2014-06-19,Balaenoptera musculus intermedia,Antarctic blue whale,baleen whale,52,44,
aad,aad:kerguelen2014,-62.3802,81.7968,1.0,2014-06-20,Balaenoptera musculus intermedia,Antarctic blue whale,baleen whale,47,42,
aad,aad:kerguelen2014,-62.3802,81.7968,1.0,2014-06-22,Balaenoptera musculus intermedia,Antarctic blue whale,baleen whale,11,10,
aad,aad:kerguelen2014,-62.3802,81.7968,1.0,2014-06-24,Balaenoptera musculus intermedia,Antarctic blue whale,baleen whale,30,26,
aad,aad:kerguelen2014,-62.3802,81.7968,1.0,2014-06-26,Balaenoptera musculus intermedia,Antarctic blue whale,baleen whale,44,40,
aad,aad:kerguelen2014,-62.3802,81.7968,1.0,2014-06-27,Balaenoptera musculus intermedia,Antarctic blue whale,baleen whale,40,39,
aad,aad:kerguelen2014,-62.3802,81.7968,1.0,2014-06-29,Balaenoptera musculus intermedia,Antarctic blue whale,baleen whale,37,30,
aad,aad:kerguelen2014,-62.3802,81.7968,1.0,2014-07-01,Balaenoptera musculus intermedia,Antarctic blue whale,baleen whale,50,44,
aad,aad:kerguelen2014,-62.3802,81.7968,1.0,2014-07-03,Balaenoptera musculus intermedia,Antarctic blue whale,baleen whale,44,33,
aad,aad:kerguelen2014,-62.3802,81.7968,1.0,2014-07-05,Balaenoptera musculus intermedia,Antarctic blue whale,baleen whale,74,58,
aad,aad:kerguelen2014,-62.3802,81.7968,1.0,2014-07-07,Balaenoptera musculus intermedia,Antarctic blue whale,baleen whale,32,28,
aad,aad:kerguelen2014,-62.3802,81.7968,1.0,2014-07-08,Balaenoptera musculus intermedia,Antarctic blue whale,baleen whale,49,42,
aad,aad:kerguelen2014,-62.3802,81.7968,1.0,2014-07-10,Balaenoptera musculus intermedia,Antarctic blue whale,baleen whale,36,31,
aad,aad:kerguelen2014,-62.3802,81.7968,1.0,2014-07-12,Balaenoptera musculus intermedia,Antarctic blue whale,baleen whale,77,61,
aad,aad:kerguelen2014,-62.3802,81.7968,1.0,2014-07-14,Balaenoptera musculus intermedia,Antarctic blue whale,baleen whale,37,32,
aad,aad:kerguelen2014,-62.3802,81.7968,1.0,2014-07-16,Balaenoptera musculus intermedia,Antarctic blue whale,baleen whale,109,70,
aad,aad:kerguelen2014,-62.3802,81.7968,1.0,2014-07-18,Balaenoptera musculus intermedia,Antarctic blue whale,baleen whale,78,61,
aad,aad:kerguelen2014,-62.3802,81.7968,1.0,2014-07-18,Balaenoptera physalus,Fin whale,baleen whale,3,2,
aad,aad:kerguelen2014,-62.3802,81.7968,1.0,2014-07-19,Balaenoptera musculus intermedia,Antarctic blue whale,baleen whale,105,80,
aad,aad:kerguelen2014,-62.3802,81.7968,1.0,2014-07-21,Balaenoptera musculus intermedia,Antarctic blue whale,baleen whale,117,89,
aad,aad:kerguelen2014,-62.3802,81.7968,1.0,2014-07-23,Balaenoptera musculus intermedia,Antarctic blue whale,baleen whale,86,69,
aad,aad:kerguelen2014,-62.3802,81.7968,1.0,2014-07-25,Balaenoptera musculus intermedia,Antarctic blue whale,baleen whale,99,74,
aad,aad:kerguelen2014,-62.3802,81.7968,1.0,2014-07-27,Balaenoptera musculus intermedia,Antarctic blue whale,baleen whale,120,85,
aad,aad:kerguelen2014,-62.3802,81.7968,1.0,2014-07-29,Balaenoptera musculus intermedia,Antarctic blue whale,baleen whale,153,98,
aad,aad:kerguelen2014,-62.3802,81.7968,1.0,2014-07-30,Balaenoptera musculus intermedia,Antarctic blue whale,baleen whale,30,27,
aad,aad:kerguelen2014,-62.3802,81.7968,1.0,2014-08-03,Balaenoptera musculus intermedia,Antarctic blue whale,baleen whale,95,63,
aad,aad:kerguelen2014,-62.3802,81.7968,1.0,2014-08-05,Balaenoptera musculus intermedia,Antarctic blue whale,baleen whale,74,53,
aad,aad:kerguelen2014,-62.3802,81.7968,1.0,2014-08-07,Balaenoptera musculus intermedia,Antarctic blue whale,baleen whale,35,33,
aad,aad:kerguelen2014,-62.3802,81.7968,1.0,2014-08-09,Balaenoptera musculus intermedia,Antarctic blue whale,baleen whale,12,11,
aad,aad:kerguelen2014,-62.3802,81.7968,1.0,2014-08-10,Balaenoptera musculus intermedia,Antarctic blue whale,baleen whale,75,64,
aad,aad:kerguelen2014,-62.3802,81.7968,1.0,2014-08-12,Balaenoptera musculus intermedia,Antarctic blue whale,baleen whale,89,58,
aad,aad:kerguelen2014,-62.3802,81.7968,1.0,2014-08-14,Balaenoptera musculus intermedia,Antarctic blue whale,baleen whale,19,18,
aad,aad:kerguelen2014,-62.3802,81.7968,1.0,2014-08-20,Balaenoptera musculus intermedia,Antarctic blue whale,baleen whale,130,87,
aad,aad:kerguelen2014,-62.3802,81.7968,1.0,2014-08-21,Balaenoptera musculus intermedia,Antarctic blue whale,baleen whale,92,64,
aad,aad:kerguelen2014,-62.3802,81.7968,1.0,2014-08-23,Balaenoptera musculus intermedia,Antarctic blue whale,baleen whale,65,52,
aad,aad:kerguelen2014,-62.3802,81.7968,1.0,2014-08-25,Balaenoptera musculus intermedia,Antarctic blue whale,baleen whale,32,29,
aad,aad:kerguelen2014,-62.3802,81.7968,1.0,2014-08-27,Balaenoptera musculus intermedia,Antarctic blue whale,baleen whale,29,27,
aad,aad:kerguelen2014,-62.3802,81.7968,1.0,2014-08-28,Balaenoptera musculus intermedia,Antarctic blue whale,baleen whale,19,19,
aad,aad:kerguelen2014,-62.3802,81.7968,1.0,2014-08-31,Balaenoptera musculus intermedia,Antarctic blue whale,baleen whale,11,11,
aad,aad:kerguelen2014,-62.3802,81.7968,1.0,2014-09-01,Balaenoptera musculus intermedia,Antarctic blue whale,baleen whale,28,25,
aad,aad:kerguelen2014,-62.3802,81.7968,1.0,2014-09-03,Balaenoptera musculus intermedia,Antarctic blue whale,baleen whale,4,4,
aad,aad:kerguelen2014,-62.3802,81.7968,1.0,2014-09-05,Balaenoptera musculus intermedia,Antarctic blue whale,baleen whale,10,10,
aad,aad:kerguelen2014,-62.3802,81.7968,1.0,2014-09-10,Balaenoptera musculus intermedia,Antarctic blue whale,baleen whale,4,4,
aad,aad:kerguelen2014,-62.3802,81.7968,1.0,2014-09-12,Balaenoptera musculus intermedia,Antarctic blue whale,baleen whale,27,25,
aad,aad:kerguelen2014,-62.3802,81.7968,1.0,2014-09-14,Balaenoptera musculus intermedia,Antarctic blue whale,baleen whale,25,24,
aad,aad:kerguelen2014,-62.3802,81.7968,1.0,2014-09-16,Balaenoptera musculus intermedia,Antarctic blue whale,baleen whale,49,42,
aad,aad:kerguelen2014,-62.3802,81.7968,1.0,2014-09-18,Balaenoptera musculus intermedia,Antarctic blue whale,baleen whale,19,16,
aad,aad:kerguelen2014,-62.3802,81.7968,1.0,2014-09-19,Balaenoptera musculus intermedia,Antarctic blue whale,baleen whale,25,24,
aad,aad:kerguelen2014,-62.3802,81.7968,1.0,2014-09-21,Balaenoptera musculus intermedia,Antarctic blue whale,baleen whale,12,11,
aad,aad:kerguelen2014,-62.3802,81.7968,1.0,2014-09-23,Balaenoptera musculus intermedia,Antarctic blue whale,baleen whale,4,4,
aad,aad:kerguelen2014,-62.3802,81.7968,1.0,2014-09-25,Balaenoptera musculus intermedia,Antarctic blue whale,baleen whale,63,54,
aad,aad:kerguelen2014,-62.3802,81.7968,1.0,2014-09-27,Balaenoptera musculus intermedia,Antarctic blue whale,baleen whale,7,7,
aad,aad:kerguelen2014,-62.3802,81.7968,1.0,2014-09-29,Balaenoptera musculus intermedia,Antarctic blue whale,baleen whale,24,23,
aad,aad:kerguelen2014,-62.3802,81.7968,1.0,2014-09-30,Balaenoptera musculus intermedia,Antarctic blue whale,baleen whale,45,38,
aad,aad:kerguelen2014,-62.3802,81.7968,1.0,2014-10-02,Balaenoptera musculus intermedia,Antarctic blue whale,baleen whale,20,17,
aad,aad:kerguelen2014,-62.3802,81.7968,1.0,2014-10-04,Balaenoptera musculus intermedia,Antarctic blue whale,baleen whale,46,39,
aad,aad:kerguelen2014,-62.3802,81.7968,1.0,2014-10-06,Balaenoptera musculus intermedia,Antarctic blue whale,baleen whale,3,3,
aad,aad:kerguelen2014,-62.3802,81.7968,1.0,2014-10-08,Balaenoptera musculus intermedia,Antarctic blue whale,baleen whale,7,7,
aad,aad:kerguelen2014,-62.3802,81.7968,1.0,2014-10-10,Balaenoptera musculus intermedia,Antarctic blue whale,baleen whale,23,21,
aad,aad:kerguelen2014,-62.3802,81.7968,1.0,2014-10-11,Balaenoptera musculus intermedia,Antarctic blue whale,baleen whale,1,1,
aad,aad:kerguelen2014,-62.3802,81.7968,1.0,2014-10-13,Balaenoptera musculus intermedia,Antarctic blue whale,baleen whale,18,17,
aad,aad:kerguelen2014,-62.3802,81.7968,1.0,2014-10-15,Balaenoptera musculus intermedia,Antarctic blue whale,baleen whale,23,22,
aad,aad:kerguelen2014,-62.3802,81.7968,1.0,2014-10-17,Balaenoptera musculus intermedia,Antarctic blue whale,baleen whale,77,64,
aad,aad:kerguelen2014,-62.3802,81.7968,1.0,2014-10-19,Balaenoptera musculus intermedia,Antarctic blue whale,baleen whale,2,2,
aad,aad:kerguelen2014,-62.3802,81.7968,1.0,2014-10-21,Balaenoptera musculus intermedia,Antarctic blue whale,baleen whale,11,11,
aad,aad:kerguelen2014,-62.3802,81.7968,1.0,2014-10-22,Balaenoptera musculus intermedia,Antarctic blue whale,baleen whale,12,12,
aad,aad:kerguelen2014,-62.3802,81.7968,1.0,2014-10-26,Balaenoptera musculus intermedia,Antarctic blue whale,baleen whale,1,1,
aad,aad:kerguelen2014,-62.3802,81.7968,1.0,2014-10-28,Balaenoptera musculus intermedia,Antarctic blue whale,baleen whale,18,15,
aad,aad:kerguelen2014,-62.3802,81.7968,1.0,2014-10-30,Balaenoptera musculus intermedia,Antarctic blue whale,baleen whale,22,18,
aad,aad:kerguelen2014,-62.3802,81.7968,1.0,2014-11-01,Balaenoptera musculus intermedia,Antarctic blue whale,baleen whale,5,5,
aad,aad:kerguelen2014,-62.3802,81.7968,1.0,2014-11-04,Balaenoptera musculus intermedia,Antarctic blue whale,baleen whale,76,60,
aad,aad:kerguelen2014,-62.3802,81.7968,1.0,2014-11-06,Balaenoptera musculus intermedia,Antarctic blue whale,baleen whale,10,10,
aad,aad:kerguelen2014,-62.3802,81.7968,1.0,2014-11-08,Balaenoptera musculus intermedia,Antarctic blue whale,baleen whale,19,14,
aad,aad:kerguelen2014,-62.3802,81.7968,1.0,2014-11-09,Balaenoptera musculus intermedia,Antarctic blue whale,baleen whale,14,14,
aad,aad:kerguelen2014,-62.3802,81.7968,1.0,2014-11-12,Balaenoptera musculus intermedia,Antarctic blue whale,baleen whale,2,2,
aad,aad:kerguelen2014,-62.3802,81.7968,1.0,2014-11-17,Balaenoptera musculus intermedia,Antarctic blue whale,baleen whale,1,1,
aad,aad:kerguelen2014,-62.3802,81.7968,1.0,2014-11-19,Balaenoptera musculus intermedia,Antarctic blue whale,baleen whale,22,22,
aad,aad:kerguelen2014,-62.3802,81.7968,1.0,2014-11-20,Balaenoptera musculus intermedia,Antarctic blue whale,baleen whale,2,2,
aad,aad:kerguelen2014,-62.3802,81.7968,1.0,2014-11-22,Balaenoptera musculus intermedia,Antarctic blue whale,baleen whale,9,7,
aad,aad:kerguelen2014,-62.3802,81.7968,1.0,2014-11-24,Balaenoptera musculus intermedia,Antarctic blue whale,baleen whale,1,1,
aad,aad:kerguelen2014,-62.3802,81.7968,1.0,2014-12-01,Balaenoptera musculus intermedia,Antarctic blue whale,baleen whale,1,1,
aad,aad:kerguelen2014,-62.3802,81.7968,1.0,2014-12-07,Balaenoptera musculus intermedia,Antarctic blue whale,baleen whale,2,2,
aad,aad:kerguelen2014,-62.3802,81.7968,1.0,2014-12-11,Balaenoptera musculus intermedia,Antarctic blue whale,baleen whale,3,3,
aad,aad:kerguelen2014,-62.3802,81.7968,1.0,2014-12-18,Balaenoptera musculus intermedia,Antarctic blue whale,baleen whale,1,1,
aad,aad:kerguelen2014,-62.3802,81.7968,1.0,2014-12-25,Balaenoptera musculus intermedia,Antarctic blue whale,baleen whale,30,24,
aad,aad:kerguelen2014,-62.3802,81.7968,1.0,2014-12-27,Balaenoptera musculus intermedia,Antarctic blue whale,baleen whale,1,1,
aad,aad:kerguelen2014,-62.3802,81.7968,1.0,2014-12-29,Balaenoptera musculus intermedia,Antarctic blue whale,baleen whale,2,2,
aad,aad:kerguelen2014,-62.3802,81.7968,1.0,2014-12-31,Balaenoptera musculus intermedia,Antarctic blue whale,baleen whale,2,2,
aad,aad:kerguelen2014,-62.3802,81.7968,1.0,2015-01-02,Balaenoptera musculus intermedia,Antarctic blue whale,baleen whale,4,4,
aad,aad:kerguelen2014,-62.3802,81.7968,1.0,2015-01-03,Balaenoptera musculus intermedia,Antarctic blue whale,baleen whale,33,30,
aad,aad:kerguelen2014,-62.3802,81.7968,1.0,2015-01-05,Balaenoptera musculus intermedia,Antarctic blue whale,baleen whale,42,30,
aad,aad:kerguelen2014,-62.3802,81.7968,1.0,2015-01-07,Balaenoptera musculus intermedia,Antarctic blue whale,baleen whale,28,26,
aad,aad:kerguelen2014,-62.3802,81.7968,1.0,2015-01-09,Balaenoptera musculus intermedia,Antarctic blue whale,baleen whale,8,7,
aad,aad:kerguelen2014,-62.3802,81.7968,1.0,2015-01-11,Balaenoptera musculus intermedia,Antarctic blue whale,baleen whale,5,5,
aad,aad:kerguelen2014,-62.3802,81.7968,1.0,2015-01-13,Balaenoptera musculus intermedia,Antarctic blue whale,baleen whale,23,19,
aad,aad:kerguelen2014,-62.3802,81.7968,1.0,2015-01-14,Balaenoptera musculus intermedia,Antarctic blue whale,baleen whale,3,3,
aad,aad:kerguelen2014,-62.3802,81.7968,1.0,2015-01-16,Balaenoptera musculus intermedia,Antarctic blue whale,baleen whale,5,5,
aad,aad:kerguelen2014,-62.3802,81.7968,1.0,2015-01-18,Balaenoptera musculus intermedia,Antarctic blue whale,baleen whale,5,5,
aad,aad:kerguelen2014,-62.3802,81.7968,1.0,2015-01-20,Balaenoptera musculus intermedia,Antarctic blue whale,baleen whale,14,12,
aad,aad:kerguelen2014,-62.3802,81.7968,1.0,2015-01-21,Balaenoptera musculus intermedia,Antarctic blue whale,baleen whale,35,32,
aad,aad:kerguelen2014,-62.3802,81.7968,1.0,2015-01-24,Balaenoptera musculus intermedia,Antarctic blue whale,baleen whale,3,3,
aad,aad:kerguelen2014,-62.3802,81.7968,1.0,2015-01-25,Balaenoptera musculus intermedia,Antarctic blue whale,baleen whale,7,6,
aad,aad:kerguelen2014,-62.3802,81.7968,1.0,2015-01-27,Balaenoptera musculus intermedia,Antarctic blue whale,baleen whale,7,7,
aad,aad:kerguelen2014,-62.3802,81.7968,1.0,2015-01-29,Balaenoptera musculus intermedia,Antarctic blue whale,baleen whale,24,24,
aad,aad:kerguelen2014,-62.3802,81.7968,1.0,2015-01-31,Balaenoptera musculus intermedia,Antarctic blue whale,baleen whale,4,4,
aad,aad:kerguelen2014,-62.3802,81.7968,1.0,2015-02-01,Balaenoptera musculus intermedia,Antarctic blue whale,baleen whale,2,2,
aad,aad:kerguelen2014,-62.3802,81.7968,1.0,2015-02-03,Balaenoptera musculus intermedia,Antarctic blue whale,baleen whale,7,7,
aad,aad:kerguelen2014,-62.3802,81.7968,1.0,2015-02-05,Balaenoptera musculus intermedia,Antarctic blue whale,baleen whale,4,4,
aad,aad:kerguelen2015,-62.3802,81.7968,1.0,2015-02-13,Balaenoptera musculus intermedia,Antarctic blue whale,baleen whale,7,7,
aad,aad:kerguelen2015,-62.3802,81.7968,1.0,2015-02-15,Balaenoptera musculus intermedia,Antarctic blue whale,baleen whale,1,1,
aad,aad:kerguelen2015,-62.3802,81.7968,1.0,2015-02-17,Balaenoptera musculus intermedia,Antarctic blue whale,baleen whale,8,7,
aad,aad:kerguelen2015,-62.3802,81.7968,1.0,2015-02-19,Balaenoptera musculus intermedia,Antarctic blue whale,baleen whale,26,20,
aad,aad:kerguelen2015,-62.3802,81.7968,1.0,2015-02-21,Balaenoptera musculus intermedia,Antarctic blue whale,baleen whale,3,3,
aad,aad:kerguelen2015,-62.3802,81.7968,1.0,2015-02-24,Balaenoptera musculus intermedia,Antarctic blue whale,baleen whale,34,31,
aad,aad:kerguelen2015,-62.3802,81.7968,1.0,2015-02-26,Balaenoptera musculus intermedia,Antarctic blue whale,baleen whale,14,13,
aad,aad:kerguelen2015,-62.3802,81.7968,1.0,2015-02-28,Balaenoptera musculus intermedia,Antarctic blue whale,baleen whale,19,17,
aad,aad:kerguelen2015,-62.3802,81.7968,1.0,2015-03-01,Balaenoptera musculus intermedia,Antarctic blue whale,baleen whale,101,71,
aad,aad:kerguelen2015,-62.3802,81.7968,1.0,2015-03-03,Balaenoptera musculus intermedia,Antarctic blue whale,baleen whale,137,95,
aad,aad:kerguelen2015,-62.3802,81.7968,1.0,2015-03-03,Balaenoptera physalus,Fin whale,baleen whale,1,1,
aad,aad:kerguelen2015,-62.3802,81.7968,1.0,2015-03-05,Balaenoptera musculus intermedia,Antarctic blue whale,baleen whale,124,87,
aad,aad:kerguelen2015,-62.3802,81.7968,1.0,2015-03-07,Balaenoptera musculus intermedia,Antarctic blue whale,baleen whale,95,69,
aad,aad:kerguelen2015,-62.3802,81.7968,1.0,2015-03-08,Balaenoptera musculus intermedia,Antarctic blue whale,baleen whale,50,42,
aad,aad:kerguelen2015,-62.3802,81.7968,1.0,2015-03-10,Balaenoptera musculus intermedia,Antarctic blue whale,baleen whale,217,97,
aad,aad:kerguelen2015,-62.3802,81.7968,1.0,2015-03-12,Balaenoptera musculus intermedia,Antarctic blue whale,baleen whale,174,100,
aad,aad:kerguelen2015,-62.3802,81.7968,1.0,2015-03-12,Balaenoptera physalus,Fin whale,baleen whale,148,41,
aad,aad:kerguelen2015,-62.3802,81.7968,1.0,2015-03-14,Balaenoptera musculus intermedia,Antarctic blue whale,baleen whale,167,101,
aad,aad:kerguelen2015,-62.3802,81.7968,1.0,2015-03-14,Balaenoptera physalus,Fin whale,baleen whale,38,17,
aad,aad:kerguelen2015,-62.3802,81.7968,1.0,2015-03-16,Balaenoptera musculus intermedia,Antarctic blue whale,baleen whale,87,59,
aad,aad:kerguelen2015,-62.3802,81.7968,1.0,2015-03-17,Balaenoptera musculus intermedia,Antarctic blue whale,baleen whale,89,66,
aad,aad:kerguelen2015,-62.3802,81.7968,1.0,2015-03-19,Balaenoptera musculus intermedia,Antarctic blue whale,baleen whale,35,32,
aad,aad:kerguelen2015,-62.3802,81.7968,1.0,2015-03-21,Balaenoptera musculus intermedia,Antarctic blue whale,baleen whale,100,66,
aad,aad:kerguelen2015,-62.3802,81.7968,1.0,2015-03-21,Balaenoptera physalus,Fin whale,baleen whale,28,18,
aad,aad:kerguelen2015,-62.3802,81.7968,1.0,2015-03-23,Balaenoptera musculus intermedia,Antarctic blue whale,baleen whale,83,53,
aad,aad:kerguelen2015,-62.3802,81.7968,1.0,2015-03-23,Balaenoptera physalus,Fin whale,baleen whale,474,103,
aad,aad:kerguelen2015,-62.3802,81.7968,1.0,2015-03-24,Balaenoptera musculus intermedia,Antarctic blue whale,baleen whale,99,65,
aad,aad:kerguelen2015,-62.3802,81.7968,1.0,2015-03-24,Balaenoptera physalus,Fin whale,baleen whale,35,19,
aad,aad:kerguelen2015,-62.3802,81.7968,1.0,2015-03-26,Balaenoptera musculus intermedia,Antarctic blue whale,baleen whale,131,81,
aad,aad:kerguelen2015,-62.3802,81.7968,1.0,2015-03-26,Balaenoptera physalus,Fin whale,baleen whale,25,10,
aad,aad:kerguelen2015,-62.3802,81.7968,1.0,2015-03-28,Balaenoptera musculus intermedia,Antarctic blue whale,baleen whale,138,81,
aad,aad:kerguelen2015,-62.3802,81.7968,1.0,2015-03-28,Balaenoptera physalus,Fin whale,baleen whale,40,22,
aad,aad:kerguelen2015,-62.3802,81.7968,1.0,2015-03-30,Balaenoptera musculus intermedia,Antarctic blue whale,baleen whale,129,99,
aad,aad:kerguelen2015,-62.3802,81.7968,1.0,2015-03-30,Balaenoptera physalus,Fin whale,baleen whale,189,77,
aad,aad:kerguelen2015,-62.3802,81.7968,1.0,2015-03-31,Balaenoptera musculus intermedia,Antarctic blue whale,baleen whale,97,78,
aad,aad:kerguelen2015,-62.3802,81.7968,1.0,2015-04-02,Balaenoptera musculus intermedia,Antarctic blue whale,baleen whale,136,65,
aad,aad:kerguelen2015,-62.3802,81.7968,1.0,2015-04-04,Balaenoptera musculus intermedia,Antarctic blue whale,baleen whale,43,38,
aad,aad:kerguelen2015,-62.3802,81.7968,1.0,2015-04-04,Balaenoptera physalus,Fin whale,baleen whale,60,28,
aad,aad:kerguelen2015,-62.3802,81.7968,1.0,2015-04-06,Balaenoptera musculus intermedia,Antarctic blue whale,baleen whale,59,51,
aad,aad:kerguelen2015,-62.3802,81.7968,1.0,2015-04-07,Balaenoptera musculus intermedia,Antarctic blue whale,baleen whale,77,61,
aad,aad:kerguelen2015,-62.3802,81.7968,1.0,2015-04-07,Balaenoptera physalus,Fin whale,baleen whale,1,1,
aad,aad:kerguelen2015,-62.3802,81.7968,1.0,2015-04-09,Balaenoptera musculus intermedia,Antarctic blue whale,baleen whale,32,27,
aad,aad:kerguelen2015,-62.3802,81.7968,1.0,2015-04-09,Balaenoptera physalus,Fin whale,baleen whale,3,3,
aad,aad:kerguelen2015,-62.3802,81.7968,1.0,2015-04-11,Balaenoptera musculus intermedia,Antarctic blue whale,baleen whale,132,79,
aad,aad:kerguelen2015,-62.3802,81.7968,1.0,2015-04-13,Balaenoptera musculus intermedia,Antarctic blue whale,baleen whale,48,43,
aad,aad:kerguelen2015,-62.3802,81.7968,1.0,2015-04-13,Balaenoptera physalus,Fin whale,baleen whale,2,1,
aad,aad:kerguelen2015,-62.3802,81.7968,1.0,2015-04-15,Balaenoptera musculus intermedia,Antarctic blue whale,baleen whale,83,52,
aad,aad:kerguelen2015,-62.3802,81.7968,1.0,2015-04-16,Balaenoptera musculus intermedia,Antarctic blue whale,baleen whale,83,56,
aad,aad:kerguelen2015,-62.3802,81.7968,1.0,2015-04-18,Balaenoptera musculus intermedia,Antarctic blue whale,baleen whale,36,24,
aad,aad:kerguelen2015,-62.3802,81.7968,1.0,2015-04-20,Balaenoptera musculus intermedia,Antarctic blue whale,baleen whale,118,46,
aad,aad:kerguelen2015,-62.3802,81.7968,1.0,2015-04-20,Balaenoptera physalus,Fin whale,baleen whale,264,64,
aad,aad:kerguelen2015,-62.3802,81.7968,1.0,2015-04-22,Balaenoptera musculus intermedia,Antarctic blue whale,baleen whale,22,12,
aad,aad:kerguelen2015,-62.3802,81.7968,1.0,2015-04-22,Balaenoptera physalus,Fin whale,baleen whale,99,32,
aad,aad:kerguelen2015,-62.3802,81.7968,1.0,2015-04-23,Balaenoptera musculus intermedia,Antarctic blue whale,baleen whale,21,21,
aad,aad:kerguelen2015,-62.3802,81.7968,1.0,2015-04-23,Balaenoptera physalus,Fin whale,baleen whale,1,1,
aad,aad:kerguelen2015,-62.3802,81.7968,1.0,2015-04-25,Balaenoptera musculus intermedia,Antarctic blue whale,baleen whale,11,9,
aad,aad:kerguelen2015,-62.3802,81.7968,1.0,2015-04-25,Balaenoptera physalus,Fin whale,baleen whale,28,8,
aad,aad:kerguelen2015,-62.3802,81.7968,1.0,2015-04-27,Balaenoptera musculus intermedia,Antarctic blue whale,baleen whale,3,3,
aad,aad:kerguelen2015,-62.3802,81.7968,1.0,2015-04-27,Balaenoptera physalus,Fin whale,baleen whale,61,20,
aad,aad:kerguelen2015,-62.3802,81.7968,1.0,2015-04-29,Balaenoptera musculus intermedia,Antarctic blue whale,baleen whale,25,18,
aad,aad:kerguelen2015,-62.3802,81.7968,1.0,2015-04-29,Balaenoptera physalus,Fin whale,baleen whale,16,10,
aad,aad:kerguelen2015,-62.3802,81.7968,1.0,2015-04-30,Balaenoptera musculus intermedia,Antarctic blue whale,baleen whale,24,18,
aad,aad:kerguelen2015,-62.3802,81.7968,1.0,2015-04-30,Balaenoptera physalus,Fin whale,baleen whale,12,11,
aad,aad:kerguelen2015,-62.3802,81.7968,1.0,2015-05-02,Balaenoptera physalus,Fin whale,baleen whale,74,36,
aad,aad:kerguelen2015,-62.3802,81.7968,1.0,2015-05-04,Balaenoptera musculus intermedia,Antarctic blue whale,baleen whale,1,1,
aad,aad:kerguelen2015,-62.3802,81.7968,1.0,2015-05-07,Balaenoptera physalus,Fin whale,baleen whale,1,1,
aad,aad:kerguelen2015,-62.3802,81.7968,1.0,2015-05-13,Balaenoptera musculus intermedia,Antarctic blue whale,baleen whale,4,4,
aad,aad:kerguelen2015,-62.3802,81.7968,1.0,2015-05-15,Balaenoptera musculus intermedia,Antarctic blue whale,baleen whale,5,5,
aad,aad:kerguelen2015,-62.3802,81.7968,1.0,2015-05-16,Balaenoptera musculus intermedia,Antarctic blue whale,baleen whale,1,1,
aad,aad:kerguelen2015,-62.3802,81.7968,1.0,2015-05-18,Balaenoptera musculus intermedia,Antarctic blue whale,baleen whale,2,2,
aad,aad:kerguelen2015,-62.3802,81.7968,1.0,2015-05-20,Balaenoptera musculus intermedia,Antarctic blue whale,baleen whale,11,11,
aad,aad:kerguelen2015,-62.3802,81.7968,1.0,2015-05-22,Balaenoptera musculus intermedia,Antarctic blue whale,baleen whale,2,2,
aad,aad:kerguelen2015,-62.3802,81.7968,1.0,2015-05-23,Balaenoptera musculus intermedia,Antarctic blue whale,baleen whale,2,2,
aad,aad:kerguelen2015,-62.3802,81.7968,1.0,2015-05-27,Balaenoptera musculus intermedia,Antarctic blue whale,baleen whale,11,11,
aad,aad:kerguelen2015,-62.3802,81.7968,1.0,2015-05-29,Balaenoptera musculus intermedia,Antarctic blue whale,baleen whale,2,2,
aad,aad:kerguelen2015,-62.3802,81.7968,1.0,2015-05-30,Balaenoptera musculus intermedia,Antarctic blue whale,baleen whale,1,1,
aad,aad:kerguelen2015,-62.3802,81.7968,1.0,2015-06-01,Balaenoptera musculus intermedia,Antarctic blue whale,baleen whale,2,2,
aad,aad:kerguelen2015,-62.3802,81.7968,1.0,2015-06-03,Balaenoptera musculus intermedia,Antarctic blue whale,baleen whale,2,2,
aad,aad:kerguelen2015,-62.3802,81.7968,1.0,2015-06-05,Balaenoptera musculus intermedia,Antarctic blue whale,baleen whale,2,2,
aad,aad:kerguelen2015,-62.3802,81.7968,1.0,2015-06-07,Balaenoptera musculus intermedia,Antarctic blue whale,baleen whale,7,7,
aad,aad:kerguelen2015,-62.3802,81.7968,1.0,2015-06-08,Balaenoptera musculus intermedia,Antarctic blue whale,baleen whale,1,1,
aad,aad:kerguelen2015,-62.3802,81.7968,1.0,2015-06-10,Balaenoptera musculus intermedia,Antarctic blue whale,baleen whale,2,2,
aad,aad:kerguelen2015,-62.3802,81.7968,1.0,2015-06-12,Balaenoptera musculus intermedia,Antarctic blue whale,baleen whale,31,31,
aad,aad:kerguelen2015,-62.3802,81.7968,1.0,2015-06-14,Balaenoptera musculus intermedia,Antarctic blue whale,baleen whale,4,4,
aad,aad:kerguelen2015,-62.3802,81.7968,1.0,2015-06-15,Balaenoptera musculus intermedia,Antarctic blue whale,baleen whale,1,1,
aad,aad:kerguelen2015,-62.3802,81.7968,1.0,2015-06-17,Balaenoptera musculus intermedia,Antarctic blue whale,baleen whale,12,12,
aad,aad:kerguelen2015,-62.3802,81.7968,1.0,2015-06-19,Balaenoptera musculus intermedia,Antarctic blue whale,baleen whale,3,3,
aad,aad:kerguelen2015,-62.3802,81.7968,1.0,2015-06-21,Balaenoptera musculus intermedia,Antarctic blue whale,baleen whale,7,6,
aad,aad:kerguelen2015,-62.3802,81.7968,1.0,2015-06-29,Balaenoptera musculus intermedia,Antarctic blue whale,baleen whale,4,4,
aad,aad:kerguelen2015,-62.3802,81.7968,1.0,2015-07-03,Balaenoptera musculus intermedia,Antarctic blue whale,baleen whale,6,6,
aad,aad:kerguelen2015,-62.3802,81.7968,1.0,2015-07-05,Balaenoptera musculus intermedia,Antarctic blue whale,baleen whale,1,1,
aad,aad:kerguelen2015,-62.3802,81.7968,1.0,2015-07-08,Balaenoptera musculus intermedia,Antarctic blue whale,baleen whale,2,2,
aad,aad:kerguelen2015,-62.3802,81.7968,1.0,2015-07-21,Balaenoptera musculus intermedia,Antarctic blue whale,baleen whale,1,1,
aad,aad:kerguelen2015,-62.3802,81.7968,1.0,2015-07-24,Balaenoptera musculus intermedia,Antarctic blue whale,baleen whale,10,10,
aad,aad:kerguelen2015,-62.3802,81.7968,1.0,2015-07-26,Balaenoptera musculus intermedia,Antarctic blue whale,baleen whale,24,22,
aad,aad:kerguelen2015,-62.3802,81.7968,1.0,2015-07-28,Balaenoptera musculus intermedia,Antarctic blue whale,baleen whale,8,7,
aad,aad:kerguelen2015,-62.3802,81.7968,1.0,2015-07-29,Balaenoptera musculus intermedia,Antarctic blue whale,baleen whale,17,17,
aad,aad:kerguelen2015,-62.3802,81.7968,1.0,2015-07-31,Balaenoptera musculus intermedia,Antarctic blue whale,baleen whale,2,2,
aad,aad:kerguelen2015,-62.3802,81.7968,1.0,2015-08-02,Balaenoptera musculus intermedia,Antarctic blue whale,baleen whale,31,29,
aad,aad:kerguelen2015,-62.3802,81.7968,1.0,2015-08-04,Balaenoptera musculus intermedia,Antarctic blue whale,baleen whale,25,25,
aad,aad:kerguelen2015,-62.3802,81.7968,1.0,2015-08-06,Balaenoptera musculus intermedia,Antarctic blue whale,baleen whale,1,1,
aad,aad:kerguelen2015,-62.3802,81.7968,1.0,2015-08-07,Balaenoptera musculus intermedia,Antarctic blue whale,baleen whale,15,15,
aad,aad:kerguelen2015,-62.3802,81.7968,1.0,2015-08-09,Balaenoptera musculus intermedia,Antarctic blue whale,baleen whale,4,4,
aad,aad:kerguelen2015,-62.3802,81.7968,1.0,2015-08-11,Balaenoptera musculus intermedia,Antarctic blue whale,baleen whale,10,10,
aad,aad:kerguelen2015,-62.3802,81.7968,1.0,2015-08-11,Balaenoptera physalus,Fin whale,baleen whale,1,1,
aad,aad:kerguelen2015,-62.3802,81.7968,1.0,2015-08-13,Balaenoptera musculus intermedia,Antarctic blue whale,baleen whale,25,23,
aad,aad:kerguelen2015,-62.3802,81.7968,1.0,2015-08-14,Balaenoptera musculus intermedia,Antarctic blue whale,baleen whale,3,3,
aad,aad:kerguelen2015,-62.3802,81.7968,1.0,2015-08-16,Balaenoptera musculus intermedia,Antarctic blue whale,baleen whale,1,1,
aad,aad:kerguelen2015,-62.3802,81.7968,1.0,2015-08-20,Balaenoptera musculus intermedia,Antarctic blue whale,baleen whale,24,22,
aad,aad:kerguelen2015,-62.3802,81.7968,1.0,2015-08-23,Balaenoptera musculus intermedia,Antarctic blue whale,baleen whale,7,5,
aad,aad:kerguelen2015,-62.3802,81.7968,1.0,2015-08-25,Balaenoptera musculus intermedia,Antarctic blue whale,baleen whale,13,13,
aad,aad:kerguelen2015,-62.3802,81.7968,1.0,2015-08-27,Balaenoptera physalus,Fin whale,baleen whale,3,3,
aad,aad:kerguelen2015,-62.3802,81.7968,1.0,2015-08-29,Balaenoptera musculus intermedia,Antarctic blue whale,baleen whale,5,5,
aad,aad:kerguelen2015,-62.3802,81.7968,1.0,2015-08-30,Balaenoptera musculus intermedia,Antarctic blue whale,baleen whale,1,1,
aad,aad:kerguelen2015,-62.3802,81.7968,1.0,2015-09-01,Balaenoptera musculus intermedia,Antarctic blue whale,baleen whale,6,6,
aad,aad:kerguelen2015,-62.3802,81.7968,1.0,2015-09-03,Balaenoptera musculus intermedia,Antarctic blue whale,baleen whale,4,4,
aad,aad:kerguelen2015,-62.3802,81.7968,1.0,2015-09-05,Balaenoptera musculus intermedia,Antarctic blue whale,baleen whale,9,9,
aad,aad:kerguelen2015,-62.3802,81.7968,1.0,2015-09-06,Balaenoptera musculus intermedia,Antarctic blue whale,baleen whale,6,6,
aad,aad:kerguelen2015,-62.3802,81.7968,1.0,2015-09-08,Balaenoptera musculus intermedia,Antarctic blue whale,baleen whale,12,11,
aad,aad:kerguelen2015,-62.3802,81.7968,1.0,2015-09-10,Balaenoptera musculus intermedia,Antarctic blue whale,baleen whale,1,1,
aad,aad:kerguelen2015,-62.3802,81.7968,1.0,2015-09-12,Balaenoptera musculus intermedia,Antarctic blue whale,baleen whale,3,3,
aad,aad:kerguelen2015,-62.3802,81.7968,1.0,2015-09-15,Balaenoptera musculus intermedia,Antarctic blue whale,baleen whale,5,5,
aad,aad:kerguelen2015,-62.3802,81.7968,1.0,2015-09-17,Balaenoptera musculus intermedia,Antarctic blue whale,baleen whale,10,10,
aad,aad:kerguelen2015,-62.3802,81.7968,1.0,2015-09-19,Balaenoptera musculus intermedia,Antarctic blue whale,baleen whale,3,3,
aad,aad:kerguelen2015,-62.3802,81.7968,1.0,2015-09-22,Balaenoptera musculus intermedia,Antarctic blue whale,baleen whale,4,4,
aad,aad:kerguelen2015,-62.3802,81.7968,1.0,2015-09-22,Balaenoptera physalus,Fin whale,baleen whale,2,1,
aad,aad:kerguelen2015,-62.3802,81.7968,1.0,2015-09-24,Balaenoptera musculus intermedia,Antarctic blue whale,baleen whale,7,7,
aad,aad:kerguelen2015,-62.3802,81.7968,1.0,2015-09-26,Balaenoptera musculus intermedia,Antarctic blue whale,baleen whale,2,1,
aad,aad:kerguelen2015,-62.3802,81.7968,1.0,2015-10-01,Balaenoptera musculus intermedia,Antarctic blue whale,baleen whale,31,31,
aad,aad:kerguelen2015,-62.3802,81.7968,1.0,2015-10-03,Balaenoptera musculus intermedia,Antarctic blue whale,baleen whale,5,5,
aad,aad:kerguelen2015,-62.3802,81.7968,1.0,2015-10-05,Balaenoptera musculus intermedia,Antarctic blue whale,baleen whale,8,8,
aad,aad:kerguelen2015,-62.3802,81.7968,1.0,2015-10-08,Balaenoptera musculus intermedia,Antarctic blue whale,baleen whale,1,1,
aad,aad:kerguelen2015,-62.3802,81.7968,1.0,2015-10-12,Balaenoptera musculus intermedia,Antarctic blue whale,baleen whale,2,2,
aad,aad:kerguelen2015,-62.3802,81.7968,1.0,2015-10-15,Balaenoptera musculus intermedia,Antarctic blue whale,baleen whale,9,7,
aad,aad:kerguelen2015,-62.3802,81.7968,1.0,2015-10-17,Balaenoptera musculus intermedia,Antarctic blue whale,baleen whale,5,5,
aad,aad:kerguelen2015,-62.3802,81.7968,1.0,2015-10-19,Balaenoptera musculus intermedia,Antarctic blue whale,baleen whale,29,27,
aad,aad:kerguelen2015,-62.3802,81.7968,1.0,2015-10-22,Balaenoptera musculus intermedia,Antarctic blue whale,baleen whale,4,4,
aad,aad:kerguelen2015,-62.3802,81.7968,1.0,2015-10-24,Balaenoptera musculus intermedia,Antarctic blue whale,baleen whale,8,7,
aad,aad:kerguelen2015,-62.3802,81.7968,1.0,2015-10-26,Balaenoptera musculus intermedia,Antarctic blue whale,baleen whale,1,1,
aad,aad:kerguelen2015,-62.3802,81.7968,1.0,2015-10-29,Balaenoptera musculus intermedia,Antarctic blue whale,baleen whale,2,2,
aad,aad:kerguelen2015,-62.3802,81.7968,1.0,2015-10-31,Balaenoptera musculus intermedia,Antarctic blue whale,baleen whale,3,3,
aad,aad:kerguelen2015,-62.3802,81.7968,1.0,2015-11-02,Balaenoptera musculus intermedia,Antarctic blue whale,baleen whale,9,9,
aad,aad:kerguelen2015,-62.3802,81.7968,1.0,2015-11-04,Balaenoptera musculus intermedia,Antarctic blue whale,baleen whale,3,3,
aad,aad:kerguelen2015,-62.3802,81.7968,1.0,2015-11-05,Balaenoptera musculus intermedia,Antarctic blue whale,baleen whale,19,19,
aad,aad:kerguelen2015,-62.3802,81.7968,1.0,2015-11-07,Balaenoptera musculus intermedia,Antarctic blue whale,baleen whale,2,2,
aad,aad:kerguelen2015,-62.3802,81.7968,1.0,2015-11-09,Balaenoptera musculus intermedia,Antarctic blue whale,baleen whale,22,21,
aad,aad:kerguelen2015,-62.3802,81.7968,1.0,2015-11-09,Balaenoptera physalus,Fin whale,baleen whale,7,7,
aad,aad:kerguelen2015,-62.3802,81.7968,1.0,2015-11-11,Balaenoptera musculus intermedia,Antarctic blue whale,baleen whale,22,22,
aad,aad:kerguelen2015,-62.3802,81.7968,1.0,2015-11-11,Balaenoptera physalus,Fin whale,baleen whale,1,1,
aad,aad:kerguelen2015,-62.3802,81.7968,1.0,2015-11-12,Balaenoptera musculus intermedia,Antarctic blue whale,baleen whale,6,6,
aad,aad:kerguelen2015,-62.3802,81.7968,1.0,2015-11-14,Balaenoptera musculus intermedia,Antarctic blue whale,baleen whale,59,40,
aad,aad:kerguelen2015,-62.3802,81.7968,1.0,2015-11-16,Balaenoptera musculus intermedia,Antarctic blue whale,baleen whale,10,10,
aad,aad:kerguelen2015,-62.3802,81.7968,1.0,2015-12-04,Balaenoptera musculus intermedia,Antarctic blue whale,baleen whale,2,2,
aad,aad:kerguelen2015,-62.3802,81.7968,1.0,2015-12-05,Balaenoptera musculus intermedia,Antarctic blue whale,baleen whale,1,1,
aad,aad:kerguelen2015,-62.3802,81.7968,1.0,2015-12-14,Balaenoptera musculus intermedia,Antarctic blue whale,baleen whale,3,3,
aad,aad:kerguelen2015,-62.3802,81.7968,1.0,2015-12-16,Balaenoptera musculus intermedia,Antarctic blue whale,baleen whale,10,8,
aad,aad:kerguelen2015,-62.3802,81.7968,1.0,2015-12-21,Balaenoptera musculus intermedia,Antarctic blue whale,baleen whale,6,5,
aad,aad:kerguelen2015,-62.3802,81.7968,1.0,2015-12-23,Balaenoptera musculus intermedia,Antarctic blue whale,baleen whale,11,11,
aad,aad:kerguelen2015,-62.3802,81.7968,1.0,2015-12-28,Balaenoptera musculus intermedia,Antarctic blue whale,baleen whale,44,34,
aad,aad:kerguelen2015,-62.3802,81.7968,1.0,2016-01-01,Balaenoptera musculus intermedia,Antarctic blue whale,baleen whale,1,1,
aad,aad:kerguelen2015,-62.3802,81.7968,1.0,2016-01-04,Balaenoptera musculus intermedia,Antarctic blue whale,baleen whale,1,1,
aad,aad:kerguelen2015,-62.3802,81.7968,1.0,2016-01-06,Balaenoptera musculus intermedia,Antarctic blue whale,baleen whale,1,1,
aad,aad:kerguelen2015,-62.3802,81.7968,1.0,2016-01-10,Balaenoptera musculus intermedia,Antarctic blue whale,baleen whale,1,1,
aad,aad:kerguelen2015,-62.3802,81.7968,1.0,2016-01-19,Balaenoptera musculus intermedia,Antarctic blue whale,baleen whale,11,8,
aad,aad:kerguelen2015,-62.3802,81.7968,1.0,2016-01-20,Balaenoptera musculus intermedia,Antarctic blue whale,baleen whale,5,5,
aad,aad:kerguelen2015,-62.3802,81.7968,1.0,2016-01-22,Balaenoptera musculus intermedia,Antarctic blue whale,baleen whale,12,12,
aad,aad:kerguelen2015,-62.3802,81.7968,1.0,2016-01-24,Balaenoptera musculus intermedia,Antarctic blue whale,baleen whale,3,3,
aad,aad:kerguelen2015,-62.3802,81.7968,1.0,2016-01-26,Balaenoptera musculus intermedia,Antarctic blue whale,baleen whale,4,4,
aad,aad:kerguelen2015,-62.3802,81.7968,1.0,2016-01-27,Balaenoptera musculus intermedia,Antarctic blue whale,baleen whale,6,6,
dclde,dclde:BarkleyCanyon,48.43,-126.17,1.0,2013-05-20,Orcinus orca,Killer whale,toothed whale,149,26,TKW
dclde,dclde:BarkleyCanyon,48.43,-126.17,1.0,2013-06-23,Orcinus orca,Killer whale,toothed whale,171,24,TKW
dclde,dclde:BarkleyCanyon,48.43,-126.17,1.0,2013-07-30,Orcinus orca,Killer whale,toothed whale,127,50,SRKW
dclde,dclde:BarkleyCanyon,48.43,-126.17,1.0,2013-08-02,Orcinus orca,Killer whale,toothed whale,23,10,TKW
dclde,dclde:BarkleyCanyon,48.43,-126.17,1.0,2013-08-12,Orcinus orca,Killer whale,toothed whale,325,85,OKW
dclde,dclde:BarkleyCanyon,48.43,-126.17,1.0,2014-01-01,Megaptera novaeangliae,Humpback whale,baleen whale,45,45,
dclde,dclde:BarkleyCanyon,48.43,-126.17,1.0,2014-01-02,Megaptera novaeangliae,Humpback whale,baleen whale,43,43,
dclde,dclde:BarkleyCanyon,48.43,-126.17,1.0,2014-01-03,Megaptera novaeangliae,Humpback whale,baleen whale,45,45,
dclde,dclde:BarkleyCanyon,48.43,-126.17,1.0,2014-01-04,Megaptera novaeangliae,Humpback whale,baleen whale,18,18,
dclde,dclde:BarkleyCanyon,48.43,-126.17,1.0,2014-02-01,Megaptera novaeangliae,Humpback whale,baleen whale,20,20,
dclde,dclde:BarkleyCanyon,48.43,-126.17,1.0,2014-02-01,Orcinus orca,Killer whale,toothed whale,1,1,TKW
dclde,dclde:BarkleyCanyon,48.43,-126.17,1.0,2014-02-02,Megaptera novaeangliae,Humpback whale,baleen whale,43,43,
dclde,dclde:BarkleyCanyon,48.43,-126.17,1.0,2014-02-02,Orcinus orca,Killer whale,toothed whale,6,6,TKW
dclde,dclde:BarkleyCanyon,48.43,-126.17,1.0,2014-02-03,Megaptera novaeangliae,Humpback whale,baleen whale,12,12,
dclde,dclde:BarkleyCanyon,48.43,-126.17,1.0,2014-02-04,Megaptera novaeangliae,Humpback whale,baleen whale,22,22,
dclde,dclde:BarkleyCanyon,48.43,-126.17,1.0,2014-03-01,Megaptera novaeangliae,Humpback whale,baleen whale,18,18,
dclde,dclde:BarkleyCanyon,48.43,-126.17,1.0,2014-03-01,Orcinus orca,Killer whale,toothed whale,19,3,
dclde,dclde:BarkleyCanyon,48.43,-126.17,1.0,2014-03-02,Megaptera novaeangliae,Humpback whale,baleen whale,18,18,
dclde,dclde:BarkleyCanyon,48.43,-126.17,1.0,2014-03-04,Megaptera novaeangliae,Humpback whale,baleen whale,2,2,
dclde,dclde:BarkleyCanyon,48.43,-126.17,1.0,2014-04-01,Megaptera novaeangliae,Humpback whale,baleen whale,6,6,
dclde,dclde:BarkleyCanyon,48.43,-126.17,1.0,2014-04-01,Orcinus orca,Killer whale,toothed whale,17,17,SRKW
dclde,dclde:BarkleyCanyon,48.43,-126.17,1.0,2014-04-04,Orcinus orca,Killer whale,toothed whale,12,10,
dclde,dclde:BarkleyCanyon,48.43,-126.17,1.0,2014-05-01,Megaptera novaeangliae,Humpback whale,baleen whale,2,2,
dclde,dclde:BarkleyCanyon,48.43,-126.17,1.0,2014-05-02,Megaptera novaeangliae,Humpback whale,baleen whale,9,9,
dclde,dclde:BarkleyCanyon,48.43,-126.17,1.0,2014-05-03,Megaptera novaeangliae,Humpback whale,baleen whale,11,11,
dclde,dclde:BarkleyCanyon,48.43,-126.17,1.0,2014-06-01,Megaptera novaeangliae,Humpback whale,baleen whale,4,4,
dclde,dclde:BarkleyCanyon,48.43,-126.17,1.0,2014-06-02,Megaptera novaeangliae,Humpback whale,baleen whale,2,2,
dclde,dclde:BarkleyCanyon,48.43,-126.17,1.0,2014-06-03,Megaptera novaeangliae,Humpback whale,baleen whale,4,4,
dclde,dclde:BarkleyCanyon,48.43,-126.17,1.0,2014-06-04,Megaptera novaeangliae,Humpback whale,baleen whale,3,3,
dclde,dclde:BarkleyCanyon,48.43,-126.17,1.0,2014-07-01,Megaptera novaeangliae,Humpback whale,baleen whale,17,16,
dclde,dclde:BarkleyCanyon,48.43,-126.17,1.0,2014-07-02,Megaptera novaeangliae,Humpback whale,baleen whale,31,31,
dclde,dclde:BarkleyCanyon,48.43,-126.17,1.0,2014-07-02,Orcinus orca,Killer whale,toothed whale,2,1,
dclde,dclde:BarkleyCanyon,48.43,-126.17,1.0,2014-07-03,Megaptera novaeangliae,Humpback whale,baleen whale,40,40,
dclde,dclde:BarkleyCanyon,48.43,-126.17,1.0,2014-07-04,Megaptera novaeangliae,Humpback whale,baleen whale,32,31,
dclde,dclde:BarkleyCanyon,48.43,-126.17,1.0,2014-07-04,Orcinus orca,Killer whale,toothed whale,23,11,
dclde,dclde:BarkleyCanyon,48.43,-126.17,1.0,2014-08-01,Megaptera novaeangliae,Humpback whale,baleen whale,9,9,
dclde,dclde:BarkleyCanyon,48.43,-126.17,1.0,2014-08-02,Megaptera novaeangliae,Humpback whale,baleen whale,5,5,
dclde,dclde:BarkleyCanyon,48.43,-126.17,1.0,2014-08-03,Megaptera novaeangliae,Humpback whale,baleen whale,11,11,
dclde,dclde:BarkleyCanyon,48.43,-126.17,1.0,2014-08-04,Megaptera novaeangliae,Humpback whale,baleen whale,4,4,
dclde,dclde:BarkleyCanyon,48.43,-126.17,1.0,2014-09-01,Megaptera novaeangliae,Humpback whale,baleen whale,22,22,
dclde,dclde:BarkleyCanyon,48.43,-126.17,1.0,2014-09-02,Megaptera novaeangliae,Humpback whale,baleen whale,25,25,
dclde,dclde:BarkleyCanyon,48.43,-126.17,1.0,2014-09-02,Orcinus orca,Killer whale,toothed whale,68,21,
dclde,dclde:BarkleyCanyon,48.43,-126.17,1.0,2014-09-03,Megaptera novaeangliae,Humpback whale,baleen whale,33,33,
dclde,dclde:BarkleyCanyon,48.43,-126.17,1.0,2014-09-04,Megaptera novaeangliae,Humpback whale,baleen whale,32,32,
dclde,dclde:BarkleyCanyon,48.43,-126.17,1.0,2014-10-01,Megaptera novaeangliae,Humpback whale,baleen whale,37,37,
dclde,dclde:BarkleyCanyon,48.43,-126.17,1.0,2014-10-02,Megaptera novaeangliae,Humpback whale,baleen whale,22,22,
dclde,dclde:BarkleyCanyon,48.43,-126.17,1.0,2014-10-03,Megaptera novaeangliae,Humpback whale,baleen whale,13,13,
dclde,dclde:BarkleyCanyon,48.43,-126.17,1.0,2014-10-04,Megaptera novaeangliae,Humpback whale,baleen whale,12,12,
dclde,dclde:BarkleyCanyon,48.43,-126.17,1.0,2014-11-03,Megaptera novaeangliae,Humpback whale,baleen whale,4,4,
dclde,dclde:BarkleyCanyon,48.43,-126.17,1.0,2014-11-04,Megaptera novaeangliae,Humpback whale,baleen whale,44,44,
dclde,dclde:BarkleyCanyon,48.43,-126.17,1.0,2014-12-01,Megaptera novaeangliae,Humpback whale,baleen whale,12,12,
dclde,dclde:BarkleyCanyon,48.43,-126.17,1.0,2014-12-02,Megaptera novaeangliae,Humpback whale,baleen whale,47,47,
dclde,dclde:BarkleyCanyon,48.43,-126.17,1.0,2014-12-02,Orcinus orca,Killer whale,toothed whale,5,3,
dclde,dclde:BarkleyCanyon,48.43,-126.17,1.0,2014-12-03,Megaptera novaeangliae,Humpback whale,baleen whale,56,55,
dclde,dclde:BarkleyCanyon,48.43,-126.17,1.0,2014-12-04,Megaptera novaeangliae,Humpback whale,baleen whale,46,46,
dclde,dclde:BoundaryPass,48.76,-123.07,1.0,2018-09-02,Orcinus orca,Killer whale,toothed whale,102,21,SRKW
dclde,dclde:BoundaryPass,48.76,-123.07,1.0,2018-09-07,Orcinus orca,Killer whale,toothed whale,220,26,SRKW
dclde,dclde:BoundaryPass,48.76,-123.07,1.0,2018-09-12,Orcinus orca,Killer whale,toothed whale,71,20,SRKW
dclde,dclde:BoundaryPass,48.76,-123.07,1.0,2018-09-15,Orcinus orca,Killer whale,toothed whale,411,50,SRKW
dclde,dclde:BoundaryPass,48.76,-123.07,1.0,2019-03-22,Orcinus orca,Killer whale,toothed whale,691,62,SRKW
dclde,dclde:BoundaryPass,48.76,-123.07,1.0,2019-03-25,Orcinus orca,Killer whale,toothed whale,47,11,TKW
dclde,dclde:BoundaryPass,48.76,-123.07,1.0,2019-03-26,Orcinus orca,Killer whale,toothed whale,22,2,
dclde,dclde:BoundaryPass,48.76,-123.07,1.0,2019-04-01,Orcinus orca,Killer whale,toothed whale,74,16,SRKW
dclde,dclde:BoundaryPass,48.76,-123.07,1.0,2019-04-02,Orcinus orca,Killer whale,toothed whale,266,41,SRKW
dclde,dclde:Cpe_Elz,47.36,-124.68,1.0,2011-05-26,Orcinus orca,Killer whale,toothed whale,21,1,TKW
dclde,dclde:Cpe_Elz,47.36,-124.68,1.0,2011-05-27,Orcinus orca,Killer whale,toothed whale,3,1,TKW
dclde,dclde:Cpe_Elz,47.36,-124.68,1.0,2011-05-28,Orcinus orca,Killer whale,toothed whale,39,3,TKW
dclde,dclde:Cpe_Elz,47.36,-124.68,1.0,2011-05-31,Orcinus orca,Killer whale,toothed whale,7,1,SRKW
dclde,dclde:Cpe_Elz,47.36,-124.68,1.0,2011-06-03,Orcinus orca,Killer whale,toothed whale,7,2,TKW
dclde,dclde:Cpe_Elz,47.36,-124.68,1.0,2011-06-04,Orcinus orca,Killer whale,toothed whale,221,2,TKW
dclde,dclde:Cpe_Elz,47.36,-124.68,1.0,2011-06-05,Orcinus orca,Killer whale,toothed whale,7,1,TKW
dclde,dclde:Cpe_Elz,47.36,-124.68,1.0,2011-06-06,Orcinus orca,Killer whale,toothed whale,10,1,TKW
dclde,dclde:Cpe_Elz,47.36,-124.68,1.0,2011-06-07,Orcinus orca,Killer whale,toothed whale,63,1,SRKW
dclde,dclde:Cpe_Elz,47.36,-124.68,1.0,2011-06-09,Orcinus orca,Killer whale,toothed whale,188,2,TKW
dclde,dclde:Cpe_Elz,47.36,-124.68,1.0,2011-06-10,Orcinus orca,Killer whale,toothed whale,5,1,TKW
dclde,dclde:Cpe_Elz,47.36,-124.68,1.0,2011-06-21,Orcinus orca,Killer whale,toothed whale,2,1,SRKW
dclde,dclde:Cpe_Elz,47.36,-124.68,1.0,2011-06-22,Orcinus orca,Killer whale,toothed whale,6,1,TKW
dclde,dclde:Cpe_Elz,47.36,-124.68,1.0,2011-06-27,Orcinus orca,Killer whale,toothed whale,127,3,TKW
dclde,dclde:Cpe_Elz,47.36,-124.68,1.0,2011-06-29,Orcinus orca,Killer whale,toothed whale,8,1,TKW
dclde,dclde:Cpe_Elz,47.36,-124.68,1.0,2011-07-02,Orcinus orca,Killer whale,toothed whale,5,1,TKW
dclde,dclde:Cpe_Elz,47.36,-124.68,1.0,2011-07-07,Orcinus orca,Killer whale,toothed whale,2,1,TKW
dclde,dclde:Cpe_Elz,47.36,-124.68,1.0,2011-07-10,Orcinus orca,Killer whale,toothed whale,10,1,TKW
dclde,dclde:Cpe_Elz,47.36,-124.68,1.0,2011-07-16,Orcinus orca,Killer whale,toothed whale,101,1,TKW
dclde,dclde:Cpe_Elz,47.36,-124.68,1.0,2011-07-17,Orcinus orca,Killer whale,toothed whale,21,1,TKW
dclde,dclde:Cpe_Elz,47.36,-124.68,1.0,2011-07-24,Orcinus orca,Killer whale,toothed whale,20,1,TKW
dclde,dclde:Cpe_Elz,47.36,-124.68,1.0,2011-08-03,Orcinus orca,Killer whale,toothed whale,4,1,TKW
dclde,dclde:Cpe_Elz,47.36,-124.68,1.0,2011-08-11,Orcinus orca,Killer whale,toothed whale,500,1,TKW
dclde,dclde:Cpe_Elz,47.36,-124.68,1.0,2011-08-12,Orcinus orca,Killer whale,toothed whale,227,1,TKW
dclde,dclde:Cpe_Elz,47.36,-124.68,1.0,2011-08-13,Orcinus orca,Killer whale,toothed whale,10,1,TKW
dclde,dclde:Cpe_Elz,47.36,-124.68,1.0,2011-08-19,Orcinus orca,Killer whale,toothed whale,3,1,TKW
dclde,dclde:Cpe_Elz,47.36,-124.68,1.0,2011-08-23,Orcinus orca,Killer whale,toothed whale,13,1,TKW
dclde,dclde:Cpe_Elz,47.36,-124.68,1.0,2011-09-17,Orcinus orca,Killer whale,toothed whale,28,1,TKW
dclde,dclde:Cpe_Elz,47.36,-124.68,1.0,2011-10-07,Megaptera novaeangliae,Humpback whale,baleen whale,15,1,
dclde,dclde:Cpe_Elz,47.36,-124.68,1.0,2011-10-07,Orcinus orca,Killer whale,toothed whale,3,1,SRKW
dclde,dclde:Cpe_Elz,47.36,-124.68,1.0,2011-10-09,Megaptera novaeangliae,Humpback whale,baleen whale,85,1,
dclde,dclde:Cpe_Elz,47.36,-124.68,1.0,2011-10-09,Orcinus orca,Killer whale,toothed whale,8,1,SRKW
dclde,dclde:Cpe_Elz,47.36,-124.68,1.0,2011-12-10,Orcinus orca,Killer whale,toothed whale,294,3,TKW
dclde,dclde:Cpe_Elz,47.36,-124.68,1.0,2011-12-13,Orcinus orca,Killer whale,toothed whale,35,3,TKW
dclde,dclde:Cpe_Elz,47.36,-124.68,1.0,2011-12-21,Orcinus orca,Killer whale,toothed whale,9,3,TKW
dclde,dclde:Cpe_Elz,47.36,-124.68,1.0,2012-01-03,Orcinus orca,Killer whale,toothed whale,5,1,TKW
dclde,dclde:Field_HTI,60.15,-147.59,50.0,2019-05-21,Orcinus orca,Killer whale,toothed whale,78,5,SAR
dclde,dclde:Field_HTI,60.15,-147.59,50.0,2019-05-22,Orcinus orca,Killer whale,toothed whale,59,3,SAR
dclde,dclde:Field_HTI,60.15,-147.59,50.0,2019-05-25,Orcinus orca,Killer whale,toothed whale,94,7,SAR
dclde,dclde:Field_HTI,60.15,-147.59,50.0,2019-05-29,Orcinus orca,Killer whale,toothed whale,12,4,SAR
dclde,dclde:Field_HTI,60.15,-147.59,50.0,2019-06-02,Orcinus orca,Killer whale,toothed whale,431,27,SAR
dclde,dclde:Field_HTI,60.15,-147.59,50.0,2019-06-03,Orcinus orca,Killer whale,toothed whale,115,5,SAR
dclde,dclde:Field_HTI,60.15,-147.59,50.0,2019-06-06,Orcinus orca,Killer whale,toothed whale,5,1,SAR
dclde,dclde:Field_HTI,60.15,-147.59,50.0,2019-06-08,Orcinus orca,Killer whale,toothed whale,29,5,SAR
dclde,dclde:Field_HTI,60.15,-147.59,50.0,2019-06-18,Orcinus orca,Killer whale,toothed whale,464,12,SAR
dclde,dclde:Field_HTI,60.15,-147.59,50.0,2019-06-24,Orcinus orca,Killer whale,toothed whale,434,9,SAR
dclde,dclde:Field_HTI,60.15,-147.59,50.0,2019-08-11,Orcinus orca,Killer whale,toothed whale,116,6,SAR
dclde,dclde:Field_HTI,60.15,-147.59,50.0,2019-08-31,Orcinus orca,Killer whale,toothed whale,118,9,SAR
dclde,dclde:Field_HTI,60.15,-147.59,50.0,2019-09-10,Orcinus orca,Killer whale,toothed whale,186,8,SAR
dclde,dclde:Field_HTI,60.15,-147.59,50.0,2019-09-11,Orcinus orca,Killer whale,toothed whale,98,4,SAR
dclde,dclde:Field_HTI,60.15,-147.59,50.0,2019-10-05,Orcinus orca,Killer whale,toothed whale,709,22,SAR
dclde,dclde:Field_HTI,60.15,-147.59,50.0,2020-06-21,Orcinus orca,Killer whale,toothed whale,570,12,SAR
dclde,dclde:Field_HTI,60.15,-147.59,50.0,2020-06-22,Orcinus orca,Killer whale,toothed whale,42,4,SAR
dclde,dclde:Field_HTI,60.15,-147.59,50.0,2020-06-23,Orcinus orca,Killer whale,toothed whale,231,9,SAR
dclde,dclde:Field_HTI,60.15,-147.59,50.0,2020-06-28,Orcinus orca,Killer whale,toothed whale,1176,38,SAR
dclde,dclde:Field_HTI,60.15,-147.59,50.0,2020-07-01,Orcinus orca,Killer whale,toothed whale,53,6,SAR
dclde,dclde:Field_HTI,60.15,-147.59,50.0,2020-07-02,Orcinus orca,Killer whale,toothed whale,268,10,SAR
dclde,dclde:Field_HTI,60.15,-147.59,50.0,2021-05-19,Orcinus orca,Killer whale,toothed whale,94,9,SAR
dclde,dclde:Field_HTI,60.15,-147.59,50.0,2021-05-20,Orcinus orca,Killer whale,toothed whale,4,2,SAR
dclde,dclde:Field_HTI,60.15,-147.59,50.0,2021-05-23,Orcinus orca,Killer whale,toothed whale,28,6,SAR
dclde,dclde:Field_HTI,60.15,-147.59,50.0,2021-05-27,Orcinus orca,Killer whale,toothed whale,333,22,SAR
dclde,dclde:Field_HTI,60.15,-147.59,50.0,2021-06-05,Orcinus orca,Killer whale,toothed whale,12,2,SAR
dclde,dclde:Field_HTI,60.15,-147.59,50.0,2021-06-07,Orcinus orca,Killer whale,toothed whale,36,4,SAR
dclde,dclde:Field_HTI,60.15,-147.59,50.0,2021-06-08,Orcinus orca,Killer whale,toothed whale,565,36,SAR
dclde,dclde:Field_SondTrap,60.15,-147.59,50.0,2021-06-16,Orcinus orca,Killer whale,toothed whale,172,10,SAR
dclde,dclde:Field_SondTrap,60.15,-147.59,50.0,2021-06-18,Orcinus orca,Killer whale,toothed whale,260,12,SAR
dclde,dclde:Field_SondTrap,60.15,-147.59,50.0,2021-06-20,Orcinus orca,Killer whale,toothed whale,7,3,SAR
dclde,dclde:Field_SondTrap,60.15,-147.59,50.0,2021-06-22,Orcinus orca,Killer whale,toothed whale,917,30,SAR
dclde,dclde:Field_SondTrap,60.15,-147.59,50.0,2021-06-23,Orcinus orca,Killer whale,toothed whale,264,12,SAR
dclde,dclde:Field_SondTrap,60.15,-147.59,50.0,2021-06-27,Orcinus orca,Killer whale,toothed whale,7,4,SAR
dclde,dclde:Field_SondTrap,60.15,-147.59,50.0,2021-06-30,Orcinus orca,Killer whale,toothed whale,91,10,SAR
dclde,dclde:HE_67391498,60.31,-146.97,5.0,2019-07-02,Orcinus orca,Killer whale,toothed whale,4,1,TKW
dclde,dclde:HE_67391498,60.31,-146.97,5.0,2019-07-16,Orcinus orca,Killer whale,toothed whale,5,2,TKW
dclde,dclde:HE_67424266,60.31,-146.97,5.0,2019-10-23,Orcinus orca,Killer whale,toothed whale,3,2,TKW
dclde,dclde:HE_67424266,60.31,-146.97,5.0,2019-12-11,Orcinus orca,Killer whale,toothed whale,6,3,TKW
dclde,dclde:HE_67424266,60.31,-146.97,5.0,2020-03-07,Orcinus orca,Killer whale,toothed whale,35,5,TKW
dclde,dclde:HE_67424266,60.31,-146.97,5.0,2020-03-29,Orcinus orca,Killer whale,toothed whale,3,1,TKW
dclde,dclde:HE_67424266,60.31,-146.97,5.0,2020-04-15,Orcinus orca,Killer whale,toothed whale,134,10,TKW
dclde,dclde:HE_67424266,60.31,-146.97,5.0,2020-04-28,Orcinus orca,Killer whale,toothed whale,78,14,TKW
dclde,dclde:HE_67424266,60.31,-146.97,5.0,2020-05-06,Orcinus orca,Killer whale,toothed whale,3,3,TKW
dclde,dclde:HE_67424266,60.31,-146.97,5.0,2020-05-12,Orcinus orca,Killer whale,toothed whale,7,4,TKW
dclde,dclde:HE_67424266,60.31,-146.97,5.0,2020-05-28,Orcinus orca,Killer whale,toothed whale,18,3,TKW
dclde,dclde:HE_67424266,60.31,-146.97,5.0,2020-05-30,Orcinus orca,Killer whale,toothed whale,7,3,TKW
dclde,dclde:HaroStraitNorth,48.52,-123.19,1.0,2017-07-18,Orcinus orca,Killer whale,toothed whale,50,22,
dclde,dclde:HaroStraitNorth,48.52,-123.19,1.0,2017-07-19,Orcinus orca,Killer whale,toothed whale,294,72,SRKW
dclde,dclde:HaroStraitNorth,48.52,-123.19,1.0,2017-07-23,Orcinus orca,Killer whale,toothed whale,275,77,
dclde,dclde:HaroStraitNorth,48.52,-123.19,1.0,2017-07-25,Orcinus orca,Killer whale,toothed whale,156,37,SRKW
dclde,dclde:HaroStraitNorth,48.52,-123.19,1.0,2017-07-26,Orcinus orca,Killer whale,toothed whale,87,35,
dclde,dclde:HaroStraitNorth,48.52,-123.19,1.0,2017-08-04,Orcinus orca,Killer whale,toothed whale,517,120,SRKW
dclde,dclde:HaroStraitNorth,48.52,-123.19,1.0,2017-08-19,Orcinus orca,Killer whale,toothed whale,80,22,
dclde,dclde:HaroStraitNorth,48.52,-123.19,1.0,2017-08-20,Orcinus orca,Killer whale,toothed whale,13,5,
dclde,dclde:HaroStraitNorth,48.52,-123.19,1.0,2017-08-22,Orcinus orca,Killer whale,toothed whale,100,44,
dclde,dclde:HaroStraitNorth,48.52,-123.19,1.0,2017-09-05,Orcinus orca,Killer whale,toothed whale,949,150,SRKW
dclde,dclde:HaroStraitNorth,48.52,-123.19,1.0,2017-09-06,Orcinus orca,Killer whale,toothed whale,400,66,SRKW
dclde,dclde:HaroStraitNorth,48.52,-123.19,1.0,2017-09-10,Orcinus orca,Killer whale,toothed whale,13,5,
dclde,dclde:HaroStraitNorth,48.52,-123.19,1.0,2017-09-11,Orcinus orca,Killer whale,toothed whale,15,7,
dclde,dclde:HaroStraitNorth,48.52,-123.19,1.0,2017-09-13,Orcinus orca,Killer whale,toothed whale,45,15,SRKW
dclde,dclde:HaroStraitNorth,48.52,-123.19,1.0,2017-09-14,Orcinus orca,Killer whale,toothed whale,25,11,
dclde,dclde:HaroStraitNorth,48.52,-123.19,1.0,2017-09-20,Orcinus orca,Killer whale,toothed whale,184,82,SRKW
dclde,dclde:HaroStraitNorth,48.52,-123.19,1.0,2017-09-22,Orcinus orca,Killer whale,toothed whale,7,3,
dclde,dclde:HaroStraitNorth,48.52,-123.19,1.0,2017-09-23,Orcinus orca,Killer whale,toothed whale,113,29,
dclde,dclde:HaroStraitNorth,48.52,-123.19,1.0,2017-09-24,Orcinus orca,Killer whale,toothed whale,13,9,
dclde,dclde:HaroStraitNorth,48.52,-123.19,1.0,2017-09-25,Orcinus orca,Killer whale,toothed whale,5,4,
dclde,dclde:HaroStraitNorth,48.52,-123.19,1.0,2017-09-27,Orcinus orca,Killer whale,toothed whale,575,131,SRKW
dclde,dclde:HaroStraitNorth,48.52,-123.19,1.0,2017-09-30,Orcinus orca,Killer whale,toothed whale,503,99,SRKW
dclde,dclde:HaroStraitNorth,48.52,-123.19,1.0,2017-10-15,Orcinus orca,Killer whale,toothed whale,391,122,SRKW
dclde,dclde:HaroStraitNorth,48.52,-123.19,1.0,2017-10-24,Orcinus orca,Killer whale,toothed whale,43,26,SRKW
dclde,dclde:HaroStraitSouth,48.52,-123.21,1.0,2017-07-18,Orcinus orca,Killer whale,toothed whale,63,27,
dclde,dclde:HaroStraitSouth,48.52,-123.21,1.0,2017-07-19,Orcinus orca,Killer whale,toothed whale,285,63,SRKW
dclde,dclde:HaroStraitSouth,48.52,-123.21,1.0,2017-07-23,Orcinus orca,Killer whale,toothed whale,294,99,SRKW
dclde,dclde:HaroStraitSouth,48.52,-123.21,1.0,2017-07-24,Orcinus orca,Killer whale,toothed whale,2,2,
dclde,dclde:HaroStraitSouth,48.52,-123.21,1.0,2017-07-25,Orcinus orca,Killer whale,toothed whale,50,18,SRKW
dclde,dclde:HaroStraitSouth,48.52,-123.21,1.0,2017-07-26,Orcinus orca,Killer whale,toothed whale,154,56,
dclde,dclde:HaroStraitSouth,48.52,-123.21,1.0,2017-08-04,Orcinus orca,Killer whale,toothed whale,603,147,SRKW
dclde,dclde:HaroStraitSouth,48.52,-123.21,1.0,2017-08-19,Orcinus orca,Killer whale,toothed whale,57,20,TKW
dclde,dclde:HaroStraitSouth,48.52,-123.21,1.0,2017-08-21,Orcinus orca,Killer whale,toothed whale,28,8,
dclde,dclde:HaroStraitSouth,48.52,-123.21,1.0,2017-08-22,Orcinus orca,Killer whale,toothed whale,44,28,
dclde,dclde:HaroStraitSouth,48.52,-123.21,1.0,2017-09-05,Orcinus orca,Killer whale,toothed whale,860,138,SRKW
dclde,dclde:HaroStraitSouth,48.52,-123.21,1.0,2017-09-06,Orcinus orca,Killer whale,toothed whale,263,57,SRKW
dclde,dclde:HaroStraitSouth,48.52,-123.21,1.0,2017-09-10,Orcinus orca,Killer whale,toothed whale,13,4,
dclde,dclde:HaroStraitSouth,48.52,-123.21,1.0,2017-09-12,Orcinus orca,Killer whale,toothed whale,46,10,
dclde,dclde:HaroStraitSouth,48.52,-123.21,1.0,2017-09-13,Orcinus orca,Killer whale,toothed whale,281,71,SRKW
dclde,dclde:HaroStraitSouth,48.52,-123.21,1.0,2017-09-14,Orcinus orca,Killer whale,toothed whale,34,16,
dclde,dclde:HaroStraitSouth,48.52,-123.21,1.0,2017-09-20,Orcinus orca,Killer whale,toothed whale,303,114,SRKW
dclde,dclde:HaroStraitSouth,48.52,-123.21,1.0,2017-09-23,Orcinus orca,Killer whale,toothed whale,133,38,SRKW
dclde,dclde:HaroStraitSouth,48.52,-123.21,1.0,2017-09-24,Orcinus orca,Killer whale,toothed whale,11,5,
dclde,dclde:HaroStraitSouth,48.52,-123.21,1.0,2017-09-27,Orcinus orca,Killer whale,toothed whale,492,134,SRKW
dclde,dclde:HaroStraitSouth,48.52,-123.21,1.0,2017-09-30,Orcinus orca,Killer whale,toothed whale,371,83,SRKW
dclde,dclde:HaroStraitSouth,48.52,-123.21,1.0,2017-10-15,Orcinus orca,Killer whale,toothed whale,340,98,SRKW
dclde,dclde:HaroStraitSouth,48.52,-123.21,1.0,2017-10-16,Orcinus orca,Killer whale,toothed whale,12,8,
dclde,dclde:HaroStraitSouth,48.52,-123.21,1.0,2017-10-24,Orcinus orca,Killer whale,toothed whale,47,23,
dclde,dclde:KB_5354,59.88,-151.85,5.0,2021-07-30,Orcinus orca,Killer whale,toothed whale,22,5,TKW
dclde,dclde:KB_5354,59.88,-151.85,5.0,2021-08-08,Orcinus orca,Killer whale,toothed whale,10,5,TKW
dclde,dclde:KB_67383303,59.88,-151.85,5.0,2022-05-13,Orcinus orca,Killer whale,toothed whale,450,27,OKW
dclde,dclde:KB_67424266,59.88,-151.85,5.0,2020-08-13,Orcinus orca,Killer whale,toothed whale,69,5,TKW
dclde,dclde:KB_67424266,59.88,-151.85,5.0,2020-09-20,Orcinus orca,Killer whale,toothed whale,6,3,TKW
dclde,dclde:KB_67424266,59.88,-151.85,5.0,2020-09-21,Orcinus orca,Killer whale,toothed whale,9,4,TKW
dclde,dclde:KB_67424266,59.88,-151.85,5.0,2020-11-05,Orcinus orca,Killer whale,toothed whale,9,2,TKW
dclde,dclde:KB_67424266,59.88,-151.85,5.0,2020-11-15,Orcinus orca,Killer whale,toothed whale,7,2,TKW
dclde,dclde:KB_67424266,59.88,-151.85,5.0,2020-11-17,Orcinus orca,Killer whale,toothed whale,3,2,TKW
dclde,dclde:KB_67424266,59.88,-151.85,5.0,2020-11-18,Orcinus orca,Killer whale,toothed whale,32,6,TKW
dclde,dclde:KB_67424266,59.88,-151.85,5.0,2020-11-28,Orcinus orca,Killer whale,toothed whale,30,7,TKW
dclde,dclde:KB_67424266,59.88,-151.85,5.0,2020-12-05,Orcinus orca,Killer whale,toothed whale,9,4,TKW
dclde,dclde:KB_67424266,59.88,-151.85,5.0,2020-12-08,Orcinus orca,Killer whale,toothed whale,6,2,TKW
dclde,dclde:KB_67424266,59.88,-151.85,5.0,2020-12-27,Orcinus orca,Killer whale,toothed whale,31,5,TKW
dclde,dclde:KB_67424266,59.88,-151.85,5.0,2021-01-14,Orcinus orca,Killer whale,toothed whale,2,1,TKW
dclde,dclde:KB_67424266,59.88,-151.85,5.0,2021-01-31,Orcinus orca,Killer whale,toothed whale,13,4,TKW
dclde,dclde:KB_67424266,59.88,-151.85,5.0,2021-02-06,Orcinus orca,Killer whale,toothed whale,36,10,TKW
dclde,dclde:KB_67424266,59.88,-151.85,5.0,2021-02-07,Orcinus orca,Killer whale,toothed whale,4,1,TKW
dclde,dclde:KB_67424266,59.88,-151.85,5.0,2021-02-11,Orcinus orca,Killer whale,toothed whale,9,3,TKW
dclde,dclde:KB_67424266,59.88,-151.85,5.0,2021-03-05,Orcinus orca,Killer whale,toothed whale,10,4,TKW
dclde,dclde:KB_67424266,59.88,-151.85,5.0,2021-03-21,Orcinus orca,Killer whale,toothed whale,1,1,TKW
dclde,dclde:KB_67424266,59.88,-151.85,5.0,2021-03-29,Orcinus orca,Killer whale,toothed whale,13,3,TKW
dclde,dclde:LimeKiln,48.51,-123.15,1.0,2016-11-06,Megaptera novaeangliae,Humpback whale,baleen whale,139,10,
dclde,dclde:LimeKiln,48.51,-123.15,1.0,2019-07-05,Megaptera novaeangliae,Humpback whale,baleen whale,1,1,
dclde,dclde:LimeKiln,48.51,-123.15,1.0,2019-07-05,Orcinus orca,Killer whale,toothed whale,407,45,SRKW
dclde,dclde:LimeKiln,48.51,-123.15,1.0,2019-07-06,Orcinus orca,Killer whale,toothed whale,68,15,SRKW
dclde,dclde:LimeKiln,48.51,-123.15,1.0,2019-08-17,Orcinus orca,Killer whale,toothed whale,108,8,SRKW
dclde,dclde:LimeKiln,48.51,-123.15,1.0,2019-08-22,Orcinus orca,Killer whale,toothed whale,213,8,SRKW
dclde,dclde:LimeKiln,48.51,-123.15,1.0,2019-08-25,Orcinus orca,Killer whale,toothed whale,185,8,
dclde,dclde:LimeKiln,48.51,-123.15,1.0,2019-08-27,Orcinus orca,Killer whale,toothed whale,143,8,
dclde,dclde:LimeKiln,48.51,-123.15,1.0,2019-09-21,Orcinus orca,Killer whale,toothed whale,37,7,
dclde,dclde:LimeKiln,48.51,-123.15,1.0,2020-07-26,Orcinus orca,Killer whale,toothed whale,64,8,
dclde,dclde:LimeKiln,48.51,-123.15,1.0,2020-09-13,Orcinus orca,Killer whale,toothed whale,36,5,
dclde,dclde:MS_5360,60.18,-147.82,5.0,2020-09-18,Orcinus orca,Killer whale,toothed whale,6,3,TKW
dclde,dclde:MS_5360,60.18,-147.82,5.0,2020-11-04,Orcinus orca,Killer whale,toothed whale,57,14,TKW
dclde,dclde:MS_5360,60.18,-147.82,5.0,2020-12-04,Orcinus orca,Killer whale,toothed whale,12,4,TKW
dclde,dclde:MS_5360,60.18,-147.82,5.0,2021-06-03,Orcinus orca,Killer whale,toothed whale,22,5,TKW
dclde,dclde:MS_671879205,60.18,-147.82,5.0,2019-06-04,Orcinus orca,Killer whale,toothed whale,21,4,TKW
dclde,dclde:MS_671879205,60.18,-147.82,5.0,2019-06-12,Orcinus orca,Killer whale,toothed whale,4,1,TKW
dclde,dclde:MS_671879205,60.18,-147.82,5.0,2019-06-14,Orcinus orca,Killer whale,toothed whale,7,2,TKW
dclde,dclde:MS_671879205,60.18,-147.82,5.0,2019-06-25,Orcinus orca,Killer whale,toothed whale,12,5,TKW
dclde,dclde:MS_671879205,60.18,-147.82,5.0,2019-07-01,Orcinus orca,Killer whale,toothed whale,15,3,TKW
dclde,dclde:MS_671879205,60.18,-147.82,5.0,2019-07-02,Orcinus orca,Killer whale,toothed whale,37,9,TKW
dclde,dclde:MS_671879205,60.18,-147.82,5.0,2019-07-19,Orcinus orca,Killer whale,toothed whale,3,1,TKW
dclde,dclde:MS_671879205,60.18,-147.82,5.0,2019-07-20,Orcinus orca,Killer whale,toothed whale,4,1,TKW
dclde,dclde:MS_671879205,60.18,-147.82,5.0,2019-08-16,Orcinus orca,Killer whale,toothed whale,3,1,TKW
dclde,dclde:MS_671879205,60.18,-147.82,5.0,2019-09-04,Orcinus orca,Killer whale,toothed whale,3,1,TKW
dclde,dclde:MS_671879205,60.18,-147.82,5.0,2019-09-05,Orcinus orca,Killer whale,toothed whale,3,2,TKW
dclde,dclde:MS_671879205,60.18,-147.82,5.0,2019-10-27,Orcinus orca,Killer whale,toothed whale,19,5,TKW
dclde,dclde:MS_671879205,60.18,-147.82,5.0,2019-12-29,Orcinus orca,Killer whale,toothed whale,5,1,TKW
dclde,dclde:MS_671879205,60.18,-147.82,5.0,2020-01-21,Orcinus orca,Killer whale,toothed whale,35,5,TKW
dclde,dclde:MS_671879205,60.18,-147.82,5.0,2020-01-24,Orcinus orca,Killer whale,toothed whale,5,1,TKW
dclde,dclde:MS_671879205,60.18,-147.82,5.0,2020-03-07,Orcinus orca,Killer whale,toothed whale,74,5,TKW
dclde,dclde:MS_671879205,60.18,-147.82,5.0,2020-03-15,Orcinus orca,Killer whale,toothed whale,39,5,TKW
dclde,dclde:MS_671879205,60.18,-147.82,5.0,2020-04-12,Orcinus orca,Killer whale,toothed whale,79,9,TKW
dclde,dclde:MS_671879205,60.18,-147.82,5.0,2020-05-01,Orcinus orca,Killer whale,toothed whale,37,7,TKW
dclde,dclde:MS_671879205,60.18,-147.82,5.0,2020-05-26,Orcinus orca,Killer whale,toothed whale,11,3,TKW
dclde,dclde:MS_671879205,60.18,-147.82,5.0,2020-05-28,Orcinus orca,Killer whale,toothed whale,39,9,TKW
dclde,dclde:MS_671879205,60.18,-147.82,5.0,2020-06-01,Orcinus orca,Killer whale,toothed whale,9,3,TKW
dclde,dclde:MS_6897,60.18,-147.82,5.0,2023-04-28,Orcinus orca,Killer whale,toothed whale,373,20,OKW
dclde,dclde:Quin_Can,47.5,-125.35,1.0,2011-02-10,Orcinus orca,Killer whale,toothed whale,59,1,OKW
dclde,dclde:Quin_Can,47.5,-125.35,1.0,2011-02-14,Orcinus orca,Killer whale,toothed whale,21,1,OKW
dclde,dclde:Quin_Can,47.5,-125.35,1.0,2011-03-24,Orcinus orca,Killer whale,toothed whale,25,1,OKW
dclde,dclde:Quin_Can,47.5,-125.35,1.0,2011-03-25,Orcinus orca,Killer whale,toothed whale,79,2,OKW
dclde,dclde:Quin_Can,47.5,-125.35,1.0,2011-03-30,Orcinus orca,Killer whale,toothed whale,96,1,TKW
dclde,dclde:Quin_Can,47.5,-125.35,1.0,2011-04-01,Orcinus orca,Killer whale,toothed whale,144,1,TKW
dclde,dclde:Quin_Can,47.5,-125.35,1.0,2011-04-14,Orcinus orca,Killer whale,toothed whale,15,2,TKW
dclde,dclde:Quin_Can,47.5,-125.35,1.0,2011-04-19,Orcinus orca,Killer whale,toothed whale,3,1,TKW
dclde,dclde:Quin_Can,47.5,-125.35,1.0,2011-07-07,Orcinus orca,Killer whale,toothed whale,15,2,TKW
dclde,dclde:Quin_Can,47.5,-125.35,1.0,2011-07-08,Orcinus orca,Killer whale,toothed whale,6,1,TKW
dclde,dclde:Quin_Can,47.5,-125.35,1.0,2011-07-09,Orcinus orca,Killer whale,toothed whale,132,2,OKW
dclde,dclde:Quin_Can,47.5,-125.35,1.0,2011-08-09,Orcinus orca,Killer whale,toothed whale,31,1,OKW
dclde,dclde:RB_335826997,59.73,-149.53,5.0,2019-11-21,Orcinus orca,Killer whale,toothed whale,8,2,TKW
dclde,dclde:RB_335826997,59.73,-149.53,5.0,2020-02-24,Orcinus orca,Killer whale,toothed whale,4,2,TKW
dclde,dclde:RB_67424266,59.73,-149.53,5.0,2019-06-10,Orcinus orca,Killer whale,toothed whale,5,1,TKW
dclde,dclde:StraitofGeorgia,49.04,-123.32,1.0,2015-09-29,Orcinus orca,Killer whale,toothed whale,184,6,SRKW
dclde,dclde:StraitofGeorgia,49.04,-123.32,1.0,2015-09-30,Orcinus orca,Killer whale,toothed whale,83,9,SRKW
dclde,dclde:StraitofGeorgia,49.04,-123.32,1.0,2015-10-16,Orcinus orca,Killer whale,toothed whale,112,16,SRKW
dclde,dclde:StraitofGeorgia,49.04,-123.32,1.0,2015-12-26,Megaptera novaeangliae,Humpback whale,baleen whale,51,6,
dclde,dclde:StraitofGeorgia,49.04,-123.32,1.0,2015-12-27,Orcinus orca,Killer whale,toothed whale,32,7,SRKW
dclde,dclde:StraitofGeorgia,49.04,-123.32,1.0,2016-06-07,Orcinus orca,Killer whale,toothed whale,25,8,TKW
dclde,dclde:StraitofGeorgia,49.04,-123.32,1.0,2016-07-30,Orcinus orca,Killer whale,toothed whale,25,5,SRKW
dclde,dclde:StraitofGeorgia,49.04,-123.32,1.0,2016-08-08,Orcinus orca,Killer whale,toothed whale,46,9,TKW
dclde,dclde:StraitofGeorgia,49.04,-123.32,1.0,2016-08-09,Orcinus orca,Killer whale,toothed whale,113,6,SRKW
dclde,dclde:StraitofGeorgia,49.04,-123.32,1.0,2016-08-17,Orcinus orca,Killer whale,toothed whale,39,4,SRKW
dclde,dclde:StraitofGeorgia,49.04,-123.32,1.0,2016-08-21,Orcinus orca,Killer whale,toothed whale,25,2,SRKW
dclde,dclde:StraitofGeorgia,49.04,-123.32,1.0,2016-08-30,Orcinus orca,Killer whale,toothed whale,20,4,SRKW
dclde,dclde:StraitofGeorgia,49.04,-123.32,1.0,2016-08-31,Orcinus orca,Killer whale,toothed whale,161,13,SRKW
dclde,dclde:StraitofGeorgia,49.04,-123.32,1.0,2016-09-05,Orcinus orca,Killer whale,toothed whale,16,3,
dclde,dclde:StraitofGeorgia,49.04,-123.32,1.0,2016-09-15,Orcinus orca,Killer whale,toothed whale,22,5,SRKW
dclde,dclde:StraitofGeorgia,49.04,-123.32,1.0,2016-09-19,Orcinus orca,Killer whale,toothed whale,27,3,SRKW
dclde,dclde:StraitofGeorgia,49.04,-123.32,1.0,2016-09-22,Orcinus orca,Killer whale,toothed whale,239,14,SRKW
dclde,dclde:StraitofGeorgia,49.04,-123.32,1.0,2016-09-26,Orcinus orca,Killer whale,toothed whale,39,7,SRKW
dclde,dclde:StraitofGeorgia,49.04,-123.32,1.0,2017-02-07,Orcinus orca,Killer whale,toothed whale,62,6,
dclde,dclde:StraitofGeorgia,49.04,-123.32,1.0,2017-05-30,Orcinus orca,Killer whale,toothed whale,61,6,SRKW
dclde,dclde:StraitofGeorgia,49.04,-123.32,1.0,2017-11-04,Orcinus orca,Killer whale,toothed whale,118,11,SRKW
dclde,dclde:StraitofGeorgia,49.04,-123.32,1.0,2018-01-12,Orcinus orca,Killer whale,toothed whale,382,51,TKW
dclde,dclde:StraitofGeorgia,49.04,-123.32,1.0,2018-01-17,Orcinus orca,Killer whale,toothed whale,1,1,TKW
dclde,dclde:StraitofGeorgia,49.04,-123.32,1.0,2018-03-12,Orcinus orca,Killer whale,toothed whale,7,2,SRKW
dclde,dclde:StraitofGeorgia,49.04,-123.32,1.0,2018-03-15,Orcinus orca,Killer whale,toothed whale,29,7,TKW
dclde,dclde:Tekteksen,48.78,-123.05,1.0,2022-06-24,Orcinus orca,Killer whale,toothed whale,2,1,
dclde,dclde:Tekteksen,48.78,-123.05,1.0,2022-06-28,Orcinus orca,Killer whale,toothed whale,52,21,SRKW
dclde,dclde:Tekteksen,48.78,-123.05,1.0,2022-07-10,Orcinus orca,Killer whale,toothed whale,87,9,SRKW
dclde,dclde:Tekteksen,48.78,-123.05,1.0,2022-07-11,Megaptera novaeangliae,Humpback whale,baleen whale,21,8,
dclde,dclde:Tekteksen,48.78,-123.05,1.0,2022-07-11,Orcinus orca,Killer whale,toothed whale,793,62,SRKW
dclde,dclde:Tekteksen,48.78,-123.05,1.0,2022-07-12,Orcinus orca,Killer whale,toothed whale,61,21,SRKW
dclde,dclde:Tekteksen,48.78,-123.05,1.0,2022-07-13,Orcinus orca,Killer whale,toothed whale,323,93,SRKW
dclde,dclde:Tekteksen,48.78,-123.05,1.0,2022-07-23,Orcinus orca,Killer whale,toothed whale,191,57,SRKW
dclde,dclde:Tekteksen,48.78,-123.05,1.0,2022-07-25,Orcinus orca,Killer whale,toothed whale,191,26,SRKW
dclde,dclde:Tekteksen,48.78,-123.05,1.0,2022-07-26,Orcinus orca,Killer whale,toothed whale,14,4,SRKW
dclde,dclde:Tekteksen,48.78,-123.05,1.0,2022-07-29,Orcinus orca,Killer whale,toothed whale,168,26,SRKW
dclde,dclde:Tekteksen,48.78,-123.05,1.0,2022-08-04,Orcinus orca,Killer whale,toothed whale,860,85,SRKW
dclde,dclde:Tekteksen,48.78,-123.05,1.0,2022-08-09,Orcinus orca,Killer whale,toothed whale,106,26,SRKW
dclde,dclde:Tekteksen,48.78,-123.05,1.0,2022-09-03,Orcinus orca,Killer whale,toothed whale,34,14,SRKW
dclde,dclde:Tekteksen,48.78,-123.05,1.0,2022-10-03,Orcinus orca,Killer whale,toothed whale,247,60,SRKW
dclde,dclde:bush_point,48.03,-122.61,1.0,2020-09-29,Orcinus orca,Killer whale,toothed whale,510,48,SRKW
dclde,dclde:orcasound_lab,48.52,-123.16,1.0,2017-09-27,Orcinus orca,Killer whale,toothed whale,436,17,SRKW
dclde,dclde:orcasound_lab,48.52,-123.16,1.0,2019-07-05,Orcinus orca,Killer whale,toothed whale,435,6,SRKW
dclde,dclde:orcasound_lab,48.52,-123.16,1.0,2020-09-01,Orcinus orca,Killer whale,toothed whale,151,16,SRKW
dclde,dclde:port_townsend,48.14,-122.76,1.0,2020-09-30,Orcinus orca,Killer whale,toothed whale,198,24,SRKW
watkins,"watkins:-45.0,167.0",-45.0,167.0,60.0,1964-12-13,Lagenorhynchus obscurus,Dusky dolphin,toothed whale,27,1,
watkins,"watkins:-52.0,-70.0",-52.0,-70.0,60.0,1968-12-10,Cephalorhynchus commersonii,Commerson's dolphin,toothed whale,1,1,
watkins,"watkins:-77.0,169.0",-77.0,169.0,60.0,1964-11-22,Balaenoptera acutorostrata,Common/dwarf minke whale,baleen whale,17,1,
watkins,"watkins:10.0,-86.0",10.0,-86.0,60.0,1963-05-05,Stenella attenuata,Pantropical spotted dolphin,toothed whale,119,1,
watkins,"watkins:13.0,-61.0",13.0,-61.0,60.0,1981-11-23,Globicephala macrorhynchus,Short-finned pilot whale,toothed whale,30,1,
watkins,"watkins:13.0,-61.0",13.0,-61.0,60.0,1983-11-09,Physeter macrocephalus,Sperm whale,toothed whale,64,1,
watkins,"watkins:13.0,-61.0",13.0,-61.0,60.0,1983-11-13,Physeter macrocephalus,Sperm whale,toothed whale,4,1,
watkins,"watkins:13.0,-61.0",13.0,-61.0,60.0,1983-11-14,Stenella clymene,Clymene dolphin,toothed whale,155,1,
watkins,"watkins:14.0,-61.0",14.0,-61.0,60.0,1983-10-31,Stenella clymene,Clymene dolphin,toothed whale,173,1,
watkins,"watkins:14.0,-61.0",14.0,-61.0,60.0,1993-04-25,Physeter macrocephalus,Sperm whale,toothed whale,32,1,
watkins,"watkins:15.0,-61.0",15.0,-61.0,60.0,1981-11-15,Stenella longirostris,Spinner dolphin,toothed whale,10,1,
watkins,"watkins:15.0,-61.0",15.0,-61.0,60.0,1984-03-20,Globicephala macrorhynchus,Short-finned pilot whale,toothed whale,12,1,
watkins,"watkins:15.0,-61.0",15.0,-61.0,60.0,1984-03-20,Physeter macrocephalus,Sperm whale,toothed whale,12,1,
watkins,"watkins:15.0,-61.0",15.0,-61.0,60.0,1984-03-21,Physeter macrocephalus,Sperm whale,toothed whale,10,1,
watkins,"watkins:15.0,-61.0",15.0,-61.0,60.0,1984-03-22,Physeter macrocephalus,Sperm whale,toothed whale,3,1,
watkins,"watkins:15.0,-61.0",15.0,-61.0,60.0,1990-04-02,Physeter macrocephalus,Sperm whale,toothed whale,55,1,
watkins,"watkins:15.0,-61.0",15.0,-61.0,60.0,1990-04-07,Stenella attenuata,Pantropical spotted dolphin,toothed whale,373,1,
watkins,"watkins:15.0,-61.0",15.0,-61.0,60.0,1991-10-21,Physeter macrocephalus,Sperm whale,toothed whale,76,1,
watkins,"watkins:15.0,-61.0",15.0,-61.0,60.0,1991-10-26,Lagenodelphis hosei,Fraser's dolphin,toothed whale,86,1,
watkins,"watkins:15.0,-61.0",15.0,-61.0,60.0,1991-10-27,Peponocephala electra,Melon-headed whale,toothed whale,158,1,
watkins,"watkins:15.0,-61.0",15.0,-61.0,60.0,1991-10-27,Physeter macrocephalus,Sperm whale,toothed whale,2,1,
watkins,"watkins:15.0,-61.0",15.0,-61.0,60.0,1993-04-24,Physeter macrocephalus,Sperm whale,toothed whale,102,1,
watkins,"watkins:15.0,-61.0",15.0,-61.0,60.0,1993-04-25,Physeter macrocephalus,Sperm whale,toothed whale,20,1,
watkins,"watkins:15.0,-61.0",15.0,-61.0,60.0,1993-04-26,Physeter macrocephalus,Sperm whale,toothed whale,6,1,
watkins,"watkins:15.0,-61.0",15.0,-61.0,60.0,1994-05-07,Stenella attenuata,Pantropical spotted dolphin,toothed whale,1,1,
watkins,"watkins:15.0,-61.0",15.0,-61.0,60.0,1994-05-10,Physeter macrocephalus,Sperm whale,toothed whale,6,1,
watkins,"watkins:15.0,-61.0",15.0,-61.0,60.0,1995-04-27,Physeter macrocephalus,Sperm whale,toothed whale,71,1,
watkins,"watkins:15.0,-61.0",15.0,-61.0,60.0,1995-04-28,Physeter macrocephalus,Sperm whale,toothed whale,7,1,
watkins,"watkins:15.0,-61.0",15.0,-61.0,60.0,1995-05-01,Pseudorca crassidens,False killer whale,toothed whale,64,1,
watkins,"watkins:15.232,-61.54",15.232,-61.5398,2.0,1991-10-23,Globicephala macrorhynchus,Short-finned pilot whale,toothed whale,278,1,
watkins,"watkins:15.233,-61.46",15.233,-61.4605,2.0,1991-10-26,Lagenodelphis hosei,Fraser's dolphin,toothed whale,13,1,
watkins,"watkins:15.302,-61.458",15.3022,-61.4583,2.0,1993-04-23,Physeter macrocephalus,Sperm whale,toothed whale,7,1,
watkins,"watkins:15.306,-61.54",15.3057,-61.54,2.0,1995-04-28,Physeter macrocephalus,Sperm whale,toothed whale,77,1,
watkins,"watkins:15.309,-61.454",15.309,-61.4537,2.0,1995-04-27,Physeter macrocephalus,Sperm whale,toothed whale,26,1,
watkins,"watkins:15.381,-61.465",15.3813,-61.4647,2.0,1994-05-05,Physeter macrocephalus,Sperm whale,toothed whale,2,1,
watkins,"watkins:15.384,-61.468",15.3842,-61.4677,2.0,1994-05-05,Physeter macrocephalus,Sperm whale,toothed whale,13,1,
watkins,"watkins:15.398,-61.515",15.3982,-61.5152,2.0,1994-05-08,Globicephala macrorhynchus,Short-finned pilot whale,toothed whale,57,1,
watkins,"watkins:15.401,-61.518",15.4012,-61.5182,2.0,1994-05-08,Globicephala macrorhynchus,Short-finned pilot whale,toothed whale,40,1,
watkins,"watkins:15.404,-61.52",15.4045,-61.52,2.0,1994-05-08,Globicephala macrorhynchus,Short-finned pilot whale,toothed whale,134,1,
watkins,"watkins:15.407,-61.53",15.407,-61.5303,2.0,1994-05-08,Lagenodelphis hosei,Fraser's dolphin,toothed whale,39,1,
watkins,"watkins:15.419,-61.491",15.4194,-61.4911,2.0,1993-04-25,Physeter macrocephalus,Sperm whale,toothed whale,4,1,
watkins,"watkins:15.43,-61.493",15.4298,-61.4933,2.0,1994-05-05,Physeter macrocephalus,Sperm whale,toothed whale,14,1,
watkins,"watkins:15.465,-61.498",15.465,-61.4983,2.0,1993-04-21,Stenella attenuata,Pantropical spotted dolphin,toothed whale,10,1,
watkins,"watkins:15.503,-61.484",15.5027,-61.4845,2.0,1994-05-07,Stenella attenuata,Pantropical spotted dolphin,toothed whale,197,1,
watkins,"watkins:15.521,-61.545",15.5213,-61.5452,2.0,1993-04-26,Physeter macrocephalus,Sperm whale,toothed whale,3,1,
watkins,"watkins:15.535,-61.514",15.5348,-61.5138,2.0,1994-05-06,Stenella attenuata,Pantropical spotted dolphin,toothed whale,4,1,
watkins,"watkins:15.535,-61.528",15.535,-61.5282,2.0,1994-05-12,Peponocephala electra,Melon-headed whale,toothed whale,3,1,
watkins,"watkins:15.543,-61.509",15.543,-61.509,2.0,1994-05-06,Stenella attenuata,Pantropical spotted dolphin,toothed whale,6,1,
watkins,"watkins:16.0,-61.0",16.0,-61.0,60.0,1984-03-17,Physeter macrocephalus,Sperm whale,toothed whale,5,1,
watkins,"watkins:18.0,-64.0",18.0,-64.0,60.0,1992-02-14,Megaptera novaeangliae,Humpback whale,baleen whale,35,1,
watkins,"watkins:18.0,-68.0",18.0,-68.0,60.0,1986-02-14,Megaptera novaeangliae,Humpback whale,baleen whale,254,1,
watkins,"watkins:19.0,-156.0",19.0,-156.0,60.0,1971-05-09,Stenella longirostris,Spinner dolphin,toothed whale,15,1,
watkins,"watkins:19.0,-66.0",19.0,-66.0,60.0,1954-03-10,Megaptera novaeangliae,Humpback whale,baleen whale,29,1,
watkins,"watkins:19.467,-155.917",19.4667,-155.9167,2.0,1971-05-09,Stenella longirostris,Spinner dolphin,toothed whale,87,1,
watkins,"watkins:19.5,-156.0",19.5,-156.0,2.0,1971-05-09,Stenella longirostris,Spinner dolphin,toothed whale,174,1,
watkins,"watkins:19.5,-156.0",19.5,-156.0,2.0,1971-05-10,Stenella longirostris,Spinner dolphin,toothed whale,102,1,
watkins,"watkins:19.5,-156.0",19.5,-156.0,2.0,1971-05-13,Stenella longirostris,Spinner dolphin,toothed whale,72,1,
watkins,"watkins:21.0,-157.0",21.0,-157.0,60.0,1980-02-20,Megaptera novaeangliae,Humpback whale,baleen whale,73,1,
watkins,"watkins:24.0,-112.0",24.0,-112.0,60.0,1999-02-19,Eschrichtius robustus,Gray whale,baleen whale,20,1,
watkins,"watkins:25.0,-77.0",25.0,-77.0,60.0,1957-03-21,Globicephala macrorhynchus,Short-finned pilot whale,toothed whale,6,1,
watkins,"watkins:25.0,-77.0",25.0,-77.0,60.0,1961-04-17,Globicephala macrorhynchus,Short-finned pilot whale,toothed whale,1,1,
watkins,"watkins:25.0,-79.0",25.0,-79.0,60.0,1957-03-16,Globicephala macrorhynchus,Short-finned pilot whale,toothed whale,8,1,
watkins,"watkins:25.0,-79.0",25.0,-79.0,60.0,1957-03-21,Globicephala macrorhynchus,Short-finned pilot whale,toothed whale,9,1,
watkins,"watkins:25.0,-80.0",25.0,-80.0,60.0,1951-04-06,Tursiops truncatus,Common bottlenose dolphin,toothed whale,2,1,
watkins,"watkins:28.0,-13.0",28.0,-13.0,60.0,1987-01-30,Delphinus delphis,Common dolphin,toothed whale,93,1,
watkins,"watkins:29.0,-13.0",29.0,-13.0,60.0,1987-02-01,Physeter macrocephalus,Sperm whale,toothed whale,35,1,
watkins,"watkins:29.0,-14.0",29.0,-14.0,60.0,1987-02-01,Grampus griseus,Risso's dolphin,toothed whale,28,1,
watkins,"watkins:31.0,-65.0",31.0,-65.0,60.0,1958-09-16,Megaptera novaeangliae,Humpback whale,baleen whale,58,1,
watkins,"watkins:31.967,-65.167",31.9667,-65.1667,2.0,1958-09-16,Megaptera novaeangliae,Humpback whale,baleen whale,3,1,
watkins,"watkins:32.0,-117.0",32.0,-117.0,60.0,1967-01-19,Eschrichtius robustus,Gray whale,baleen whale,16,1,
watkins,"watkins:32.0,-64.0",32.0,-64.0,60.0,1952-04-09,Megaptera novaeangliae,Humpback whale,baleen whale,2,1,
watkins,"watkins:32.0,-64.0",32.0,-64.0,60.0,1952-04-09,Physeter macrocephalus,Sperm whale,toothed whale,3,1,
watkins,"watkins:32.0,-64.0",32.0,-64.0,60.0,1963-03-26,Megaptera novaeangliae,Humpback whale,baleen whale,59,1,
watkins,"watkins:32.267,-64.717",32.2667,-64.7167,2.0,1958-09-16,Megaptera novaeangliae,Humpback whale,baleen whale,1,1,
watkins,"watkins:32.367,-64.633",32.3667,-64.6333,2.0,1951-04-25,Megaptera novaeangliae,Humpback whale,baleen whale,6,1,
watkins,"watkins:32.367,-64.633",32.3667,-64.6333,2.0,1953-04-30,Megaptera novaeangliae,Humpback whale,baleen whale,6,1,
watkins,"watkins:33.0,-118.0",33.0,-118.0,60.0,1958-03-18,Delphinus delphis bairdii,Long-beaked common dolphin,toothed whale,8,1,
watkins,"watkins:33.0,-118.0",33.0,-118.0,60.0,1958-03-19,Delphinus delphis bairdii,Long-beaked common dolphin,toothed whale,61,1,
watkins,"watkins:33.0,-118.0",33.0,-118.0,60.0,1958-03-19,Globicephala macrorhynchus,Short-finned pilot whale,toothed whale,3,1,
watkins,"watkins:33.0,-118.0",33.0,-118.0,60.0,1965-11-11,Globicephala macrorhynchus,Short-finned pilot whale,toothed whale,12,1,
watkins,"watkins:33.0,-119.0",33.0,-119.0,60.0,1965-01-25,Globicephala macrorhynchus,Short-finned pilot whale,toothed whale,2,1,
watkins,"watkins:33.0,-17.0",33.0,-17.0,60.0,1965-08-10,Physeter macrocephalus,Sperm whale,toothed whale,75,1,
watkins,"watkins:36.0,-4.0",36.0,-4.0,60.0,1958-08-02,Globicephala melas,Long-finned pilot whale,toothed whale,54,1,
watkins,"watkins:36.0,15.0",36.0,15.0,60.0,1985-08-18,Physeter macrocephalus,Sperm whale,toothed whale,124,1,
watkins,"watkins:36.0,15.0",36.0,15.0,60.0,1985-09-02,Stenella coeruleoalba,Striped dolphin,toothed whale,264,1,
watkins,"watkins:36.0,15.0",36.0,15.0,60.0,1985-09-04,Steno bredanensis,Rough-toothed dolphin,toothed whale,98,1,
watkins,"watkins:37.7,-73.017",37.7,-73.0167,2.0,1972-08-04,Stenella coeruleoalba,Striped dolphin,toothed whale,120,1,
watkins,"watkins:38.0,-64.0",38.0,-64.0,60.0,1961-06-07,Grampus griseus,Risso's dolphin,toothed whale,3,1,
watkins,"watkins:38.0,-71.0",38.0,-71.0,60.0,1961-08-05,Stenella coeruleoalba,Striped dolphin,toothed whale,13,1,
watkins,"watkins:38.0,-71.0",38.0,-71.0,60.0,1961-08-10,Stenella coeruleoalba,Striped dolphin,toothed whale,14,1,
watkins,"watkins:38.0,-72.0",38.0,-72.0,60.0,1961-08-03,Pseudorca crassidens,False killer whale,toothed whale,444,1,
watkins,"watkins:38.0,-72.0",38.0,-72.0,60.0,1961-08-07,Physeter macrocephalus,Sperm whale,toothed whale,4,1,
watkins,"watkins:38.0,-73.0",38.0,-73.0,60.0,1959-07-29,Grampus griseus,Risso's dolphin,toothed whale,157,1,
watkins,"watkins:38.0,-73.0",38.0,-73.0,60.0,1961-08-06,Stenella frontalis,Atlantic spotted dolphin,toothed whale,237,1,
watkins,"watkins:38.0,-74.0",38.0,-74.0,60.0,1959-07-26,Grampus griseus,Risso's dolphin,toothed whale,6,1,
watkins,"watkins:38.0,12.0",38.0,12.0,60.0,1991-07-10,Grampus griseus,Risso's dolphin,toothed whale,127,1,
watkins,"watkins:38.0,13.0",38.0,13.0,60.0,1985-08-24,Stenella coeruleoalba,Striped dolphin,toothed whale,56,1,
watkins,"watkins:38.0,13.0",38.0,13.0,60.0,1985-08-25,Grampus griseus,Risso's dolphin,toothed whale,32,1,
watkins,"watkins:38.0,13.0",38.0,13.0,60.0,1985-08-25,Stenella coeruleoalba,Striped dolphin,toothed whale,11,1,
watkins,"watkins:38.0,13.0",38.0,13.0,60.0,1985-08-30,Physeter macrocephalus,Sperm whale,toothed whale,45,1,
watkins,"watkins:38.0,15.0",38.0,15.0,60.0,1991-07-22,Physeter macrocephalus,Sperm whale,toothed whale,24,1,
watkins,"watkins:39.0,-71.0",39.0,-71.0,60.0,1958-08-11,Stenella coeruleoalba,Striped dolphin,toothed whale,59,1,
watkins,"watkins:39.0,-72.0",39.0,-72.0,60.0,1958-08-05,Globicephala melas,Long-finned pilot whale,toothed whale,47,1,
watkins,"watkins:39.75,-70.833",39.75,-70.8333,2.0,1953-06-11,Globicephala melas,Long-finned pilot whale,toothed whale,14,1,
watkins,"watkins:39.79,-72.138",39.79,-72.1383,2.0,1958-08-05,Balaenoptera physalus,Fin whale,baleen whale,13,1,
watkins,"watkins:40.0,-65.0",40.0,-65.0,60.0,1962-09-17,Physeter macrocephalus,Sperm whale,toothed whale,3,1,
watkins,"watkins:40.0,-70.0",40.0,-70.0,60.0,1979-04-25,Balaenoptera physalus,Fin whale,baleen whale,20,1,
watkins,"watkins:40.0,-71.0",40.0,-71.0,60.0,1958-08-12,Delphinus delphis,Common dolphin,toothed whale,280,1,
watkins,"watkins:40.0,-71.0",40.0,-71.0,60.0,1961-08-11,Delphinus delphis,Common dolphin,toothed whale,13,1,
watkins,"watkins:40.0,8.0",40.0,8.0,60.0,1990-06-20,Delphinus delphis,Common dolphin,toothed whale,5,1,
watkins,"watkins:41.0,-66.0",41.0,-66.0,60.0,1977-10-11,Globicephala melas,Long-finned pilot whale,toothed whale,45,1,
watkins,"watkins:41.0,-66.0",41.0,-66.0,60.0,1977-10-12,Globicephala melas,Long-finned pilot whale,toothed whale,117,1,
watkins,"watkins:41.0,-70.0",41.0,-70.0,60.0,1956-04-03,Eubalaena glacialis,North Atlantic right whale,baleen whale,42,1,
watkins,"watkins:41.0,-70.0",41.0,-70.0,60.0,1962-05-10,Lagenorhynchus albirostris,White-beaked dolphin,toothed whale,29,1,
watkins,"watkins:41.0,-71.0",41.0,-71.0,60.0,1956-04-03,Eubalaena glacialis,North Atlantic right whale,baleen whale,135,1,
watkins,"watkins:41.0,-71.0",41.0,-71.0,60.0,1956-04-06,Eubalaena glacialis,North Atlantic right whale,baleen whale,22,1,
watkins,"watkins:41.0,-71.0",41.0,-71.0,60.0,1977-05-05,Balaenoptera physalus,Fin whale,baleen whale,109,1,
watkins,"watkins:41.525,-69.513",41.525,-69.5133,2.0,1961-10-01,Balaenoptera physalus,Fin whale,baleen whale,9,1,
watkins,"watkins:41.642,-69.192",41.6417,-69.1917,2.0,1961-10-01,Balaenoptera physalus,Fin whale,baleen whale,3,1,
watkins,"watkins:41.7,-69.8",41.7,-69.8,2.0,1962-05-10,Balaenoptera physalus,Fin whale,baleen whale,8,1,
watkins,"watkins:42.0,-61.0",42.0,-61.0,60.0,1975-09-12,Globicephala melas,Long-finned pilot whale,toothed whale,242,1,
watkins,"watkins:42.0,-61.0",42.0,-61.0,60.0,1975-09-12,Physeter macrocephalus,Sperm whale,toothed whale,98,1,
watkins,"watkins:42.0,-65.0",42.0,-65.0,60.0,1974-08-09,Balaenoptera musculus,Blue whale,baleen whale,2,1,
watkins,"watkins:42.0,-65.0",42.0,-65.0,60.0,1975-09-05,Balaenoptera physalus,Fin whale,baleen whale,20,1,
watkins,"watkins:42.0,-67.0",42.0,-67.0,60.0,1961-09-30,Lagenorhynchus acutus,Atlantic white-sided dolphin,toothed whale,139,1,
watkins,"watkins:42.0,-67.0",42.0,-67.0,60.0,1961-09-30,Phocoena phocoena,Harbour porpoise,toothed whale,12,1,
watkins,"watkins:42.0,-70.0",42.0,-70.0,60.0,1959-04-14,Eubalaena glacialis,North Atlantic right whale,baleen whale,12,1,
watkins,"watkins:42.0,-70.0",42.0,-70.0,60.0,1959-04-15,Eubalaena glacialis,North Atlantic right whale,baleen whale,63,1,
watkins,"watkins:42.0,-70.0",42.0,-70.0,60.0,1961-09-12,Megaptera novaeangliae,Humpback whale,baleen whale,5,1,
watkins,"watkins:42.0,-70.0",42.0,-70.0,60.0,1970-04-13,Eubalaena glacialis,North Atlantic right whale,baleen whale,68,1,
watkins,"watkins:42.0,-70.0",42.0,-70.0,60.0,1970-04-13,Lagenorhynchus albirostris,White-beaked dolphin,toothed whale,77,1,
watkins,"watkins:42.0,-70.0",42.0,-70.0,60.0,1972-05-02,Lagenorhynchus albirostris,White-beaked dolphin,toothed whale,45,1,
watkins,"watkins:42.0,-70.0",42.0,-70.0,60.0,1977-05-05,Balaenoptera physalus,Fin whale,baleen whale,29,1,
watkins,"watkins:42.0,-70.0",42.0,-70.0,60.0,1977-05-17,Balaenoptera physalus,Fin whale,baleen whale,19,1,
watkins,"watkins:42.0,-70.0",42.0,-70.0,60.0,1977-05-31,Balaenoptera physalus,Fin whale,baleen whale,21,1,
watkins,"watkins:42.0,-70.0",42.0,-70.0,60.0,1978-05-03,Lagenorhynchus acutus,Atlantic white-sided dolphin,toothed whale,94,1,
watkins,"watkins:42.0,-70.0",42.0,-70.0,60.0,1978-10-11,Balaenoptera physalus,Fin whale,baleen whale,36,1,
watkins,"watkins:42.0,-70.0",42.0,-70.0,60.0,1979-04-25,Balaenoptera physalus,Fin whale,baleen whale,18,1,
watkins,"watkins:42.0,-70.0",42.0,-70.0,60.0,1979-04-25,Lagenorhynchus acutus,Atlantic white-sided dolphin,toothed whale,138,1,
watkins,"watkins:42.0,-70.0",42.0,-70.0,60.0,1982-10-28,Balaenoptera physalus,Fin whale,baleen whale,4,1,
watkins,"watkins:42.0,-71.0",42.0,-71.0,60.0,1956-04-06,Eubalaena glacialis,North Atlantic right whale,baleen whale,12,1,
watkins,"watkins:42.217,-70.038",42.2167,-70.0383,2.0,1961-09-29,Balaenoptera physalus,Fin whale,baleen whale,23,1,
watkins,"watkins:42.217,-70.08",42.2167,-70.08,2.0,1961-09-13,Balaenoptera physalus,Fin whale,baleen whale,17,1,
watkins,"watkins:42.233,-70.033",42.2333,-70.0333,2.0,1961-09-12,Balaenoptera physalus,Fin whale,baleen whale,19,1,
watkins,"watkins:42.233,-70.217",42.2333,-70.2167,2.0,1961-09-12,Balaenoptera physalus,Fin whale,baleen whale,2,1,
watkins,"watkins:42.243,-70.075",42.2433,-70.075,2.0,1961-09-13,Balaenoptera physalus,Fin whale,baleen whale,15,1,
watkins,"watkins:42.252,-70.095",42.2517,-70.095,2.0,1961-09-27,Balaenoptera physalus,Fin whale,baleen whale,24,1,
watkins,"watkins:42.253,-70.1",42.2533,-70.1,2.0,1961-09-27,Balaenoptera physalus,Fin whale,baleen whale,23,1,
watkins,"watkins:42.257,-69.992",42.2567,-69.9917,2.0,1961-09-14,Balaenoptera physalus,Fin whale,baleen whale,4,1,
watkins,"watkins:42.283,-70.083",42.2833,-70.0833,2.0,1961-09-14,Balaenoptera physalus,Fin whale,baleen whale,6,1,
watkins,"watkins:42.292,-70.042",42.2917,-70.0417,2.0,1961-09-12,Balaenoptera physalus,Fin whale,baleen whale,15,1,
watkins,"watkins:42.292,-70.238",42.2917,-70.2383,2.0,1961-09-12,Balaenoptera physalus,Fin whale,baleen whale,3,1,
watkins,"watkins:42.3,-67.917",42.3,-67.9167,2.0,1975-09-05,Lagenorhynchus acutus,Atlantic white-sided dolphin,toothed whale,127,1,
watkins,"watkins:42.303,-70.103",42.3033,-70.1033,2.0,1961-09-13,Balaenoptera physalus,Fin whale,baleen whale,9,1,
watkins,"watkins:42.322,-70.09",42.3217,-70.09,2.0,1961-09-13,Balaenoptera physalus,Fin whale,baleen whale,4,1,
watkins,"watkins:42.333,-67.833",42.3333,-67.8333,2.0,1956-09-20,Globicephala melas,Long-finned pilot whale,toothed whale,23,1,
watkins,"watkins:42.348,-70.073",42.3483,-70.0733,2.0,1961-09-12,Balaenoptera physalus,Fin whale,baleen whale,9,1,
watkins,"watkins:42.36,-70.325",42.36,-70.325,2.0,1961-09-12,Balaenoptera physalus,Fin whale,baleen whale,3,1,
watkins,"watkins:42.633,-61.85",42.6333,-61.85,2.0,1975-09-12,Physeter macrocephalus,Sperm whale,toothed whale,17,1,
watkins,"watkins:42.65,-61.867",42.65,-61.8667,2.0,1975-09-12,Globicephala melas,Long-finned pilot whale,toothed whale,264,1,
watkins,"watkins:43.0,-123.0",43.0,-123.0,60.0,1964-08-17,Orcinus orca,Killer whale,toothed whale,5,1,
watkins,"watkins:43.0,-58.0",43.0,-58.0,60.0,1975-09-10,Globicephala melas,Long-finned pilot whale,toothed whale,37,1,
watkins,"watkins:43.0,-58.0",43.0,-58.0,60.0,1975-09-10,Stenella coeruleoalba,Striped dolphin,toothed whale,2,1,
watkins,"watkins:43.0,-59.0",43.0,-59.0,60.0,1975-09-08,Delphinus delphis,Common dolphin,toothed whale,119,1,
watkins,"watkins:43.0,-59.0",43.0,-59.0,60.0,1975-09-08,Globicephala melas,Long-finned pilot whale,toothed whale,203,1,
watkins,"watkins:43.0,-59.0",43.0,-59.0,60.0,1975-09-08,Stenella coeruleoalba,Striped dolphin,toothed whale,95,1,
watkins,"watkins:43.0,-59.0",43.0,-59.0,60.0,1975-09-09,Balaenoptera physalus,Fin whale,baleen whale,1,1,
watkins,"watkins:43.0,-59.0",43.0,-59.0,60.0,1975-09-09,Physeter macrocephalus,Sperm whale,toothed whale,22,1,
watkins,"watkins:43.0,-62.0",43.0,-62.0,60.0,1977-10-08,Globicephala melas,Long-finned pilot whale,toothed whale,10,1,
watkins,"watkins:43.0,-65.0",43.0,-65.0,60.0,1974-08-09,Balaenoptera musculus,Blue whale,baleen whale,1,1,
watkins,"watkins:43.0,-70.0",43.0,-70.0,60.0,1959-02-28,Lagenorhynchus albirostris,White-beaked dolphin,toothed whale,45,1,
watkins,"watkins:43.0,10.0",43.0,10.0,60.0,1990-08-13,Stenella coeruleoalba,Striped dolphin,toothed whale,47,1,
watkins,"watkins:43.0,8.0",43.0,8.0,60.0,1988-07-22,Physeter macrocephalus,Sperm whale,toothed whale,97,1,
watkins,"watkins:43.0,8.0",43.0,8.0,60.0,1988-07-26,Globicephala melas,Long-finned pilot whale,toothed whale,36,1,
watkins,"watkins:43.017,-70.167",43.0167,-70.1667,2.0,1960-12-20,Balaenoptera physalus,Fin whale,baleen whale,24,1,
watkins,"watkins:44.0,-64.0",44.0,-64.0,60.0,1961-11-20,Balaenoptera physalus,Fin whale,baleen whale,18,1,
watkins,"watkins:44.0,15.0",44.0,15.0,60.0,1992-04-27,Tursiops truncatus,Common bottlenose dolphin,toothed whale,123,1,
watkins,"watkins:45.0,-66.0",45.0,-66.0,60.0,1981-09-17,Eubalaena glacialis,North Atlantic right whale,baleen whale,1,1,
watkins,"watkins:45.0,-66.0",45.0,-66.0,60.0,1981-09-18,Eubalaena glacialis,North Atlantic right whale,baleen whale,74,1,
watkins,"watkins:45.0,-67.0",45.0,-67.0,60.0,1965-09-08,Phocoena phocoena,Harbour porpoise,toothed whale,11,1,
watkins,"watkins:47.0,-62.0",47.0,-62.0,60.0,1979-08-04,Balaenoptera acutorostrata,Common/dwarf minke whale,baleen whale,7,1,
watkins,"watkins:47.0,-70.0",47.0,-70.0,60.0,1965-05-09,Delphinapterus leucas,Beluga,toothed whale,1,1,
watkins,"watkins:47.417,-70.417",47.4167,-70.4167,2.0,1965-05-09,Delphinapterus leucas,Beluga,toothed whale,19,1,
watkins,"watkins:47.533,-53.533",47.5333,-53.5333,2.0,1954-07-18,Globicephala melas,Long-finned pilot whale,toothed whale,62,1,
watkins,"watkins:48.0,-123.0",48.0,-123.0,60.0,1958-02-19,Orcinus orca,Killer whale,toothed whale,6,1,
watkins,"watkins:48.0,-123.0",48.0,-123.0,60.0,1960-10-28,Orcinus orca,Killer whale,toothed whale,33,1,
watkins,"watkins:48.0,-53.0",48.0,-53.0,60.0,1954-07-18,Globicephala melas,Long-finned pilot whale,toothed whale,13,1,
watkins,"watkins:48.0,-69.0",48.0,-69.0,60.0,1962-06-08,Delphinapterus leucas,Beluga,toothed whale,4,1,
watkins,"watkins:48.0,-70.0",48.0,-70.0,60.0,1962-06-08,Delphinapterus leucas,Beluga,toothed whale,34,1,
watkins,"watkins:48.0,-70.0",48.0,-70.0,60.0,1962-06-09,Delphinapterus leucas,Beluga,toothed whale,46,1,
watkins,"watkins:49.0,-123.0",49.0,-123.0,60.0,1964-08-16,Orcinus orca,Killer whale,toothed whale,3,1,
watkins,"watkins:49.0,-123.0",49.0,-123.0,60.0,1964-08-17,Orcinus orca,Killer whale,toothed whale,6,1,
watkins,"watkins:49.0,-67.0",49.0,-67.0,60.0,1957-07-23,Delphinus delphis,Common dolphin,toothed whale,350,1,
watkins,"watkins:60.0,-148.0",60.0,-148.0,60.0,1979-08-05,Megaptera novaeangliae,Humpback whale,baleen whale,6,1,
watkins,"watkins:60.533,-147.958",60.5333,-147.9583,2.0,1979-08-05,Phocoenoides dalli,Dall's porpoise,toothed whale,52,1,
watkins,"watkins:66.0,-169.0",66.0,-169.0,60.0,1971-01-08,Balaena mysticetus,Bowhead whale,baleen whale,15,1,
watkins,"watkins:66.0,-169.0",66.0,-169.0,60.0,1971-02-04,Balaena mysticetus,Bowhead whale,baleen whale,22,1,
watkins,"watkins:66.0,-169.0",66.0,-169.0,60.0,1972-04-06,Balaena mysticetus,Bowhead whale,baleen whale,16,1,
watkins,"watkins:68.0,16.0",68.0,16.0,60.0,1992-12-29,Orcinus orca,Killer whale,toothed whale,103,1,
watkins,"watkins:68.0,16.0",68.0,16.0,60.0,1992-12-30,Orcinus orca,Killer whale,toothed whale,180,1,
watkins,"watkins:68.0,16.0",68.0,16.0,60.0,1993-04-01,Orcinus orca,Killer whale,toothed whale,174,1,
watkins,"watkins:68.0,16.0",68.0,16.0,60.0,1993-06-01,Orcinus orca,Killer whale,toothed whale,15,1,
watkins,"watkins:69.0,-16.0",69.0,-16.0,60.0,1989-09-09,Orcinus orca,Killer whale,toothed whale,156,1,
watkins,"watkins:70.0,-78.0",70.0,-78.0,60.0,1975-08-09,Monodon monoceros,Narwhal,toothed whale,44,1,
watkins,"watkins:71.0,-157.0",71.0,-157.0,60.0,1978-05-10,Balaena mysticetus,Bowhead whale,baleen whale,16,1,
watkins,"watkins:71.0,-40.0",71.0,-40.0,60.0,1960-12-21,Orcinus orca,Killer whale,toothed whale,272,1,
watkins,"watkins:72.0,-160.0",72.0,-160.0,60.0,1979-05-07,Balaena mysticetus,Bowhead whale,baleen whale,6,1,
watkins,"watkins:72.0,-160.0",72.0,-160.0,60.0,1979-05-09,Balaena mysticetus,Bowhead whale,baleen whale,1,1,
watkins,"watkins:72.0,-160.0",72.0,-160.0,60.0,1979-05-10,Balaena mysticetus,Bowhead whale,baleen whale,3,1,
watkins,"watkins:72.0,-160.0",72.0,-160.0,60.0,1979-10-19,Balaena mysticetus,Bowhead whale,baleen whale,6,1,
watkins,"watkins:73.0,-78.0",73.0,-78.0,60.0,1968-08-22,Monodon monoceros,Narwhal,toothed whale,17,1,
watkins,"watkins:74.0,-105.0",74.0,-105.0,60.0,1968-09-11,Monodon monoceros,Narwhal,toothed whale,1,1,
watkins,"watkins:74.0,-85.0",74.0,-85.0,60.0,1968-09-11,Delphinapterus leucas,Beluga,toothed whale,4,1,
watkins,"watkins:75.0,-75.0",75.0,-75.0,60.0,1965-08-20,Monodon monoceros,Narwhal,toothed whale,8,1,
