clip,window,species,common_name,tape,orig_sr,duration_s,pad_s,gain_db,split
52008002,0,Megaptera novaeangliae,Humpback whale,52008,30000,4.905,0.0,11.58,train
52008002,1,Megaptera novaeangliae,Humpback whale,52008,30000,4.905,0.0,9.8,train
52008002,2,Megaptera novaeangliae,Humpback whale,52008,30000,4.905,0.0,-17.64,train
52008003,0,Megaptera novaeangliae,Humpback whale,52008,30000,3.252,0.0,-1.32,train
52008003,1,Megaptera novaeangliae,Humpback whale,52008,30000,3.252,0.0,3.3,train
54018001,0,Megaptera novaeangliae,Humpback whale,54018,14900,6.261,0.0,4.35,train
54018001,1,Megaptera novaeangliae,Humpback whale,54018,14900,6.261,0.0,-10.4,train
54018001,2,Megaptera novaeangliae,Humpback whale,54018,14900,6.261,0.0,-12.56,train
54018001,3,Megaptera novaeangliae,Humpback whale,54018,14900,6.261,0.0,7.41,train
54018001,4,Megaptera novaeangliae,Humpback whale,54018,14900,6.261,0.0,-9.91,train
54018002,0,Megaptera novaeangliae,Humpback whale,54018,14900,3.33,0.0,9.32,train
54018002,1,Megaptera novaeangliae,Humpback whale,54018,14900,3.33,0.0,-25.45,train
54018003,0,Megaptera novaeangliae,Humpback whale,54018,14900,3.35,0.0,-15.72,train
54018003,1,Megaptera novaeangliae,Humpback whale,54018,14900,3.35,0.0,4.53,train
54018004,0,Megaptera novaeangliae,Humpback whale,54018,14900,16.342,0.0,5.37,train
54018004,1,Megaptera novaeangliae,Humpback whale,54018,14900,16.342,0.0,13.68,train
54018004,2,Megaptera novaeangliae,Humpback whale,54018,14900,16.342,0.0,-6.93,train
54018004,3,Megaptera novaeangliae,Humpback whale,54018,14900,16.342,0.0,-15.81,train
54018004,4,Megaptera novaeangliae,Humpback whale,54018,14900,16.342,0.0,8.13,train
54018005,0,Megaptera novaeangliae,Humpback whale,54018,14900,3.478,0.0,-22.52,train
54018005,1,Megaptera novaeangliae,Humpback whale,54018,14900,3.478,0.0,-11.73,train
54018006,0,Megaptera novaeangliae,Humpback whale,54018,14900,3.196,0.0,-5.71,train
54018006,1,Megaptera novaeangliae,Humpback whale,54018,14900,3.196,0.0,-22.28,train
54018007,0,Megaptera novaeangliae,Humpback whale,54018,14900,2.838,0.0,11.69,train
54018008,0,Megaptera novaeangliae,Humpback whale,54018,14900,5.089,0.0,3.22,train
54018008,1,Megaptera novaeangliae,Humpback whale,54018,14900,5.089,0.0,-20.75,train
54018008,2,Megaptera novaeangliae,Humpback whale,54018,14900,5.089,0.0,0.91,train
54018008,3,Megaptera novaeangliae,Humpback whale,54018,14900,5.089,0.0,6.79,train
54018009,0,Megaptera novaeangliae,Humpback whale,54018,14900,7.109,0.0,-0.64,train
54018009,1,Megaptera novaeangliae,Humpback whale,54018,14900,7.109,0.0,4.92,train
54018009,2,Megaptera novaeangliae,Humpback whale,54018,14900,7.109,0.0,-7.59,train
54018009,3,Megaptera novaeangliae,Humpback whale,54018,14900,7.109,0.0,-20.69,train
54018009,4,Megaptera novaeangliae,Humpback whale,54018,14900,7.109,0.0,13.14,train
5401800A,0,Megaptera novaeangliae,Humpback whale,54018,14900,11.762,0.0,-27.33,train
5401800A,1,Megaptera novaeangliae,Humpback whale,54018,14900,11.762,0.0,-12.3,train
5401800A,2,Megaptera novaeangliae,Humpback whale,54018,14900,11.762,0.0,8.63,train
5401800A,3,Megaptera novaeangliae,Humpback whale,54018,14900,11.762,0.0,-7.15,train
5401800A,4,Megaptera novaeangliae,Humpback whale,54018,14900,11.762,0.0,2.17,train
5401800B,0,Megaptera novaeangliae,Humpback whale,54018,14900,15.547,0.0,-26.99,train
5401800B,1,Megaptera novaeangliae,Humpback whale,54018,14900,15.547,0.0,-22.06,train
5401800B,2,Megaptera novaeangliae,Humpback whale,54018,14900,15.547,0.0,3.54,train
5401800B,3,Megaptera novaeangliae,Humpback whale,54018,14900,15.547,0.0,7.65,train
5401800B,4,Megaptera novaeangliae,Humpback whale,54018,14900,15.547,0.0,-19.01,train
5401800C,0,Megaptera novaeangliae,Humpback whale,54018,14900,4.91,0.0,-17.2,train
5401800C,1,Megaptera novaeangliae,Humpback whale,54018,14900,4.91,0.0,-11.62,train
5401800C,2,Megaptera novaeangliae,Humpback whale,54018,14900,4.91,0.0,-20.4,train
5401800D,0,Megaptera novaeangliae,Humpback whale,54018,14900,5.498,0.0,-23.74,train
5401800D,1,Megaptera novaeangliae,Humpback whale,54018,14900,5.498,0.0,3.16,train
5401800D,2,Megaptera novaeangliae,Humpback whale,54018,14900,5.498,0.0,-7.25,train
5401800D,3,Megaptera novaeangliae,Humpback whale,54018,14900,5.498,0.0,-12.19,train
5401800E,0,Megaptera novaeangliae,Humpback whale,54018,14900,9.819,0.0,11.77,train
5401800E,1,Megaptera novaeangliae,Humpback whale,54018,14900,9.819,0.0,-0.81,train
5401800E,2,Megaptera novaeangliae,Humpback whale,54018,14900,9.819,0.0,-0.11,train
5401800E,3,Megaptera novaeangliae,Humpback whale,54018,14900,9.819,0.0,-14.35,train
5401800E,4,Megaptera novaeangliae,Humpback whale,54018,14900,9.819,0.0,-3.66,train
5401800F,0,Megaptera novaeangliae,Humpback whale,54018,14900,11.788,0.0,10.46,train
5401800F,1,Megaptera novaeangliae,Humpback whale,54018,14900,11.788,0.0,8.1,train
5401800F,2,Megaptera novaeangliae,Humpback whale,54018,14900,11.788,0.0,-15.74,train
5401800F,3,Megaptera novaeangliae,Humpback whale,54018,14900,11.788,0.0,-1.13,train
5401800F,4,Megaptera novaeangliae,Humpback whale,54018,14900,11.788,0.0,12.51,train
5401800G,0,Megaptera novaeangliae,Humpback whale,54018,14900,7.05,0.0,-6.73,train
5401800G,1,Megaptera novaeangliae,Humpback whale,54018,14900,7.05,0.0,-21.54,train
5401800G,2,Megaptera novaeangliae,Humpback whale,54018,14900,7.05,0.0,1.32,train
5401800G,3,Megaptera novaeangliae,Humpback whale,54018,14900,7.05,0.0,-35.08,train
5401800G,4,Megaptera novaeangliae,Humpback whale,54018,14900,7.05,0.0,-18.07,train
5401800H,0,Megaptera novaeangliae,Humpback whale,54018,14900,10.705,0.0,0.02,train
5401800H,1,Megaptera novaeangliae,Humpback whale,54018,14900,10.705,0.0,13.29,train
5401800H,2,Megaptera novaeangliae,Humpback whale,54018,14900,10.705,0.0,-17.12,train
5401800H,3,Megaptera novaeangliae,Humpback whale,54018,14900,10.705,0.0,6.42,train
5401800H,4,Megaptera novaeangliae,Humpback whale,54018,14900,10.705,0.0,-31.89,train
5401800I,0,Megaptera novaeangliae,Humpback whale,54018,14900,11.258,0.0,0.27,train
5401800I,1,Megaptera novaeangliae,Humpback whale,54018,14900,11.258,0.0,19.36,train
5401800I,2,Megaptera novaeangliae,Humpback whale,54018,14900,11.258,0.0,-0.73,train
5401800I,3,Megaptera novaeangliae,Humpback whale,54018,14900,11.258,0.0,-25.24,train
5401800I,4,Megaptera novaeangliae,Humpback whale,54018,14900,11.258,0.0,-19.83,train
5401800J,0,Megaptera novaeangliae,Humpback whale,54018,14900,14.872,0.0,-5.69,train
5401800J,1,Megaptera novaeangliae,Humpback whale,54018,14900,14.872,0.0,-47.14,train
5401800J,2,Megaptera novaeangliae,Humpback whale,54018,14900,14.872,0.0,3.19,train
5401800J,3,Megaptera novaeangliae,Humpback whale,54018,14900,14.872,0.0,-5.04,train
5401800J,4,Megaptera novaeangliae,Humpback whale,54018,14900,14.872,0.0,-19.56,train
5401800K,0,Megaptera novaeangliae,Humpback whale,54018,14900,7.429,0.0,-24.52,train
5401800K,1,Megaptera novaeangliae,Humpback whale,54018,14900,7.429,0.0,-16.67,train
5401800K,2,Megaptera novaeangliae,Humpback whale,54018,14900,7.429,0.0,-7.1,train
5401800K,3,Megaptera novaeangliae,Humpback whale,54018,14900,7.429,0.0,-23.85,train
5401800K,4,Megaptera novaeangliae,Humpback whale,54018,14900,7.429,0.0,10.1,train
5401800L,0,Megaptera novaeangliae,Humpback whale,54018,14900,19.032,0.0,12.3,train
5401800L,1,Megaptera novaeangliae,Humpback whale,54018,14900,19.032,0.0,5.48,train
5401800L,2,Megaptera novaeangliae,Humpback whale,54018,14900,19.032,0.0,3.39,train
5401800L,3,Megaptera novaeangliae,Humpback whale,54018,14900,19.032,0.0,-11.72,train
5401800L,4,Megaptera novaeangliae,Humpback whale,54018,14900,19.032,0.0,1.11,train
5401800M,0,Megaptera novaeangliae,Humpback whale,54018,14900,4.19,0.0,-29.88,train
5401800M,1,Megaptera novaeangliae,Humpback whale,54018,14900,4.19,0.0,7.72,train
5401800M,2,Megaptera novaeangliae,Humpback whale,54018,14900,4.19,0.0,-22.42,train
5401800N,0,Megaptera novaeangliae,Humpback whale,54018,14900,13.74,0.0,-11.53,train
5401800N,1,Megaptera novaeangliae,Humpback whale,54018,14900,13.74,0.0,-5.71,train
5401800N,2,Megaptera novaeangliae,Humpback whale,54018,14900,13.74,0.0,4.59,train
5401800N,3,Megaptera novaeangliae,Humpback whale,54018,14900,13.74,0.0,-18.43,train
5401800N,4,Megaptera novaeangliae,Humpback whale,54018,14900,13.74,0.0,-11.6,train
5401800O,0,Megaptera novaeangliae,Humpback whale,54018,14900,10.914,0.0,-34.38,train
5401800O,1,Megaptera novaeangliae,Humpback whale,54018,14900,10.914,0.0,-11.86,train
5401800O,2,Megaptera novaeangliae,Humpback whale,54018,14900,10.914,0.0,-26.49,train
5401800O,3,Megaptera novaeangliae,Humpback whale,54018,14900,10.914,0.0,-29.37,train
5401800O,4,Megaptera novaeangliae,Humpback whale,54018,14900,10.914,0.0,4.17,train
5401800P,0,Megaptera novaeangliae,Humpback whale,54018,14900,5.879,0.0,12.85,train
5401800P,1,Megaptera novaeangliae,Humpback whale,54018,14900,5.879,0.0,-3.14,train
5401800P,2,Megaptera novaeangliae,Humpback whale,54018,14900,5.879,0.0,-8.6,train
5401800P,3,Megaptera novaeangliae,Humpback whale,54018,14900,5.879,0.0,0.88,train
5401800Q,0,Megaptera novaeangliae,Humpback whale,54018,14900,9.583,0.0,-3.72,train
5401800Q,1,Megaptera novaeangliae,Humpback whale,54018,14900,9.583,0.0,-7.09,train
5401800Q,2,Megaptera novaeangliae,Humpback whale,54018,14900,9.583,0.0,6.18,train
5401800Q,3,Megaptera novaeangliae,Humpback whale,54018,14900,9.583,0.0,4.44,train
5401800Q,4,Megaptera novaeangliae,Humpback whale,54018,14900,9.583,0.0,-9.24,train
5401800R,0,Megaptera novaeangliae,Humpback whale,54018,14900,8.056,0.0,-3.37,train
5401800R,1,Megaptera novaeangliae,Humpback whale,54018,14900,8.056,0.0,-9.32,train
5401800R,2,Megaptera novaeangliae,Humpback whale,54018,14900,8.056,0.0,-7.78,train
5401800R,3,Megaptera novaeangliae,Humpback whale,54018,14900,8.056,0.0,-10.68,train
5401800R,4,Megaptera novaeangliae,Humpback whale,54018,14900,8.056,0.0,-13.9,train
5401800S,0,Megaptera novaeangliae,Humpback whale,54018,14900,10.947,0.0,-5.64,train
5401800S,1,Megaptera novaeangliae,Humpback whale,54018,14900,10.947,0.0,1.62,train
5401800S,2,Megaptera novaeangliae,Humpback whale,54018,14900,10.947,0.0,-29.87,train
5401800S,3,Megaptera novaeangliae,Humpback whale,54018,14900,10.947,0.0,3.05,train
5401800S,4,Megaptera novaeangliae,Humpback whale,54018,14900,10.947,0.0,-23.06,train
5401800T,0,Megaptera novaeangliae,Humpback whale,54018,14900,9.258,0.0,-21.58,train
5401800T,1,Megaptera novaeangliae,Humpback whale,54018,14900,9.258,0.0,-11.05,train
5401800T,2,Megaptera novaeangliae,Humpback whale,54018,14900,9.258,0.0,-22.72,train
5401800T,3,Megaptera novaeangliae,Humpback whale,54018,14900,9.258,0.0,11.84,train
5401800T,4,Megaptera novaeangliae,Humpback whale,54018,14900,9.258,0.0,7.89,train
55113001,0,Megaptera novaeangliae,Humpback whale,55113,14900,38.383,0.0,-16.91,train
55113001,1,Megaptera novaeangliae,Humpback whale,55113,14900,38.383,0.0,-5.53,train
55113001,2,Megaptera novaeangliae,Humpback whale,55113,14900,38.383,0.0,-5.08,train
55113001,3,Megaptera novaeangliae,Humpback whale,55113,14900,38.383,0.0,6.96,train
55113001,4,Megaptera novaeangliae,Humpback whale,55113,14900,38.383,0.0,-1.09,train
55113002,0,Megaptera novaeangliae,Humpback whale,55113,14900,9.69,0.0,-1.32,train
55113002,1,Megaptera novaeangliae,Humpback whale,55113,14900,9.69,0.0,-18.47,train
55113002,2,Megaptera novaeangliae,Humpback whale,55113,14900,9.69,0.0,-11.67,train
55113002,3,Megaptera novaeangliae,Humpback whale,55113,14900,9.69,0.0,-6.3,train
55113002,4,Megaptera novaeangliae,Humpback whale,55113,14900,9.69,0.0,-13.45,train
55113003,0,Megaptera novaeangliae,Humpback whale,55113,14900,9.145,0.0,-18.55,train
55113003,1,Megaptera novaeangliae,Humpback whale,55113,14900,9.145,0.0,-12.94,train
55113003,2,Megaptera novaeangliae,Humpback whale,55113,14900,9.145,0.0,-8.21,train
55113003,3,Megaptera novaeangliae,Humpback whale,55113,14900,9.145,0.0,-6.36,train
55113003,4,Megaptera novaeangliae,Humpback whale,55113,14900,9.145,0.0,-22.04,train
55113004,0,Megaptera novaeangliae,Humpback whale,55113,14900,9.559,0.0,-32.28,train
55113004,1,Megaptera novaeangliae,Humpback whale,55113,14900,9.559,0.0,-11.11,train
55113004,2,Megaptera novaeangliae,Humpback whale,55113,14900,9.559,0.0,-1.76,train
55113004,3,Megaptera novaeangliae,Humpback whale,55113,14900,9.559,0.0,2.73,train
55113004,4,Megaptera novaeangliae,Humpback whale,55113,14900,9.559,0.0,-17.06,train
55113005,0,Megaptera novaeangliae,Humpback whale,55113,14900,3.367,0.0,9.2,train
55113005,1,Megaptera novaeangliae,Humpback whale,55113,14900,3.367,0.0,-22.45,train
55113006,0,Megaptera novaeangliae,Humpback whale,55113,14900,2.921,0.0,-20.59,train
55113007,0,Megaptera novaeangliae,Humpback whale,55113,14900,27.433,0.0,-5.77,train
55113007,1,Megaptera novaeangliae,Humpback whale,55113,14900,27.433,0.0,-21.65,train
55113007,2,Megaptera novaeangliae,Humpback whale,55113,14900,27.433,0.0,-22.27,train
55113007,3,Megaptera novaeangliae,Humpback whale,55113,14900,27.433,0.0,-8.33,train
55113007,4,Megaptera novaeangliae,Humpback whale,55113,14900,27.433,0.0,-20.25,train
55113008,0,Megaptera novaeangliae,Humpback whale,55113,14900,6.428,0.0,-12.48,train
55113008,1,Megaptera novaeangliae,Humpback whale,55113,14900,6.428,0.0,-2.87,train
55113008,2,Megaptera novaeangliae,Humpback whale,55113,14900,6.428,0.0,-12.66,train
55113008,3,Megaptera novaeangliae,Humpback whale,55113,14900,6.428,0.0,-3.04,train
55113008,4,Megaptera novaeangliae,Humpback whale,55113,14900,6.428,0.0,-17.06,train
55113009,0,Megaptera novaeangliae,Humpback whale,55113,14900,4.862,0.0,-0.47,train
55113009,1,Megaptera novaeangliae,Humpback whale,55113,14900,4.862,0.0,-13.37,train
55113009,2,Megaptera novaeangliae,Humpback whale,55113,14900,4.862,0.0,-2.07,train
5511300A,0,Megaptera novaeangliae,Humpback whale,55113,14900,2.399,0.0,-3.16,train
5511300B,0,Megaptera novaeangliae,Humpback whale,55113,14900,2.577,0.0,-6.26,train
5511300C,0,Megaptera novaeangliae,Humpback whale,55113,14900,5.338,0.0,-20.11,train
5511300C,1,Megaptera novaeangliae,Humpback whale,55113,14900,5.338,0.0,-28.71,train
5511300C,2,Megaptera novaeangliae,Humpback whale,55113,14900,5.338,0.0,-28.93,train
5511300C,3,Megaptera novaeangliae,Humpback whale,55113,14900,5.338,0.0,-25.55,train
5511300D,0,Megaptera novaeangliae,Humpback whale,55113,14900,1.158,0.842,-17.92,train
5511300E,0,Megaptera novaeangliae,Humpback whale,55113,14900,4.008,0.0,-15.79,train
5511300E,1,Megaptera novaeangliae,Humpback whale,55113,14900,4.008,0.0,1.24,train
5511300E,2,Megaptera novaeangliae,Humpback whale,55113,14900,4.008,0.0,-17.21,train
5511300F,0,Megaptera novaeangliae,Humpback whale,55113,14900,23.77,0.0,-23.96,train
5511300F,1,Megaptera novaeangliae,Humpback whale,55113,14900,23.77,0.0,14.94,train
5511300F,2,Megaptera novaeangliae,Humpback whale,55113,14900,23.77,0.0,11.86,train
5511300F,3,Megaptera novaeangliae,Humpback whale,55113,14900,23.77,0.0,-21.52,train
5511300F,4,Megaptera novaeangliae,Humpback whale,55113,14900,23.77,0.0,7.18,train
5511300G,0,Megaptera novaeangliae,Humpback whale,55113,14900,2.29,0.0,-0.82,train
5511300H,0,Megaptera novaeangliae,Humpback whale,55113,14900,1.439,0.56,-26.55,train
5511300I,0,Megaptera novaeangliae,Humpback whale,55113,14900,4.2,0.0,-17.57,train
5511300I,1,Megaptera novaeangliae,Humpback whale,55113,14900,4.2,0.0,-16.07,train
5511300I,2,Megaptera novaeangliae,Humpback whale,55113,14900,4.2,0.0,-16.69,train
5511300J,0,Megaptera novaeangliae,Humpback whale,55113,14900,4.94,0.0,-10.0,train
5511300J,1,Megaptera novaeangliae,Humpback whale,55113,14900,4.94,0.0,-24.62,train
5511300J,2,Megaptera novaeangliae,Humpback whale,55113,14900,4.94,0.0,-10.01,train
5511300K,0,Megaptera novaeangliae,Humpback whale,55113,14900,4.787,0.0,-10.3,train
5511300K,1,Megaptera novaeangliae,Humpback whale,55113,14900,4.787,0.0,-1.84,train
5511300K,2,Megaptera novaeangliae,Humpback whale,55113,14900,4.787,0.0,11.83,train
56015001,0,Eubalaena glacialis,North Atlantic right whale,56015,8000,1.563,0.437,-11.69,train
56015002,0,Eubalaena glacialis,North Atlantic right whale,56015,8000,2.987,0.0,-21.2,train
56015003,0,Eubalaena glacialis,North Atlantic right whale,56015,8000,1.223,0.776,-17.1,train
56015004,0,Eubalaena glacialis,North Atlantic right whale,56015,8000,1.94,0.059,-5.27,train
56015005,0,Eubalaena glacialis,North Atlantic right whale,56015,8000,4.532,0.0,-15.53,train
56015005,1,Eubalaena glacialis,North Atlantic right whale,56015,8000,4.532,0.0,3.67,train
56015005,2,Eubalaena glacialis,North Atlantic right whale,56015,8000,4.532,0.0,-8.52,train
56015006,0,Eubalaena glacialis,North Atlantic right whale,56015,8000,3.4,0.0,-19.54,train
56015006,1,Eubalaena glacialis,North Atlantic right whale,56015,8000,3.4,0.0,1.02,train
56015007,0,Eubalaena glacialis,North Atlantic right whale,56015,8000,3.54,0.0,-13.83,train
56015007,1,Eubalaena glacialis,North Atlantic right whale,56015,8000,3.54,0.0,-0.45,train
56015008,0,Eubalaena glacialis,North Atlantic right whale,56015,8000,2.876,0.0,-22.7,train
56015009,0,Eubalaena glacialis,North Atlantic right whale,56015,8000,1.133,0.867,-21.25,train
5601500A,0,Eubalaena glacialis,North Atlantic right whale,56015,8000,2.208,0.0,-17.01,train
5601500B,0,Eubalaena glacialis,North Atlantic right whale,56015,8000,1.254,0.746,-11.74,train
5601500C,0,Eubalaena glacialis,North Atlantic right whale,56015,8000,1.733,0.267,-14.98,train
5601500D,0,Eubalaena glacialis,North Atlantic right whale,56015,8000,1.549,0.451,-21.76,train
5601500E,0,Eubalaena glacialis,North Atlantic right whale,56015,8000,1.758,0.241,-7.33,train
5601500F,0,Eubalaena glacialis,North Atlantic right whale,56015,8000,1.057,0.943,7.8,train
5601500G,0,Eubalaena glacialis,North Atlantic right whale,56015,8000,2.046,0.0,-25.35,train
5601500H,0,Eubalaena glacialis,North Atlantic right whale,56015,8000,1.209,0.79,-23.13,train
56016001,0,Eubalaena glacialis,North Atlantic right whale,56016,8000,2.577,0.0,6.79,train
56016002,0,Eubalaena glacialis,North Atlantic right whale,56016,8000,2.629,0.0,5.6,train
56016006,0,Eubalaena glacialis,North Atlantic right whale,56016,8000,1.067,0.933,-12.67,train
56016007,0,Eubalaena glacialis,North Atlantic right whale,56016,8000,2.245,0.0,2.68,train
56016009,0,Eubalaena glacialis,North Atlantic right whale,56016,8000,1.227,0.772,-6.32,train
5601600A,0,Eubalaena glacialis,North Atlantic right whale,56016,8000,1.56,0.44,-11.42,train
5601600B,0,Eubalaena glacialis,North Atlantic right whale,56016,8000,1.019,0.981,-18.17,train
5601600C,0,Eubalaena glacialis,North Atlantic right whale,56016,8000,1.569,0.431,2.53,train
5601600D,0,Eubalaena glacialis,North Atlantic right whale,56016,8000,2.048,0.0,-8.95,train
5601600E,0,Eubalaena glacialis,North Atlantic right whale,56016,8000,1.289,0.711,12.58,train
5601600F,0,Eubalaena glacialis,North Atlantic right whale,56016,8000,1.133,0.867,-12.64,train
5601600H,0,Eubalaena glacialis,North Atlantic right whale,56016,8000,1.478,0.522,-45.6,train
5601600I,0,Eubalaena glacialis,North Atlantic right whale,56016,8000,1.135,0.865,-9.18,train
5601600J,0,Eubalaena glacialis,North Atlantic right whale,56016,8000,1.986,0.014,10.1,train
5601600K,0,Eubalaena glacialis,North Atlantic right whale,56016,8000,1.498,0.501,-22.5,train
5601600L,0,Eubalaena glacialis,North Atlantic right whale,56016,8000,1.265,0.735,-17.61,train
5601600N,0,Eubalaena glacialis,North Atlantic right whale,56016,8000,2.61,0.0,4.43,train
5601600O,0,Eubalaena glacialis,North Atlantic right whale,56016,8000,2.486,0.0,-21.21,train
5601600P,0,Eubalaena glacialis,North Atlantic right whale,56016,8000,1.465,0.534,-21.42,train
5601600Q,0,Eubalaena glacialis,North Atlantic right whale,56016,8000,2.698,0.0,-24.62,train
5601600R,0,Eubalaena glacialis,North Atlantic right whale,56016,8000,4.959,0.0,-12.22,train
5601600R,1,Eubalaena glacialis,North Atlantic right whale,56016,8000,4.959,0.0,4.03,train
5601600R,2,Eubalaena glacialis,North Atlantic right whale,56016,8000,4.959,0.0,-38.0,train
5601600S,0,Eubalaena glacialis,North Atlantic right whale,56016,8000,2.553,0.0,-16.9,train
5601600T,0,Eubalaena glacialis,North Atlantic right whale,56016,8000,1.942,0.058,-22.76,train
5601600U,0,Eubalaena glacialis,North Atlantic right whale,56016,8000,3.448,0.0,-16.94,train
5601600U,1,Eubalaena glacialis,North Atlantic right whale,56016,8000,3.448,0.0,10.71,train
5601600V,0,Eubalaena glacialis,North Atlantic right whale,56016,8000,0.999,1.001,-12.51,train
5601600W,0,Eubalaena glacialis,North Atlantic right whale,56016,8000,0.958,1.042,-27.86,train
5601600X,0,Eubalaena glacialis,North Atlantic right whale,56016,8000,2.907,0.0,-19.27,train
5601600Y,0,Eubalaena glacialis,North Atlantic right whale,56016,8000,0.973,1.027,-26.6,train
5601600Z,0,Eubalaena glacialis,North Atlantic right whale,56016,8000,2.579,0.0,-14.48,train
56016010,0,Eubalaena glacialis,North Atlantic right whale,56016,8000,0.826,1.174,-2.39,train
56016013,0,Eubalaena glacialis,North Atlantic right whale,56016,8000,5.547,0.0,12.58,train
56016013,1,Eubalaena glacialis,North Atlantic right whale,56016,8000,5.547,0.0,-14.68,train
56016013,2,Eubalaena glacialis,North Atlantic right whale,56016,8000,5.547,0.0,-22.87,train
56016013,3,Eubalaena glacialis,North Atlantic right whale,56016,8000,5.547,0.0,15.61,train
56016014,0,Eubalaena glacialis,North Atlantic right whale,56016,8000,1.503,0.496,-22.72,train
56016015,0,Eubalaena glacialis,North Atlantic right whale,56016,8000,1.077,0.922,6.99,train
56016016,0,Eubalaena glacialis,North Atlantic right whale,56016,8000,1.69,0.31,-9.74,train
56016017,0,Eubalaena glacialis,North Atlantic right whale,56016,8000,1.592,0.408,6.0,train
56016018,0,Eubalaena glacialis,North Atlantic right whale,56016,8000,0.999,1.001,-17.38,train
56016019,0,Eubalaena glacialis,North Atlantic right whale,56016,8000,0.971,1.028,10.51,train
5601601A,0,Eubalaena glacialis,North Atlantic right whale,56016,8000,3.27,0.0,-27.39,train
5601601A,1,Eubalaena glacialis,North Atlantic right whale,56016,8000,3.27,0.0,-13.94,train
5601601B,0,Eubalaena glacialis,North Atlantic right whale,56016,8000,1.607,0.393,-4.89,train
5601601C,0,Eubalaena glacialis,North Atlantic right whale,56016,8000,2.291,0.0,-18.84,train
5601601D,0,Eubalaena glacialis,North Atlantic right whale,56016,8000,2.54,0.0,-10.47,train
5601601E,0,Eubalaena glacialis,North Atlantic right whale,56016,8000,1.484,0.516,-17.62,train
5601601F,0,Eubalaena glacialis,North Atlantic right whale,56016,8000,1.012,0.988,-2.56,train
5601601G,0,Eubalaena glacialis,North Atlantic right whale,56016,8000,1.208,0.792,11.88,train
5601601H,0,Eubalaena glacialis,North Atlantic right whale,56016,8000,4.306,0.0,-23.05,train
5601601H,1,Eubalaena glacialis,North Atlantic right whale,56016,8000,4.306,0.0,3.52,train
5601601H,2,Eubalaena glacialis,North Atlantic right whale,56016,8000,4.306,0.0,13.16,train
5601601I,0,Eubalaena glacialis,North Atlantic right whale,56016,8000,1.591,0.409,-6.34,train
5601601J,0,Eubalaena glacialis,North Atlantic right whale,56016,8000,3.671,0.0,0.29,train
5601601J,1,Eubalaena glacialis,North Atlantic right whale,56016,8000,3.671,0.0,-27.29,train
5601601K,0,Eubalaena glacialis,North Atlantic right whale,56016,8000,1.485,0.515,-18.02,train
5601601L,0,Eubalaena glacialis,North Atlantic right whale,56016,8000,1.117,0.882,-23.33,train
5601601M,0,Eubalaena glacialis,North Atlantic right whale,56016,8000,2.152,0.0,-12.17,train
5601601N,0,Eubalaena glacialis,North Atlantic right whale,56016,8000,1.735,0.265,11.74,train
5601601O,0,Eubalaena glacialis,North Atlantic right whale,56016,8000,1.451,0.549,-30.1,train
5601601P,0,Eubalaena glacialis,North Atlantic right whale,56016,8000,1.764,0.235,-22.12,train
5601601Q,0,Eubalaena glacialis,North Atlantic right whale,56016,8000,1.849,0.15,-19.91,train
5601601R,0,Eubalaena glacialis,North Atlantic right whale,56016,8000,1.757,0.243,-28.18,train
5601601S,0,Eubalaena glacialis,North Atlantic right whale,56016,8000,2.197,0.0,-13.81,train
5601601T,0,Eubalaena glacialis,North Atlantic right whale,56016,8000,1.535,0.465,-15.7,train
5601601U,0,Eubalaena glacialis,North Atlantic right whale,56016,8000,2.8,0.0,1.81,train
5601601V,0,Eubalaena glacialis,North Atlantic right whale,56016,8000,2.712,0.0,-20.21,train
5601601W,0,Eubalaena glacialis,North Atlantic right whale,56016,8000,2.824,0.0,-10.37,train
5601601X,0,Eubalaena glacialis,North Atlantic right whale,56016,8000,3.07,0.0,-26.2,train
5601601X,1,Eubalaena glacialis,North Atlantic right whale,56016,8000,3.07,0.0,-9.58,train
56016028,0,Eubalaena glacialis,North Atlantic right whale,56016,8000,1.779,0.221,-15.47,train
56017001,0,Eubalaena glacialis,North Atlantic right whale,56017,10200,1.312,0.688,4.23,train
56017004,0,Eubalaena glacialis,North Atlantic right whale,56017,10200,1.201,0.798,2.86,train
56017005,0,Eubalaena glacialis,North Atlantic right whale,56017,10200,1.013,0.987,3.41,train
56017006,0,Eubalaena glacialis,North Atlantic right whale,56017,10200,1.149,0.851,-9.45,train
56017007,0,Eubalaena glacialis,North Atlantic right whale,56017,10200,3.657,0.0,-20.33,train
56017007,1,Eubalaena glacialis,North Atlantic right whale,56017,10200,3.657,0.0,-24.34,train
56017008,0,Eubalaena glacialis,North Atlantic right whale,56017,10200,1.633,0.367,-1.8,train
56017009,0,Eubalaena glacialis,North Atlantic right whale,56017,10200,1.069,0.93,-10.78,train
5601700A,0,Eubalaena glacialis,North Atlantic right whale,56017,10200,1.314,0.686,-0.03,train
5601700B,0,Eubalaena glacialis,North Atlantic right whale,56017,10200,1.351,0.649,-3.28,train
5601700C,0,Eubalaena glacialis,North Atlantic right whale,56017,10200,1.748,0.252,4.26,train
5601700D,0,Eubalaena glacialis,North Atlantic right whale,56017,10200,2.144,0.0,-14.3,train
5601700E,0,Eubalaena glacialis,North Atlantic right whale,56017,10200,1.743,0.257,-12.56,train
5601700F,0,Eubalaena glacialis,North Atlantic right whale,56017,10200,0.873,1.127,-17.95,train
5601700G,0,Eubalaena glacialis,North Atlantic right whale,56017,10200,2.613,0.0,9.04,train
5601700H,0,Eubalaena glacialis,North Atlantic right whale,56017,10200,1.798,0.202,-3.35,train
5601700I,0,Eubalaena glacialis,North Atlantic right whale,56017,10200,2.17,0.0,13.52,train
5601700J,0,Eubalaena glacialis,North Atlantic right whale,56017,10200,1.744,0.256,18.92,train
5601700K,0,Eubalaena glacialis,North Atlantic right whale,56017,10200,1.586,0.414,1.74,train
5601700L,0,Eubalaena glacialis,North Atlantic right whale,56017,10200,1.196,0.803,-19.74,train
5601700M,0,Eubalaena glacialis,North Atlantic right whale,56017,10200,1.278,0.722,5.16,train
5601700O,0,Eubalaena glacialis,North Atlantic right whale,56017,10200,2.775,0.0,-15.09,train
5601700P,0,Eubalaena glacialis,North Atlantic right whale,56017,10200,1.749,0.251,16.82,train
5601700Q,0,Eubalaena glacialis,North Atlantic right whale,56017,10200,1.045,0.955,-26.64,train
5601700R,0,Eubalaena glacialis,North Atlantic right whale,56017,10200,1.756,0.243,13.66,train
5601700S,0,Eubalaena glacialis,North Atlantic right whale,56017,10200,0.921,1.079,10.7,train
5601700T,0,Eubalaena glacialis,North Atlantic right whale,56017,10200,1.869,0.131,0.5,train
5601700U,0,Eubalaena glacialis,North Atlantic right whale,56017,10200,0.877,1.123,-11.95,train
5601700W,0,Eubalaena glacialis,North Atlantic right whale,56017,10200,1.911,0.089,16.34,train
5601700X,0,Eubalaena glacialis,North Atlantic right whale,56017,10200,2.556,0.0,10.57,train
5601700Y,0,Eubalaena glacialis,North Atlantic right whale,56017,10200,3.072,0.0,-17.0,train
5601700Y,1,Eubalaena glacialis,North Atlantic right whale,56017,10200,3.072,0.0,7.55,train
56017010,0,Eubalaena glacialis,North Atlantic right whale,56017,10200,1.181,0.819,-1.52,train
56017011,0,Eubalaena glacialis,North Atlantic right whale,56017,10200,1.498,0.501,22.95,train
56017012,0,Eubalaena glacialis,North Atlantic right whale,56017,10200,1.734,0.266,-4.06,train
56017013,0,Eubalaena glacialis,North Atlantic right whale,56017,10200,2.453,0.0,3.09,train
56017014,0,Eubalaena glacialis,North Atlantic right whale,56017,10200,2.785,0.0,-3.9,train
56017015,0,Eubalaena glacialis,North Atlantic right whale,56017,10200,1.364,0.636,-7.51,train
56017016,0,Eubalaena glacialis,North Atlantic right whale,56017,10200,1.179,0.821,6.75,train
56018001,0,Eubalaena glacialis,North Atlantic right whale,56018,8000,1.636,0.363,-14.64,train
56018002,0,Eubalaena glacialis,North Atlantic right whale,56018,8000,3.895,0.0,-25.74,train
56018002,1,Eubalaena glacialis,North Atlantic right whale,56018,8000,3.895,0.0,-22.84,train
56018003,0,Eubalaena glacialis,North Atlantic right whale,56018,8000,1.867,0.133,-16.33,train
56018004,0,Eubalaena glacialis,North Atlantic right whale,56018,8000,2.244,0.0,2.27,train
56018005,0,Eubalaena glacialis,North Atlantic right whale,56018,8000,1.311,0.689,-22.47,train
56018006,0,Eubalaena glacialis,North Atlantic right whale,56018,8000,2.232,0.0,-9.16,train
56018007,0,Eubalaena glacialis,North Atlantic right whale,56018,8000,1.741,0.259,-26.01,train
56018008,0,Eubalaena glacialis,North Atlantic right whale,56018,8000,1.201,0.798,-44.73,train
56025001,0,Eubalaena glacialis,North Atlantic right whale,56025,10200,2.267,0.0,-2.48,train
56025002,0,Eubalaena glacialis,North Atlantic right whale,56025,10200,1.735,0.265,8.39,train
56025003,0,Eubalaena glacialis,North Atlantic right whale,56025,10200,2.59,0.0,-16.16,train
56025004,0,Eubalaena glacialis,North Atlantic right whale,56025,10200,1.282,0.718,-10.31,train
56025005,0,Eubalaena glacialis,North Atlantic right whale,56025,10200,1.168,0.832,-20.97,train
56025006,0,Eubalaena glacialis,North Atlantic right whale,56025,10200,1.436,0.564,-21.82,train
56025007,0,Eubalaena glacialis,North Atlantic right whale,56025,10200,1.573,0.426,-5.31,train
56025008,0,Eubalaena glacialis,North Atlantic right whale,56025,10200,1.735,0.265,-12.18,train
56025009,0,Eubalaena glacialis,North Atlantic right whale,56025,10200,2.902,0.0,-22.1,train
5602500C,0,Eubalaena glacialis,North Atlantic right whale,56025,10200,1.805,0.195,8.52,train
5602500D,0,Eubalaena glacialis,North Atlantic right whale,56025,10200,3.832,0.0,-4.93,train
5602500D,1,Eubalaena glacialis,North Atlantic right whale,56025,10200,3.832,0.0,-4.01,train
5602500E,0,Eubalaena glacialis,North Atlantic right whale,56025,10200,3.781,0.0,-7.73,train
5602500E,1,Eubalaena glacialis,North Atlantic right whale,56025,10200,3.781,0.0,-11.4,train
5602500F,0,Eubalaena glacialis,North Atlantic right whale,56025,10200,4.241,0.0,-11.02,train
5602500F,1,Eubalaena glacialis,North Atlantic right whale,56025,10200,4.241,0.0,-18.26,train
5602500F,2,Eubalaena glacialis,North Atlantic right whale,56025,10200,4.241,0.0,-11.4,train
5602500G,0,Eubalaena glacialis,North Atlantic right whale,56025,10200,2.813,0.0,-23.92,train
5602500H,0,Eubalaena glacialis,North Atlantic right whale,56025,10200,3.12,0.0,-2.36,train
5602500H,1,Eubalaena glacialis,North Atlantic right whale,56025,10200,3.12,0.0,2.22,train
5602500I,0,Eubalaena glacialis,North Atlantic right whale,56025,10200,0.803,1.196,-20.94,train
5602500J,0,Eubalaena glacialis,North Atlantic right whale,56025,10200,1.999,0.001,6.25,train
5602500K,0,Eubalaena glacialis,North Atlantic right whale,56025,10200,3.518,0.0,4.05,train
5602500K,1,Eubalaena glacialis,North Atlantic right whale,56025,10200,3.518,0.0,-19.78,train
5602500L,0,Eubalaena glacialis,North Atlantic right whale,56025,10200,3.906,0.0,-8.05,train
5602500L,1,Eubalaena glacialis,North Atlantic right whale,56025,10200,3.906,0.0,13.32,train
5602500N,0,Eubalaena glacialis,North Atlantic right whale,56025,10200,1.803,0.197,10.27,train
56026001,0,Eubalaena glacialis,North Atlantic right whale,56026,10200,1.579,0.421,-12.6,train
56026002,0,Eubalaena glacialis,North Atlantic right whale,56026,10200,4.568,0.0,3.17,train
56026002,1,Eubalaena glacialis,North Atlantic right whale,56026,10200,4.568,0.0,-13.66,train
56026002,2,Eubalaena glacialis,North Atlantic right whale,56026,10200,4.568,0.0,-20.91,train
56026003,0,Eubalaena glacialis,North Atlantic right whale,56026,10200,3.284,0.0,4.46,train
56026003,1,Eubalaena glacialis,North Atlantic right whale,56026,10200,3.284,0.0,-2.84,train
56026004,0,Eubalaena glacialis,North Atlantic right whale,56026,10200,1.585,0.415,-25.16,train
56026006,0,Eubalaena glacialis,North Atlantic right whale,56026,10200,4.179,0.0,-3.91,train
56026006,1,Eubalaena glacialis,North Atlantic right whale,56026,10200,4.179,0.0,-10.42,train
56026006,2,Eubalaena glacialis,North Atlantic right whale,56026,10200,4.179,0.0,6.03,train
56026007,0,Eubalaena glacialis,North Atlantic right whale,56026,10200,2.851,0.0,8.03,train
56026008,0,Eubalaena glacialis,North Atlantic right whale,56026,10200,1.367,0.633,-5.56,train
56026009,0,Eubalaena glacialis,North Atlantic right whale,56026,10200,3.028,0.0,-22.25,train
56026009,1,Eubalaena glacialis,North Atlantic right whale,56026,10200,3.028,0.0,-0.25,train
5602600A,0,Eubalaena glacialis,North Atlantic right whale,56026,10200,2.695,0.0,-8.85,train
5602600B,0,Eubalaena glacialis,North Atlantic right whale,56026,10200,2.534,0.0,1.24,train
5602600C,0,Eubalaena glacialis,North Atlantic right whale,56026,10200,2.0,0.0,-1.72,train
5602600E,0,Eubalaena glacialis,North Atlantic right whale,56026,10200,0.81,1.19,0.73,train
56028001,0,Eubalaena glacialis,North Atlantic right whale,56028,10200,2.068,0.0,-14.05,train
56028002,0,Eubalaena glacialis,North Atlantic right whale,56028,10200,1.832,0.168,-17.6,train
56068001,0,Eubalaena glacialis,North Atlantic right whale,56068,2560,2.836,0.0,-19.38,train
56068002,0,Eubalaena glacialis,North Atlantic right whale,56068,2560,0.874,1.125,3.77,train
56068003,0,Eubalaena glacialis,North Atlantic right whale,56068,2560,0.874,1.125,6.15,train
56068004,0,Eubalaena glacialis,North Atlantic right whale,56068,2560,1.092,0.907,3.97,train
56068005,0,Eubalaena glacialis,North Atlantic right whale,56068,2560,2.283,0.0,-18.53,train
56068006,0,Eubalaena glacialis,North Atlantic right whale,56068,2560,0.947,1.053,10.86,train
56068007,0,Eubalaena glacialis,North Atlantic right whale,56068,2560,1.969,0.031,1.89,train
56068008,0,Eubalaena glacialis,North Atlantic right whale,56068,2560,0.935,1.065,-26.46,train
56068009,0,Eubalaena glacialis,North Atlantic right whale,56068,2560,1.015,0.985,-17.14,train
5606800A,0,Eubalaena glacialis,North Atlantic right whale,56068,2560,1.09,0.91,-20.05,train
5606800B,0,Eubalaena glacialis,North Atlantic right whale,56068,2560,0.93,1.069,-2.39,train
5606800C,0,Eubalaena glacialis,North Atlantic right whale,56068,2560,1.263,0.737,-13.46,train
5606800D,0,Eubalaena glacialis,North Atlantic right whale,56068,2560,1.87,0.13,-24.77,train
5606800E,0,Eubalaena glacialis,North Atlantic right whale,56068,2560,0.935,1.065,-17.56,train
5606800H,0,Eubalaena glacialis,North Atlantic right whale,56068,2560,1.078,0.921,-18.08,train
5606800I,0,Eubalaena glacialis,North Atlantic right whale,56068,2560,1.24,0.76,-15.55,train
5606800J,0,Eubalaena glacialis,North Atlantic right whale,56068,2560,1.216,0.783,-25.21,train
5606800L,0,Eubalaena glacialis,North Atlantic right whale,56068,2560,1.315,0.685,-23.56,train
5606800N,0,Eubalaena glacialis,North Atlantic right whale,56068,2560,0.933,1.067,-20.03,train
5606800O,0,Eubalaena glacialis,North Atlantic right whale,56068,2560,1.418,0.582,-20.23,train
5606800P,0,Eubalaena glacialis,North Atlantic right whale,56068,2560,0.94,1.06,-26.27,train
5606800Q,0,Eubalaena glacialis,North Atlantic right whale,56068,2560,0.94,1.06,-26.37,train
5606800R,0,Eubalaena glacialis,North Atlantic right whale,56068,2560,1.134,0.866,-2.33,train
5606800S,0,Eubalaena glacialis,North Atlantic right whale,56068,2560,1.212,0.788,-15.22,train
5606800T,0,Eubalaena glacialis,North Atlantic right whale,56068,2560,1.059,0.941,-22.27,train
5606800U,0,Eubalaena glacialis,North Atlantic right whale,56068,2560,0.879,1.121,-16.11,train
5606800V,0,Eubalaena glacialis,North Atlantic right whale,56068,2560,1.163,0.838,-20.33,train
5606800W,0,Eubalaena glacialis,North Atlantic right whale,56068,2560,1.01,0.99,-2.28,train
5606800X,0,Eubalaena glacialis,North Atlantic right whale,56068,2560,0.902,1.097,-20.82,train
5606800Y,0,Eubalaena glacialis,North Atlantic right whale,56068,2560,1.038,0.962,-29.2,train
56068010,0,Eubalaena glacialis,North Atlantic right whale,56068,2560,1.195,0.804,-19.99,train
56068011,0,Eubalaena glacialis,North Atlantic right whale,56068,2560,0.884,1.116,-7.59,train
56068013,0,Eubalaena glacialis,North Atlantic right whale,56068,2560,1.003,0.997,-3.0,train
56068014,0,Eubalaena glacialis,North Atlantic right whale,56068,2560,0.982,1.018,10.73,train
56068015,0,Eubalaena glacialis,North Atlantic right whale,56068,2560,1.02,0.98,-0.36,train
56068016,0,Eubalaena glacialis,North Atlantic right whale,56068,2560,1.043,0.957,8.47,train
58018001,0,Megaptera novaeangliae,Humpback whale,58018,10000,2.089,0.0,13.36,test
58018002,0,Megaptera novaeangliae,Humpback whale,58018,10000,1.139,0.862,-24.0,test
58018003,0,Megaptera novaeangliae,Humpback whale,58018,10000,2.691,0.0,-1.91,test
58018004,0,Megaptera novaeangliae,Humpback whale,58018,10000,2.729,0.0,-17.07,test
58018005,0,Megaptera novaeangliae,Humpback whale,58018,10000,2.474,0.0,-16.81,test
58018006,0,Megaptera novaeangliae,Humpback whale,58018,10000,1.054,0.946,-31.33,test
58018007,0,Megaptera novaeangliae,Humpback whale,58018,10000,2.709,0.0,0.43,test
58018008,0,Megaptera novaeangliae,Humpback whale,58018,10000,2.802,0.0,-13.48,test
58018009,0,Megaptera novaeangliae,Humpback whale,58018,10000,4.304,0.0,0.25,test
58018009,1,Megaptera novaeangliae,Humpback whale,58018,10000,4.304,0.0,-16.88,test
58018009,2,Megaptera novaeangliae,Humpback whale,58018,10000,4.304,0.0,-24.8,test
5801800A,0,Megaptera novaeangliae,Humpback whale,58018,10000,1.002,0.998,-21.73,test
5801800B,0,Megaptera novaeangliae,Humpback whale,58018,10000,4.283,0.0,12.41,test
5801800B,1,Megaptera novaeangliae,Humpback whale,58018,10000,4.283,0.0,-13.59,test
5801800B,2,Megaptera novaeangliae,Humpback whale,58018,10000,4.283,0.0,-21.54,test
5801800C,0,Megaptera novaeangliae,Humpback whale,58018,10000,5.753,0.0,2.26,test
5801800C,1,Megaptera novaeangliae,Humpback whale,58018,10000,5.753,0.0,-9.29,test
5801800C,2,Megaptera novaeangliae,Humpback whale,58018,10000,5.753,0.0,9.04,test
5801800C,3,Megaptera novaeangliae,Humpback whale,58018,10000,5.753,0.0,-2.66,test
5801800D,0,Megaptera novaeangliae,Humpback whale,58018,10000,3.659,0.0,-34.92,test
5801800D,1,Megaptera novaeangliae,Humpback whale,58018,10000,3.659,0.0,-16.7,test
5801800E,0,Megaptera novaeangliae,Humpback whale,58018,10000,6.784,0.0,10.46,test
5801800E,1,Megaptera novaeangliae,Humpback whale,58018,10000,6.784,0.0,-20.0,test
5801800E,2,Megaptera novaeangliae,Humpback whale,58018,10000,6.784,0.0,11.07,test
5801800E,3,Megaptera novaeangliae,Humpback whale,58018,10000,6.784,0.0,-21.38,test
5801800E,4,Megaptera novaeangliae,Humpback whale,58018,10000,6.784,0.0,-12.86,test
5801800F,0,Megaptera novaeangliae,Humpback whale,58018,10000,3.189,0.0,-9.88,test
5801800F,1,Megaptera novaeangliae,Humpback whale,58018,10000,3.189,0.0,-14.68,test
5801800G,0,Megaptera novaeangliae,Humpback whale,58018,10000,4.152,0.0,4.62,test
5801800G,1,Megaptera novaeangliae,Humpback whale,58018,10000,4.152,0.0,-2.78,test
5801800G,2,Megaptera novaeangliae,Humpback whale,58018,10000,4.152,0.0,-11.27,test
5801800H,0,Megaptera novaeangliae,Humpback whale,58018,10000,4.306,0.0,-18.27,test
5801800H,1,Megaptera novaeangliae,Humpback whale,58018,10000,4.306,0.0,-13.68,test
5801800H,2,Megaptera novaeangliae,Humpback whale,58018,10000,4.306,0.0,-16.64,test
5801800I,0,Megaptera novaeangliae,Humpback whale,58018,10000,4.914,0.0,8.97,test
5801800I,1,Megaptera novaeangliae,Humpback whale,58018,10000,4.914,0.0,-20.98,test
5801800I,2,Megaptera novaeangliae,Humpback whale,58018,10000,4.914,0.0,5.58,test
5801800J,0,Megaptera novaeangliae,Humpback whale,58018,10000,9.36,0.0,-8.47,test
5801800J,1,Megaptera novaeangliae,Humpback whale,58018,10000,9.36,0.0,-27.79,test
5801800J,2,Megaptera novaeangliae,Humpback whale,58018,10000,9.36,0.0,-16.95,test
5801800J,3,Megaptera novaeangliae,Humpback whale,58018,10000,9.36,0.0,-16.66,test
5801800J,4,Megaptera novaeangliae,Humpback whale,58018,10000,9.36,0.0,1.04,test
5801800K,0,Megaptera novaeangliae,Humpback whale,58018,10000,9.781,0.0,-11.26,test
5801800K,1,Megaptera novaeangliae,Humpback whale,58018,10000,9.781,0.0,-30.88,test
5801800K,2,Megaptera novaeangliae,Humpback whale,58018,10000,9.781,0.0,-4.68,test
5801800K,3,Megaptera novaeangliae,Humpback whale,58018,10000,9.781,0.0,-22.49,test
5801800K,4,Megaptera novaeangliae,Humpback whale,58018,10000,9.781,0.0,-12.61,test
5801800L,0,Megaptera novaeangliae,Humpback whale,58018,10000,9.594,0.0,-12.2,test
5801800L,1,Megaptera novaeangliae,Humpback whale,58018,10000,9.594,0.0,-1.88,test
5801800L,2,Megaptera novaeangliae,Humpback whale,58018,10000,9.594,0.0,9.21,test
5801800L,3,Megaptera novaeangliae,Humpback whale,58018,10000,9.594,0.0,1.86,test
5801800L,4,Megaptera novaeangliae,Humpback whale,58018,10000,9.594,0.0,-18.75,test
5801800M,0,Megaptera novaeangliae,Humpback whale,58018,10000,9.747,0.0,5.09,test
5801800M,1,Megaptera novaeangliae,Humpback whale,58018,10000,9.747,0.0,-22.49,test
5801800M,2,Megaptera novaeangliae,Humpback whale,58018,10000,9.747,0.0,-21.27,test
5801800M,3,Megaptera novaeangliae,Humpback whale,58018,10000,9.747,0.0,-14.33,test
5801800M,4,Megaptera novaeangliae,Humpback whale,58018,10000,9.747,0.0,-13.5,test
5801800N,0,Megaptera novaeangliae,Humpback whale,58018,10000,6.037,0.0,-20.24,test
5801800N,1,Megaptera novaeangliae,Humpback whale,58018,10000,6.037,0.0,-8.76,test
5801800N,2,Megaptera novaeangliae,Humpback whale,58018,10000,6.037,0.0,-27.93,test
5801800N,3,Megaptera novaeangliae,Humpback whale,58018,10000,6.037,0.0,-20.13,test
5801800N,4,Megaptera novaeangliae,Humpback whale,58018,10000,6.037,0.0,-17.23,test
5801800O,0,Megaptera novaeangliae,Humpback whale,58018,10000,3.744,0.0,-17.24,test
5801800O,1,Megaptera novaeangliae,Humpback whale,58018,10000,3.744,0.0,-26.37,test
5801800P,0,Megaptera novaeangliae,Humpback whale,58018,10000,5.242,0.0,-24.58,test
5801800P,1,Megaptera novaeangliae,Humpback whale,58018,10000,5.242,0.0,-13.12,test
5801800P,2,Megaptera novaeangliae,Humpback whale,58018,10000,5.242,0.0,13.17,test
5801800P,3,Megaptera novaeangliae,Humpback whale,58018,10000,5.242,0.0,-23.5,test
5801800R,0,Megaptera novaeangliae,Humpback whale,58018,10000,5.944,0.0,-18.33,test
5801800R,1,Megaptera novaeangliae,Humpback whale,58018,10000,5.944,0.0,-3.55,test
5801800R,2,Megaptera novaeangliae,Humpback whale,58018,10000,5.944,0.0,-18.94,test
5801800R,3,Megaptera novaeangliae,Humpback whale,58018,10000,5.944,0.0,9.64,test
5801800S,0,Megaptera novaeangliae,Humpback whale,58018,10000,6.037,0.0,-1.48,test
5801800S,1,Megaptera novaeangliae,Humpback whale,58018,10000,6.037,0.0,-6.33,test
5801800S,2,Megaptera novaeangliae,Humpback whale,58018,10000,6.037,0.0,-3.75,test
5801800S,3,Megaptera novaeangliae,Humpback whale,58018,10000,6.037,0.0,-18.04,test
5801800S,4,Megaptera novaeangliae,Humpback whale,58018,10000,6.037,0.0,10.93,test
5801800T,0,Megaptera novaeangliae,Humpback whale,58018,10000,6.552,0.0,-21.93,test
5801800T,1,Megaptera novaeangliae,Humpback whale,58018,10000,6.552,0.0,-22.35,test
5801800T,2,Megaptera novaeangliae,Humpback whale,58018,10000,6.552,0.0,-16.58,test
5801800T,3,Megaptera novaeangliae,Humpback whale,58018,10000,6.552,0.0,-3.11,test
5801800T,4,Megaptera novaeangliae,Humpback whale,58018,10000,6.552,0.0,6.91,test
5801800U,0,Megaptera novaeangliae,Humpback whale,58018,10000,6.505,0.0,-7.35,test
5801800U,1,Megaptera novaeangliae,Humpback whale,58018,10000,6.505,0.0,-1.59,test
5801800U,2,Megaptera novaeangliae,Humpback whale,58018,10000,6.505,0.0,-8.41,test
5801800U,3,Megaptera novaeangliae,Humpback whale,58018,10000,6.505,0.0,-4.75,test
5801800U,4,Megaptera novaeangliae,Humpback whale,58018,10000,6.505,0.0,-9.28,test
5801800V,0,Megaptera novaeangliae,Humpback whale,58018,10000,6.037,0.0,-34.06,test
5801800V,1,Megaptera novaeangliae,Humpback whale,58018,10000,6.037,0.0,-23.31,test
5801800V,2,Megaptera novaeangliae,Humpback whale,58018,10000,6.037,0.0,-11.22,test
5801800V,3,Megaptera novaeangliae,Humpback whale,58018,10000,6.037,0.0,-8.79,test
5801800V,4,Megaptera novaeangliae,Humpback whale,58018,10000,6.037,0.0,-9.0,test
5801800W,0,Megaptera novaeangliae,Humpback whale,58018,10000,4.259,0.0,7.0,test
5801800W,1,Megaptera novaeangliae,Humpback whale,58018,10000,4.259,0.0,-8.64,test
5801800W,2,Megaptera novaeangliae,Humpback whale,58018,10000,4.259,0.0,9.78,test
5801800X,0,Megaptera novaeangliae,Humpback whale,58018,10000,4.633,0.0,-9.35,test
5801800X,1,Megaptera novaeangliae,Humpback whale,58018,10000,4.633,0.0,-17.92,test
5801800X,2,Megaptera novaeangliae,Humpback whale,58018,10000,4.633,0.0,20.61,test
5801800Y,0,Megaptera novaeangliae,Humpback whale,58018,10000,4.586,0.0,3.75,test
5801800Y,1,Megaptera novaeangliae,Humpback whale,58018,10000,4.586,0.0,-2.37,test
5801800Y,2,Megaptera novaeangliae,Humpback whale,58018,10000,4.586,0.0,4.3,test
5801800Z,0,Megaptera novaeangliae,Humpback whale,58018,10000,4.306,0.0,-19.13,test
5801800Z,1,Megaptera novaeangliae,Humpback whale,58018,10000,4.306,0.0,-8.94,test
5801800Z,2,Megaptera novaeangliae,Humpback whale,58018,10000,4.306,0.0,-28.31,test
58018010,0,Megaptera novaeangliae,Humpback whale,58018,10000,3.931,0.0,-23.42,test
58018010,1,Megaptera novaeangliae,Humpback whale,58018,10000,3.931,0.0,-20.67,test
58018011,0,Megaptera novaeangliae,Humpback whale,58018,10000,3.37,0.0,9.94,test
58018011,1,Megaptera novaeangliae,Humpback whale,58018,10000,3.37,0.0,-9.34,test
58018012,0,Megaptera novaeangliae,Humpback whale,58018,10000,6.224,0.0,16.14,test
58018012,1,Megaptera novaeangliae,Humpback whale,58018,10000,6.224,0.0,-13.97,test
58018012,2,Megaptera novaeangliae,Humpback whale,58018,10000,6.224,0.0,2.89,test
58018012,3,Megaptera novaeangliae,Humpback whale,58018,10000,6.224,0.0,-3.02,test
58018012,4,Megaptera novaeangliae,Humpback whale,58018,10000,6.224,0.0,-15.54,test
58018013,0,Megaptera novaeangliae,Humpback whale,58018,10000,6.926,0.0,-2.93,test
58018013,1,Megaptera novaeangliae,Humpback whale,58018,10000,6.926,0.0,12.85,test
58018013,2,Megaptera novaeangliae,Humpback whale,58018,10000,6.926,0.0,4.1,test
58018013,3,Megaptera novaeangliae,Humpback whale,58018,10000,6.926,0.0,-8.35,test
58018013,4,Megaptera novaeangliae,Humpback whale,58018,10000,6.926,0.0,-6.76,test
58018014,0,Megaptera novaeangliae,Humpback whale,58018,10000,4.306,0.0,-28.56,test
58018014,1,Megaptera novaeangliae,Humpback whale,58018,10000,4.306,0.0,-29.88,test
58018014,2,Megaptera novaeangliae,Humpback whale,58018,10000,4.306,0.0,3.04,test
58018015,0,Megaptera novaeangliae,Humpback whale,58018,10000,6.552,0.0,4.54,test
58018015,1,Megaptera novaeangliae,Humpback whale,58018,10000,6.552,0.0,-14.23,test
58018015,2,Megaptera novaeangliae,Humpback whale,58018,10000,6.552,0.0,-14.53,test
58018015,3,Megaptera novaeangliae,Humpback whale,58018,10000,6.552,0.0,9.85,test
58018015,4,Megaptera novaeangliae,Humpback whale,58018,10000,6.552,0.0,-16.73,test
58018016,0,Megaptera novaeangliae,Humpback whale,58018,10000,4.867,0.0,9.33,test
58018016,1,Megaptera novaeangliae,Humpback whale,58018,10000,4.867,0.0,2.74,test
58018016,2,Megaptera novaeangliae,Humpback whale,58018,10000,4.867,0.0,-11.44,test
58018017,0,Megaptera novaeangliae,Humpback whale,58018,10000,7.862,0.0,7.03,test
58018017,1,Megaptera novaeangliae,Humpback whale,58018,10000,7.862,0.0,-9.25,test
58018017,2,Megaptera novaeangliae,Humpback whale,58018,10000,7.862,0.0,-31.62,test
58018017,3,Megaptera novaeangliae,Humpback whale,58018,10000,7.862,0.0,-18.24,test
58018017,4,Megaptera novaeangliae,Humpback whale,58018,10000,7.862,0.0,-4.43,test
58018018,0,Megaptera novaeangliae,Humpback whale,58018,10000,6.365,0.0,-7.05,test
58018018,1,Megaptera novaeangliae,Humpback whale,58018,10000,6.365,0.0,-8.99,test
58018018,2,Megaptera novaeangliae,Humpback whale,58018,10000,6.365,0.0,3.82,test
58018018,3,Megaptera novaeangliae,Humpback whale,58018,10000,6.365,0.0,-20.23,test
58018018,4,Megaptera novaeangliae,Humpback whale,58018,10000,6.365,0.0,-18.56,test
58018019,0,Megaptera novaeangliae,Humpback whale,58018,10000,6.88,0.0,-12.27,test
58018019,1,Megaptera novaeangliae,Humpback whale,58018,10000,6.88,0.0,-18.21,test
58018019,2,Megaptera novaeangliae,Humpback whale,58018,10000,6.88,0.0,-16.26,test
58018019,3,Megaptera novaeangliae,Humpback whale,58018,10000,6.88,0.0,6.78,test
58018019,4,Megaptera novaeangliae,Humpback whale,58018,10000,6.88,0.0,-17.37,test
5801801A,0,Megaptera novaeangliae,Humpback whale,58018,10000,6.458,0.0,-6.38,test
5801801A,1,Megaptera novaeangliae,Humpback whale,58018,10000,6.458,0.0,17.07,test
5801801A,2,Megaptera novaeangliae,Humpback whale,58018,10000,6.458,0.0,-20.04,test
5801801A,3,Megaptera novaeangliae,Humpback whale,58018,10000,6.458,0.0,2.94,test
5801801A,4,Megaptera novaeangliae,Humpback whale,58018,10000,6.458,0.0,16.99,test
5801801C,0,Megaptera novaeangliae,Humpback whale,58018,10000,6.365,0.0,-16.72,test
5801801C,1,Megaptera novaeangliae,Humpback whale,58018,10000,6.365,0.0,-10.8,test
5801801C,2,Megaptera novaeangliae,Humpback whale,58018,10000,6.365,0.0,-13.9,test
5801801C,3,Megaptera novaeangliae,Humpback whale,58018,10000,6.365,0.0,-17.04,test
5801801C,4,Megaptera novaeangliae,Humpback whale,58018,10000,6.365,0.0,-9.26,test
5801801D,0,Megaptera novaeangliae,Humpback whale,58018,10000,5.99,0.0,3.05,test
5801801D,1,Megaptera novaeangliae,Humpback whale,58018,10000,5.99,0.0,-23.95,test
5801801D,2,Megaptera novaeangliae,Humpback whale,58018,10000,5.99,0.0,-9.37,test
5801801D,3,Megaptera novaeangliae,Humpback whale,58018,10000,5.99,0.0,-26.43,test
5801801E,0,Megaptera novaeangliae,Humpback whale,58018,10000,9.734,0.0,-0.79,test
5801801E,1,Megaptera novaeangliae,Humpback whale,58018,10000,9.734,0.0,-24.96,test
5801801E,2,Megaptera novaeangliae,Humpback whale,58018,10000,9.734,0.0,-14.68,test
5801801E,3,Megaptera novaeangliae,Humpback whale,58018,10000,9.734,0.0,-5.93,test
5801801E,4,Megaptera novaeangliae,Humpback whale,58018,10000,9.734,0.0,-10.95,test
5801801F,0,Megaptera novaeangliae,Humpback whale,58018,10000,6.365,0.0,-10.36,test
5801801F,1,Megaptera novaeangliae,Humpback whale,58018,10000,6.365,0.0,-21.03,test
5801801F,2,Megaptera novaeangliae,Humpback whale,58018,10000,6.365,0.0,-9.21,test
5801801F,3,Megaptera novaeangliae,Humpback whale,58018,10000,6.365,0.0,-23.92,test
5801801F,4,Megaptera novaeangliae,Humpback whale,58018,10000,6.365,0.0,-0.62,test
5801801G,0,Megaptera novaeangliae,Humpback whale,58018,10000,6.318,0.0,-24.03,test
5801801G,1,Megaptera novaeangliae,Humpback whale,58018,10000,6.318,0.0,4.36,test
5801801G,2,Megaptera novaeangliae,Humpback whale,58018,10000,6.318,0.0,-31.71,test
5801801G,3,Megaptera novaeangliae,Humpback whale,58018,10000,6.318,0.0,-16.65,test
5801801G,4,Megaptera novaeangliae,Humpback whale,58018,10000,6.318,0.0,3.56,test
5801801H,0,Megaptera novaeangliae,Humpback whale,58018,10000,6.926,0.0,-21.05,test
5801801H,1,Megaptera novaeangliae,Humpback whale,58018,10000,6.926,0.0,-33.72,test
5801801H,2,Megaptera novaeangliae,Humpback whale,58018,10000,6.926,0.0,-6.67,test
5801801H,3,Megaptera novaeangliae,Humpback whale,58018,10000,6.926,0.0,-22.06,test
5801801H,4,Megaptera novaeangliae,Humpback whale,58018,10000,6.926,0.0,1.28,test
5801801I,0,Megaptera novaeangliae,Humpback whale,58018,10000,5.616,0.0,-24.63,test
5801801I,1,Megaptera novaeangliae,Humpback whale,58018,10000,5.616,0.0,-22.61,test
5801801I,2,Megaptera novaeangliae,Humpback whale,58018,10000,5.616,0.0,-26.54,test
5801801I,3,Megaptera novaeangliae,Humpback whale,58018,10000,5.616,0.0,-16.86,test
5801801J,0,Megaptera novaeangliae,Humpback whale,58018,10000,6.365,0.0,6.84,test
5801801J,1,Megaptera novaeangliae,Humpback whale,58018,10000,6.365,0.0,-27.45,test
5801801J,2,Megaptera novaeangliae,Humpback whale,58018,10000,6.365,0.0,-3.92,test
5801801J,3,Megaptera novaeangliae,Humpback whale,58018,10000,6.365,0.0,-4.7,test
5801801J,4,Megaptera novaeangliae,Humpback whale,58018,10000,6.365,0.0,-22.54,test
5801801K,0,Megaptera novaeangliae,Humpback whale,58018,10000,4.54,0.0,-26.13,test
5801801K,1,Megaptera novaeangliae,Humpback whale,58018,10000,4.54,0.0,-0.57,test
5801801K,2,Megaptera novaeangliae,Humpback whale,58018,10000,4.54,0.0,-4.09,test
5801801L,0,Megaptera novaeangliae,Humpback whale,58018,10000,8.705,0.0,10.8,test
5801801L,1,Megaptera novaeangliae,Humpback whale,58018,10000,8.705,0.0,1.61,test
5801801L,2,Megaptera novaeangliae,Humpback whale,58018,10000,8.705,0.0,-7.46,test
5801801L,3,Megaptera novaeangliae,Humpback whale,58018,10000,8.705,0.0,-5.26,test
5801801L,4,Megaptera novaeangliae,Humpback whale,58018,10000,8.705,0.0,-13.98,test
5801801M,0,Megaptera novaeangliae,Humpback whale,58018,10000,9.22,0.0,10.67,test
5801801M,1,Megaptera novaeangliae,Humpback whale,58018,10000,9.22,0.0,-8.33,test
5801801M,2,Megaptera novaeangliae,Humpback whale,58018,10000,9.22,0.0,4.93,test
5801801M,3,Megaptera novaeangliae,Humpback whale,58018,10000,9.22,0.0,17.41,test
5801801M,4,Megaptera novaeangliae,Humpback whale,58018,10000,9.22,0.0,-19.81,test
5801801N,0,Megaptera novaeangliae,Humpback whale,58018,10000,5.429,0.0,-7.59,test
5801801N,1,Megaptera novaeangliae,Humpback whale,58018,10000,5.429,0.0,6.68,test
5801801N,2,Megaptera novaeangliae,Humpback whale,58018,10000,5.429,0.0,-15.31,test
5801801N,3,Megaptera novaeangliae,Humpback whale,58018,10000,5.429,0.0,1.4,test
5801801O,0,Megaptera novaeangliae,Humpback whale,58018,10000,6.739,0.0,12.29,test
5801801O,1,Megaptera novaeangliae,Humpback whale,58018,10000,6.739,0.0,-7.79,test
5801801O,2,Megaptera novaeangliae,Humpback whale,58018,10000,6.739,0.0,-8.16,test
5801801O,3,Megaptera novaeangliae,Humpback whale,58018,10000,6.739,0.0,-13.7,test
5801801O,4,Megaptera novaeangliae,Humpback whale,58018,10000,6.739,0.0,-16.76,test
5801801P,0,Megaptera novaeangliae,Humpback whale,58018,14900,151.051,0.0,4.39,test
5801801P,1,Megaptera novaeangliae,Humpback whale,58018,14900,151.051,0.0,-4.1,test
5801801P,2,Megaptera novaeangliae,Humpback whale,58018,14900,151.051,0.0,-14.27,test
5801801P,3,Megaptera novaeangliae,Humpback whale,58018,14900,151.051,0.0,-18.16,test
5801801P,4,Megaptera novaeangliae,Humpback whale,58018,14900,151.051,0.0,20.78,test
5801801Q,0,Megaptera novaeangliae,Humpback whale,58018,14900,137.441,0.0,-5.07,test
5801801Q,1,Megaptera novaeangliae,Humpback whale,58018,14900,137.441,0.0,5.53,test
5801801Q,2,Megaptera novaeangliae,Humpback whale,58018,14900,137.441,0.0,-32.73,test
5801801Q,3,Megaptera novaeangliae,Humpback whale,58018,14900,137.441,0.0,-7.65,test
5801801Q,4,Megaptera novaeangliae,Humpback whale,58018,14900,137.441,0.0,25.52,test
5801801R,0,Megaptera novaeangliae,Humpback whale,58018,14900,315.432,0.0,23.15,test
5801801R,1,Megaptera novaeangliae,Humpback whale,58018,14900,315.432,0.0,27.62,test
5801801R,2,Megaptera novaeangliae,Humpback whale,58018,14900,315.432,0.0,8.48,test
5801801R,3,Megaptera novaeangliae,Humpback whale,58018,14900,315.432,0.0,13.93,test
5801801R,4,Megaptera novaeangliae,Humpback whale,58018,14900,315.432,0.0,-0.69,test
5801801S,0,Megaptera novaeangliae,Humpback whale,58018,14900,246.723,0.0,1.24,test
5801801S,1,Megaptera novaeangliae,Humpback whale,58018,14900,246.723,0.0,2.28,test
5801801S,2,Megaptera novaeangliae,Humpback whale,58018,14900,246.723,0.0,12.63,test
5801801S,3,Megaptera novaeangliae,Humpback whale,58018,14900,246.723,0.0,15.08,test
5801801S,4,Megaptera novaeangliae,Humpback whale,58018,14900,246.723,0.0,-7.17,test
59001001,0,Eubalaena glacialis,North Atlantic right whale,59001,10000,1.711,0.288,-41.12,test
59001002,0,Eubalaena glacialis,North Atlantic right whale,59001,10000,3.627,0.0,-29.91,test
59001002,1,Eubalaena glacialis,North Atlantic right whale,59001,10000,3.627,0.0,-26.75,test
59001003,0,Eubalaena glacialis,North Atlantic right whale,59001,10000,3.968,0.0,-9.0,test
59001003,1,Eubalaena glacialis,North Atlantic right whale,59001,10000,3.968,0.0,-33.19,test
59001004,0,Eubalaena glacialis,North Atlantic right whale,59001,10000,2.182,0.0,-4.75,test
59001005,0,Eubalaena glacialis,North Atlantic right whale,59001,10000,1.501,0.499,0.15,test
59001006,0,Eubalaena glacialis,North Atlantic right whale,59001,10000,2.031,0.0,-21.17,test
59001007,0,Eubalaena glacialis,North Atlantic right whale,59001,10000,2.306,0.0,-0.06,test
59001008,0,Eubalaena glacialis,North Atlantic right whale,59001,10000,2.381,0.0,-16.56,test
59001009,0,Eubalaena glacialis,North Atlantic right whale,59001,10000,2.48,0.0,-17.97,test
5900100A,0,Eubalaena glacialis,North Atlantic right whale,59001,10000,4.315,0.0,-19.87,test
5900100A,1,Eubalaena glacialis,North Atlantic right whale,59001,10000,4.315,0.0,-14.11,test
5900100A,2,Eubalaena glacialis,North Atlantic right whale,59001,10000,4.315,0.0,-21.76,test
5900100B,0,Eubalaena glacialis,North Atlantic right whale,59001,10000,1.984,0.016,-12.7,test
5900100C,0,Eubalaena glacialis,North Atlantic right whale,59001,10000,1.984,0.016,-12.03,test
59003001,0,Eubalaena glacialis,North Atlantic right whale,59003,10000,2.182,0.0,11.07,train
59003002,0,Eubalaena glacialis,North Atlantic right whale,59003,10000,1.885,0.115,-28.24,train
59003003,0,Eubalaena glacialis,North Atlantic right whale,59003,10000,2.406,0.0,-5.35,train
59003004,0,Eubalaena glacialis,North Atlantic right whale,59003,10000,2.207,0.0,-14.1,train
59003005,0,Eubalaena glacialis,North Atlantic right whale,59003,10000,1.885,0.115,-26.78,train
59003006,0,Eubalaena glacialis,North Atlantic right whale,59003,10000,2.279,0.0,-20.13,train
59003007,0,Eubalaena glacialis,North Atlantic right whale,59003,10000,2.182,0.0,-18.33,train
59003008,0,Eubalaena glacialis,North Atlantic right whale,59003,10000,1.786,0.214,-18.59,train
59003009,0,Eubalaena glacialis,North Atlantic right whale,59003,10000,2.579,0.0,-5.0,train
5900300A,0,Eubalaena glacialis,North Atlantic right whale,59003,10000,2.158,0.0,-27.72,train
5900300B,0,Eubalaena glacialis,North Atlantic right whale,59003,10000,2.182,0.0,-0.42,train
5900300C,0,Eubalaena glacialis,North Atlantic right whale,59003,10000,1.984,0.016,-32.99,train
5900300D,0,Eubalaena glacialis,North Atlantic right whale,59003,10000,2.182,0.0,-19.81,train
5900300E,0,Eubalaena glacialis,North Atlantic right whale,59003,10000,2.133,0.0,-10.75,train
5900300F,0,Eubalaena glacialis,North Atlantic right whale,59003,10000,1.786,0.214,-4.33,train
5900300G,0,Eubalaena glacialis,North Atlantic right whale,59003,10000,2.108,0.0,-26.43,train
5900300H,0,Eubalaena glacialis,North Atlantic right whale,59003,10000,1.711,0.288,-14.46,train
5900300I,0,Eubalaena glacialis,North Atlantic right whale,59003,10000,2.182,0.0,-17.87,train
5900300J,0,Eubalaena glacialis,North Atlantic right whale,59003,10000,2.381,0.0,-32.96,train
5900300K,0,Eubalaena glacialis,North Atlantic right whale,59003,10000,1.91,0.09,-8.89,train
5900300L,0,Eubalaena glacialis,North Atlantic right whale,59003,10000,1.612,0.388,5.45,train
5900300M,0,Eubalaena glacialis,North Atlantic right whale,59003,10000,2.406,0.0,-11.01,train
5900300N,0,Eubalaena glacialis,North Atlantic right whale,59003,10000,2.455,0.0,-25.89,train
5900300O,0,Eubalaena glacialis,North Atlantic right whale,59003,10000,2.058,0.0,-14.99,train
5900300P,0,Eubalaena glacialis,North Atlantic right whale,59003,10000,2.356,0.0,-22.33,train
59004001,0,Eubalaena glacialis,North Atlantic right whale,59004,14900,2.345,0.0,-22.29,test
59004002,0,Eubalaena glacialis,North Atlantic right whale,59004,14900,2.248,0.0,-24.55,test
59004003,0,Eubalaena glacialis,North Atlantic right whale,59004,14900,2.15,0.0,-20.5,test
59004004,0,Eubalaena glacialis,North Atlantic right whale,59004,14900,1.832,0.168,-25.62,test
59004005,0,Eubalaena glacialis,North Atlantic right whale,59004,14900,2.223,0.0,-18.13,test
59004006,0,Eubalaena glacialis,North Atlantic right whale,59004,14900,1.466,0.534,-0.05,test
59004007,0,Eubalaena glacialis,North Atlantic right whale,59004,14900,2.15,0.0,-0.41,test
59004008,0,Eubalaena glacialis,North Atlantic right whale,59004,14900,2.101,0.0,-29.19,test
59004009,0,Eubalaena glacialis,North Atlantic right whale,59004,14900,2.101,0.0,-10.47,test
5900400A,0,Eubalaena glacialis,North Atlantic right whale,59004,14900,2.003,0.0,-2.24,test
5900400B,0,Eubalaena glacialis,North Atlantic right whale,59004,14900,1.759,0.241,-8.81,test
5900400C,0,Eubalaena glacialis,North Atlantic right whale,59004,14900,2.15,0.0,-22.27,test
5900400D,0,Eubalaena glacialis,North Atlantic right whale,59004,14900,2.419,0.0,-27.17,test
5900400E,0,Eubalaena glacialis,North Atlantic right whale,59004,14900,2.003,0.0,1.8,test
5900400F,0,Eubalaena glacialis,North Atlantic right whale,59004,14900,1.726,0.274,-16.43,test
5900400G,0,Eubalaena glacialis,North Atlantic right whale,59004,14900,1.869,0.131,-18.91,test
5900400I,0,Eubalaena glacialis,North Atlantic right whale,59004,14900,1.954,0.045,-16.04,test
5900400J,0,Eubalaena glacialis,North Atlantic right whale,59004,14900,2.296,0.0,0.47,test
5900400K,0,Eubalaena glacialis,North Atlantic right whale,59004,14900,2.094,0.0,-16.42,test
5900400L,0,Eubalaena glacialis,North Atlantic right whale,59004,14900,2.436,0.0,-7.38,test
5900400M,0,Eubalaena glacialis,North Atlantic right whale,59004,14900,1.626,0.373,-25.33,test
5900400N,0,Eubalaena glacialis,North Atlantic right whale,59004,14900,2.481,0.0,-48.02,test
59005001,0,Eubalaena glacialis,North Atlantic right whale,59005,10000,2.428,0.0,-1.59,train
59005002,0,Eubalaena glacialis,North Atlantic right whale,59005,10000,2.927,0.0,-0.98,train
59005003,0,Eubalaena glacialis,North Atlantic right whale,59005,10000,1.928,0.072,-10.93,train
59005004,0,Eubalaena glacialis,North Atlantic right whale,59005,10000,2.071,0.0,-19.35,train
59005005,0,Eubalaena glacialis,North Atlantic right whale,59005,10000,1.785,0.215,-28.41,train
59005006,0,Eubalaena glacialis,North Atlantic right whale,59005,10000,2.475,0.0,-29.34,train
59006001,0,Eubalaena glacialis,North Atlantic right whale,59006,14900,1.69,0.31,-9.24,train
59006002,0,Eubalaena glacialis,North Atlantic right whale,59006,14900,2.079,0.0,-15.69,train
59006003,0,Eubalaena glacialis,North Atlantic right whale,59006,14900,2.432,0.0,-22.39,train
59006004,0,Eubalaena glacialis,North Atlantic right whale,59006,14900,1.474,0.526,-11.97,train
59006005,0,Eubalaena glacialis,North Atlantic right whale,59006,14900,3.287,0.0,10.06,train
59006005,1,Eubalaena glacialis,North Atlantic right whale,59006,14900,3.287,0.0,0.35,train
59006006,0,Eubalaena glacialis,North Atlantic right whale,59006,14900,2.162,0.0,-6.99,train
59006007,0,Eubalaena glacialis,North Atlantic right whale,59006,14900,2.211,0.0,-17.74,train
59006008,0,Eubalaena glacialis,North Atlantic right whale,59006,14900,1.277,0.723,-27.63,train
59006009,0,Eubalaena glacialis,North Atlantic right whale,59006,14900,1.965,0.035,-13.73,train
5900600A,0,Eubalaena glacialis,North Atlantic right whale,59006,14900,2.088,0.0,-7.55,train
61042001,0,Megaptera novaeangliae,Humpback whale,61042,10000,2.662,0.0,-20.36,train
61042002,0,Megaptera novaeangliae,Humpback whale,61042,10000,3.021,0.0,-29.84,train
61042002,1,Megaptera novaeangliae,Humpback whale,61042,10000,3.021,0.0,-10.05,train
61043001,0,Megaptera novaeangliae,Humpback whale,61043,10240,1.42,0.58,-1.71,test
61043002,0,Megaptera novaeangliae,Humpback whale,61043,10240,1.42,0.58,15.22,test
61043003,0,Megaptera novaeangliae,Humpback whale,61043,10240,1.125,0.875,10.15,test
63019001,0,Megaptera novaeangliae,Humpback whale,63019,5120,2.836,0.0,-12.09,train
63019002,0,Megaptera novaeangliae,Humpback whale,63019,5120,2.836,0.0,-22.75,train
63019003,0,Megaptera novaeangliae,Humpback whale,63019,5120,2.836,0.0,0.41,train
63019004,0,Megaptera novaeangliae,Humpback whale,63019,5120,2.756,0.0,-16.74,train
63019005,0,Megaptera novaeangliae,Humpback whale,63019,5120,2.756,0.0,0.5,train
63019007,0,Megaptera novaeangliae,Humpback whale,63019,5120,3.0,0.0,-16.62,train
63019007,1,Megaptera novaeangliae,Humpback whale,63019,5120,3.0,0.0,-2.89,train
6301900B,0,Megaptera novaeangliae,Humpback whale,63019,5120,4.0,0.0,5.34,train
6301900B,1,Megaptera novaeangliae,Humpback whale,63019,5120,4.0,0.0,0.19,train
6301900B,2,Megaptera novaeangliae,Humpback whale,63019,5120,4.0,0.0,-3.71,train
6301900C,0,Megaptera novaeangliae,Humpback whale,63019,5120,4.0,0.0,0.37,train
6301900C,1,Megaptera novaeangliae,Humpback whale,63019,5120,4.0,0.0,-8.91,train
6301900C,2,Megaptera novaeangliae,Humpback whale,63019,5120,4.0,0.0,-27.54,train
6301900D,0,Megaptera novaeangliae,Humpback whale,63019,5120,1.894,0.106,18.5,train
6301900E,0,Megaptera novaeangliae,Humpback whale,63019,5120,1.42,0.58,13.23,train
6301900F,0,Megaptera novaeangliae,Humpback whale,63019,5120,1.42,0.58,-7.32,train
6301900G,0,Megaptera novaeangliae,Humpback whale,63019,5120,1.42,0.58,-5.21,train
6301900H,0,Megaptera novaeangliae,Humpback whale,63019,5120,1.42,0.58,-1.9,train
6301900I,0,Megaptera novaeangliae,Humpback whale,63019,5120,1.05,0.95,3.71,train
6301900J,0,Megaptera novaeangliae,Humpback whale,63019,5120,1.35,0.65,9.31,train
6301900K,0,Megaptera novaeangliae,Humpback whale,63019,5120,0.9,1.1,-8.98,train
6301900L,0,Megaptera novaeangliae,Humpback whale,63019,5120,0.9,1.1,-11.1,train
6301900N,0,Megaptera novaeangliae,Humpback whale,63019,5120,0.975,1.025,-29.18,train
6301900R,0,Megaptera novaeangliae,Humpback whale,63019,5120,0.825,1.175,7.05,train
6301900S,0,Megaptera novaeangliae,Humpback whale,63019,5120,0.9,1.1,6.95,train
6301900T,0,Megaptera novaeangliae,Humpback whale,63019,5120,1.387,0.613,-10.91,train
6301900U,0,Megaptera novaeangliae,Humpback whale,63019,5120,1.05,0.95,-6.88,train
6301900V,0,Megaptera novaeangliae,Humpback whale,63019,14900,13.96,0.0,-5.7,train
6301900V,1,Megaptera novaeangliae,Humpback whale,63019,14900,13.96,0.0,-9.83,train
6301900V,2,Megaptera novaeangliae,Humpback whale,63019,14900,13.96,0.0,17.69,train
6301900V,3,Megaptera novaeangliae,Humpback whale,63019,14900,13.96,0.0,19.08,train
6301900V,4,Megaptera novaeangliae,Humpback whale,63019,14900,13.96,0.0,-22.63,train
6301900W,0,Megaptera novaeangliae,Humpback whale,63019,14900,10.936,0.0,0.1,train
6301900W,1,Megaptera novaeangliae,Humpback whale,63019,14900,10.936,0.0,-10.15,train
6301900W,2,Megaptera novaeangliae,Humpback whale,63019,14900,10.936,0.0,-21.02,train
6301900W,3,Megaptera novaeangliae,Humpback whale,63019,14900,10.936,0.0,-0.52,train
6301900W,4,Megaptera novaeangliae,Humpback whale,63019,14900,10.936,0.0,-18.12,train
6301900X,0,Megaptera novaeangliae,Humpback whale,63019,14900,11.396,0.0,-17.81,train
6301900X,1,Megaptera novaeangliae,Humpback whale,63019,14900,11.396,0.0,-19.95,train
6301900X,2,Megaptera novaeangliae,Humpback whale,63019,14900,11.396,0.0,-14.59,train
6301900X,3,Megaptera novaeangliae,Humpback whale,63019,14900,11.396,0.0,12.96,train
6301900X,4,Megaptera novaeangliae,Humpback whale,63019,14900,11.396,0.0,1.86,train
6301900Y,0,Megaptera novaeangliae,Humpback whale,63019,14900,11.111,0.0,1.65,train
6301900Y,1,Megaptera novaeangliae,Humpback whale,63019,14900,11.111,0.0,-2.8,train
6301900Y,2,Megaptera novaeangliae,Humpback whale,63019,14900,11.111,0.0,-14.46,train
6301900Y,3,Megaptera novaeangliae,Humpback whale,63019,14900,11.111,0.0,-13.05,train
6301900Y,4,Megaptera novaeangliae,Humpback whale,63019,14900,11.111,0.0,7.69,train
6301900Z,0,Megaptera novaeangliae,Humpback whale,63019,14900,11.211,0.0,16.07,train
6301900Z,1,Megaptera novaeangliae,Humpback whale,63019,14900,11.211,0.0,1.66,train
6301900Z,2,Megaptera novaeangliae,Humpback whale,63019,14900,11.211,0.0,-7.37,train
6301900Z,3,Megaptera novaeangliae,Humpback whale,63019,14900,11.211,0.0,-11.24,train
6301900Z,4,Megaptera novaeangliae,Humpback whale,63019,14900,11.211,0.0,15.03,train
63019010,0,Megaptera novaeangliae,Humpback whale,63019,14900,60.031,0.0,7.41,train
63019010,1,Megaptera novaeangliae,Humpback whale,63019,14900,60.031,0.0,-19.56,train
63019010,2,Megaptera novaeangliae,Humpback whale,63019,14900,60.031,0.0,11.25,train
63019010,3,Megaptera novaeangliae,Humpback whale,63019,14900,60.031,0.0,-4.24,train
63019010,4,Megaptera novaeangliae,Humpback whale,63019,14900,60.031,0.0,15.43,train
63019011,0,Megaptera novaeangliae,Humpback whale,63019,14900,9.092,0.0,-20.29,train
63019011,1,Megaptera novaeangliae,Humpback whale,63019,14900,9.092,0.0,-17.01,train
63019011,2,Megaptera novaeangliae,Humpback whale,63019,14900,9.092,0.0,-6.15,train
63019011,3,Megaptera novaeangliae,Humpback whale,63019,14900,9.092,0.0,-3.01,train
63019011,4,Megaptera novaeangliae,Humpback whale,63019,14900,9.092,0.0,4.69,train
63019012,0,Megaptera novaeangliae,Humpback whale,63019,14900,12.886,0.0,-7.49,train
63019012,1,Megaptera novaeangliae,Humpback whale,63019,14900,12.886,0.0,13.55,train
63019012,2,Megaptera novaeangliae,Humpback whale,63019,14900,12.886,0.0,-10.93,train
63019012,3,Megaptera novaeangliae,Humpback whale,63019,14900,12.886,0.0,-4.73,train
63019012,4,Megaptera novaeangliae,Humpback whale,63019,14900,12.886,0.0,4.6,train
63019013,0,Megaptera novaeangliae,Humpback whale,63019,14900,12.823,0.0,-14.65,train
63019013,1,Megaptera novaeangliae,Humpback whale,63019,14900,12.823,0.0,-19.83,train
63019013,2,Megaptera novaeangliae,Humpback whale,63019,14900,12.823,0.0,-7.84,train
63019013,3,Megaptera novaeangliae,Humpback whale,63019,14900,12.823,0.0,8.38,train
63019013,4,Megaptera novaeangliae,Humpback whale,63019,14900,12.823,0.0,24.32,train
63019014,0,Megaptera novaeangliae,Humpback whale,63019,14900,10.95,0.0,6.53,train
63019014,1,Megaptera novaeangliae,Humpback whale,63019,14900,10.95,0.0,-11.21,train
63019014,2,Megaptera novaeangliae,Humpback whale,63019,14900,10.95,0.0,-8.2,train
63019014,3,Megaptera novaeangliae,Humpback whale,63019,14900,10.95,0.0,-12.62,train
63019014,4,Megaptera novaeangliae,Humpback whale,63019,14900,10.95,0.0,17.78,train
63019015,0,Megaptera novaeangliae,Humpback whale,63019,14900,13.834,0.0,13.4,train
63019015,1,Megaptera novaeangliae,Humpback whale,63019,14900,13.834,0.0,-21.79,train
63019015,2,Megaptera novaeangliae,Humpback whale,63019,14900,13.834,0.0,-6.0,train
63019015,3,Megaptera novaeangliae,Humpback whale,63019,14900,13.834,0.0,0.63,train
63019015,4,Megaptera novaeangliae,Humpback whale,63019,14900,13.834,0.0,20.67,train
63019016,0,Megaptera novaeangliae,Humpback whale,63019,14900,625.541,0.0,-0.71,train
63019016,1,Megaptera novaeangliae,Humpback whale,63019,14900,625.541,0.0,-18.91,train
63019016,2,Megaptera novaeangliae,Humpback whale,63019,14900,625.541,0.0,-17.13,train
63019016,3,Megaptera novaeangliae,Humpback whale,63019,14900,625.541,0.0,0.46,train
63019016,4,Megaptera novaeangliae,Humpback whale,63019,14900,625.541,0.0,-20.33,train
63019017,0,Megaptera novaeangliae,Humpback whale,63019,14900,85.158,0.0,10.88,train
63019017,1,Megaptera novaeangliae,Humpback whale,63019,14900,85.158,0.0,-17.01,train
63019017,2,Megaptera novaeangliae,Humpback whale,63019,14900,85.158,0.0,-2.98,train
63019017,3,Megaptera novaeangliae,Humpback whale,63019,14900,85.158,0.0,-7.9,train
63019017,4,Megaptera novaeangliae,Humpback whale,63019,14900,85.158,0.0,5.44,train
63019018,0,Megaptera novaeangliae,Humpback whale,63019,14900,156.134,0.0,-4.91,train
63019018,1,Megaptera novaeangliae,Humpback whale,63019,14900,156.134,0.0,-1.38,train
63019018,2,Megaptera novaeangliae,Humpback whale,63019,14900,156.134,0.0,-2.78,train
63019018,3,Megaptera novaeangliae,Humpback whale,63019,14900,156.134,0.0,3.78,train
63019018,4,Megaptera novaeangliae,Humpback whale,63019,14900,156.134,0.0,-2.5,train
63019019,0,Megaptera novaeangliae,Humpback whale,63019,14900,14.096,0.0,-1.7,train
63019019,1,Megaptera novaeangliae,Humpback whale,63019,14900,14.096,0.0,-1.82,train
63019019,2,Megaptera novaeangliae,Humpback whale,63019,14900,14.096,0.0,-14.85,train
63019019,3,Megaptera novaeangliae,Humpback whale,63019,14900,14.096,0.0,-19.51,train
63019019,4,Megaptera novaeangliae,Humpback whale,63019,14900,14.096,0.0,25.25,train
6301901A,0,Megaptera novaeangliae,Humpback whale,63019,14900,122.915,0.0,-11.22,train
6301901A,1,Megaptera novaeangliae,Humpback whale,63019,14900,122.915,0.0,-12.69,train
6301901A,2,Megaptera novaeangliae,Humpback whale,63019,14900,122.915,0.0,12.23,train
6301901A,3,Megaptera novaeangliae,Humpback whale,63019,14900,122.915,0.0,-12.35,train
6301901A,4,Megaptera novaeangliae,Humpback whale,63019,14900,122.915,0.0,-2.37,train
6301901B,0,Megaptera novaeangliae,Humpback whale,63019,14900,9.365,0.0,-3.82,train
6301901B,1,Megaptera novaeangliae,Humpback whale,63019,14900,9.365,0.0,-15.02,train
6301901B,2,Megaptera novaeangliae,Humpback whale,63019,14900,9.365,0.0,-31.11,train
6301901B,3,Megaptera novaeangliae,Humpback whale,63019,14900,9.365,0.0,-2.53,train
6301901B,4,Megaptera novaeangliae,Humpback whale,63019,14900,9.365,0.0,-22.81,train
6301901C,0,Megaptera novaeangliae,Humpback whale,63019,14900,9.94,0.0,2.05,train
6301901C,1,Megaptera novaeangliae,Humpback whale,63019,14900,9.94,0.0,11.53,train
6301901C,2,Megaptera novaeangliae,Humpback whale,63019,14900,9.94,0.0,-20.84,train
6301901C,3,Megaptera novaeangliae,Humpback whale,63019,14900,9.94,0.0,-18.99,train
6301901C,4,Megaptera novaeangliae,Humpback whale,63019,14900,9.94,0.0,-14.08,train
6301901D,0,Megaptera novaeangliae,Humpback whale,63019,14900,9.579,0.0,-0.74,train
6301901D,1,Megaptera novaeangliae,Humpback whale,63019,14900,9.579,0.0,0.26,train
6301901D,2,Megaptera novaeangliae,Humpback whale,63019,14900,9.579,0.0,0.35,train
6301901D,3,Megaptera novaeangliae,Humpback whale,63019,14900,9.579,0.0,-12.1,train
6301901D,4,Megaptera novaeangliae,Humpback whale,63019,14900,9.579,0.0,6.01,train
6301901E,0,Megaptera novaeangliae,Humpback whale,63019,14900,71.874,0.0,-26.01,train
6301901E,1,Megaptera novaeangliae,Humpback whale,63019,14900,71.874,0.0,-8.19,train
6301901E,2,Megaptera novaeangliae,Humpback whale,63019,14900,71.874,0.0,-13.47,train
6301901E,3,Megaptera novaeangliae,Humpback whale,63019,14900,71.874,0.0,22.27,train
6301901E,4,Megaptera novaeangliae,Humpback whale,63019,14900,71.874,0.0,7.72,train
6301901F,0,Megaptera novaeangliae,Humpback whale,63019,14900,12.523,0.0,-4.12,train
6301901F,1,Megaptera novaeangliae,Humpback whale,63019,14900,12.523,0.0,14.01,train
6301901F,2,Megaptera novaeangliae,Humpback whale,63019,14900,12.523,0.0,-7.91,train
6301901F,3,Megaptera novaeangliae,Humpback whale,63019,14900,12.523,0.0,11.14,train
6301901F,4,Megaptera novaeangliae,Humpback whale,63019,14900,12.523,0.0,-19.8,train
6301901G,0,Megaptera novaeangliae,Humpback whale,63019,14900,11.098,0.0,11.81,train
6301901G,1,Megaptera novaeangliae,Humpback whale,63019,14900,11.098,0.0,9.57,train
6301901G,2,Megaptera novaeangliae,Humpback whale,63019,14900,11.098,0.0,9.18,train
6301901G,3,Megaptera novaeangliae,Humpback whale,63019,14900,11.098,0.0,14.67,train
6301901G,4,Megaptera novaeangliae,Humpback whale,63019,14900,11.098,0.0,13.89,train
6301901H,0,Megaptera novaeangliae,Humpback whale,63019,14900,114.044,0.0,-1.66,train
6301901H,1,Megaptera novaeangliae,Humpback whale,63019,14900,114.044,0.0,-12.71,train
6301901H,2,Megaptera novaeangliae,Humpback whale,63019,14900,114.044,0.0,-2.69,train
6301901H,3,Megaptera novaeangliae,Humpback whale,63019,14900,114.044,0.0,-6.01,train
6301901H,4,Megaptera novaeangliae,Humpback whale,63019,14900,114.044,0.0,-8.81,train
6301901I,0,Megaptera novaeangliae,Humpback whale,63019,14900,30.964,0.0,1.2,train
6301901I,1,Megaptera novaeangliae,Humpback whale,63019,14900,30.964,0.0,-1.97,train
6301901I,2,Megaptera novaeangliae,Humpback whale,63019,14900,30.964,0.0,-14.8,train
6301901I,3,Megaptera novaeangliae,Humpback whale,63019,14900,30.964,0.0,-10.78,train
6301901I,4,Megaptera novaeangliae,Humpback whale,63019,14900,30.964,0.0,-0.48,train
6301901J,0,Megaptera novaeangliae,Humpback whale,63019,14900,1.248,0.752,2.4,train
6301901K,0,Megaptera novaeangliae,Humpback whale,63019,14900,0.838,1.161,11.47,train
6301901L,0,Megaptera novaeangliae,Humpback whale,63019,14900,709.057,0.0,13.66,train
6301901L,1,Megaptera novaeangliae,Humpback whale,63019,14900,709.057,0.0,-8.47,train
6301901L,2,Megaptera novaeangliae,Humpback whale,63019,14900,709.057,0.0,-10.05,train
6301901L,3,Megaptera novaeangliae,Humpback whale,63019,14900,709.057,0.0,0.48,train
6301901L,4,Megaptera novaeangliae,Humpback whale,63019,14900,709.057,0.0,0.8,train
6301901M,0,Megaptera novaeangliae,Humpback whale,63019,14900,119.887,0.0,-29.99,train
6301901M,1,Megaptera novaeangliae,Humpback whale,63019,14900,119.887,0.0,-12.23,train
6301901M,2,Megaptera novaeangliae,Humpback whale,63019,14900,119.887,0.0,9.8,train
6301901M,3,Megaptera novaeangliae,Humpback whale,63019,14900,119.887,0.0,-4.94,train
6301901M,4,Megaptera novaeangliae,Humpback whale,63019,14900,119.887,0.0,10.72,train
6301901N,0,Megaptera novaeangliae,Humpback whale,63019,14900,105.071,0.0,-26.11,train
6301901N,1,Megaptera novaeangliae,Humpback whale,63019,14900,105.071,0.0,5.91,train
6301901N,2,Megaptera novaeangliae,Humpback whale,63019,14900,105.071,0.0,9.18,train
6301901N,3,Megaptera novaeangliae,Humpback whale,63019,14900,105.071,0.0,-8.54,train
6301901N,4,Megaptera novaeangliae,Humpback whale,63019,14900,105.071,0.0,-17.32,train
6301901O,0,Megaptera novaeangliae,Humpback whale,63019,14900,10.328,0.0,-19.11,train
6301901O,1,Megaptera novaeangliae,Humpback whale,63019,14900,10.328,0.0,-38.73,train
6301901O,2,Megaptera novaeangliae,Humpback whale,63019,14900,10.328,0.0,2.39,train
6301901O,3,Megaptera novaeangliae,Humpback whale,63019,14900,10.328,0.0,5.13,train
6301901O,4,Megaptera novaeangliae,Humpback whale,63019,14900,10.328,0.0,13.76,train
6301901P,0,Megaptera novaeangliae,Humpback whale,63019,14900,11.075,0.0,-12.08,train
6301901P,1,Megaptera novaeangliae,Humpback whale,63019,14900,11.075,0.0,0.71,train
6301901P,2,Megaptera novaeangliae,Humpback whale,63019,14900,11.075,0.0,-26.18,train
6301901P,3,Megaptera novaeangliae,Humpback whale,63019,14900,11.075,0.0,-16.1,train
6301901P,4,Megaptera novaeangliae,Humpback whale,63019,14900,11.075,0.0,1.6,train
6301901Q,0,Megaptera novaeangliae,Humpback whale,63019,14900,11.871,0.0,-8.32,train
6301901Q,1,Megaptera novaeangliae,Humpback whale,63019,14900,11.871,0.0,-29.05,train
6301901Q,2,Megaptera novaeangliae,Humpback whale,63019,14900,11.871,0.0,9.35,train
6301901Q,3,Megaptera novaeangliae,Humpback whale,63019,14900,11.871,0.0,-9.16,train
6301901Q,4,Megaptera novaeangliae,Humpback whale,63019,14900,11.871,0.0,3.81,train
6301901R,0,Megaptera novaeangliae,Humpback whale,63019,14900,15.157,0.0,-10.66,train
6301901R,1,Megaptera novaeangliae,Humpback whale,63019,14900,15.157,0.0,14.16,train
6301901R,2,Megaptera novaeangliae,Humpback whale,63019,14900,15.157,0.0,-26.87,train
6301901R,3,Megaptera novaeangliae,Humpback whale,63019,14900,15.157,0.0,-28.44,train
6301901R,4,Megaptera novaeangliae,Humpback whale,63019,14900,15.157,0.0,-1.53,train
6301901S,0,Megaptera novaeangliae,Humpback whale,63019,14900,2.411,0.0,4.42,train
6301901T,0,Megaptera novaeangliae,Humpback whale,63019,14900,152.999,0.0,-14.59,train
6301901T,1,Megaptera novaeangliae,Humpback whale,63019,14900,152.999,0.0,-15.37,train
6301901T,2,Megaptera novaeangliae,Humpback whale,63019,14900,152.999,0.0,-16.87,train
6301901T,3,Megaptera novaeangliae,Humpback whale,63019,14900,152.999,0.0,-22.89,train
6301901T,4,Megaptera novaeangliae,Humpback whale,63019,14900,152.999,0.0,-26.45,train
6301901U,0,Megaptera novaeangliae,Humpback whale,63019,14900,14.028,0.0,23.81,train
6301901U,1,Megaptera novaeangliae,Humpback whale,63019,14900,14.028,0.0,-13.71,train
6301901U,2,Megaptera novaeangliae,Humpback whale,63019,14900,14.028,0.0,12.14,train
6301901U,3,Megaptera novaeangliae,Humpback whale,63019,14900,14.028,0.0,-1.9,train
6301901U,4,Megaptera novaeangliae,Humpback whale,63019,14900,14.028,0.0,23.67,train
6301901V,0,Megaptera novaeangliae,Humpback whale,63019,14900,11.193,0.0,-17.33,train
6301901V,1,Megaptera novaeangliae,Humpback whale,63019,14900,11.193,0.0,3.35,train
6301901V,2,Megaptera novaeangliae,Humpback whale,63019,14900,11.193,0.0,-10.88,train
6301901V,3,Megaptera novaeangliae,Humpback whale,63019,14900,11.193,0.0,4.38,train
6301901V,4,Megaptera novaeangliae,Humpback whale,63019,14900,11.193,0.0,-9.44,train
63043001,0,Megaptera novaeangliae,Humpback whale,63043,14900,5.447,0.0,-4.34,train
63043001,1,Megaptera novaeangliae,Humpback whale,63043,14900,5.447,0.0,-21.44,train
63043001,2,Megaptera novaeangliae,Humpback whale,63043,14900,5.447,0.0,-17.38,train
63043001,3,Megaptera novaeangliae,Humpback whale,63043,14900,5.447,0.0,8.92,train
63043002,0,Megaptera novaeangliae,Humpback whale,63043,14900,5.911,0.0,1.68,train
63043002,1,Megaptera novaeangliae,Humpback whale,63043,14900,5.911,0.0,-38.5,train
63043002,2,Megaptera novaeangliae,Humpback whale,63043,14900,5.911,0.0,-30.43,train
63043002,3,Megaptera novaeangliae,Humpback whale,63043,14900,5.911,0.0,1.43,train
63043003,0,Megaptera novaeangliae,Humpback whale,63043,14900,8.649,0.0,-16.68,train
63043003,1,Megaptera novaeangliae,Humpback whale,63043,14900,8.649,0.0,-18.61,train
63043003,2,Megaptera novaeangliae,Humpback whale,63043,14900,8.649,0.0,-20.94,train
63043003,3,Megaptera novaeangliae,Humpback whale,63043,14900,8.649,0.0,8.31,train
63043003,4,Megaptera novaeangliae,Humpback whale,63043,14900,8.649,0.0,1.68,train
63043004,0,Megaptera novaeangliae,Humpback whale,63043,14900,3.331,0.0,9.5,train
63043004,1,Megaptera novaeangliae,Humpback whale,63043,14900,3.331,0.0,12.03,train
63043005,0,Megaptera novaeangliae,Humpback whale,63043,14900,8.27,0.0,15.8,train
63043005,1,Megaptera novaeangliae,Humpback whale,63043,14900,8.27,0.0,0.36,train
63043005,2,Megaptera novaeangliae,Humpback whale,63043,14900,8.27,0.0,-15.32,train
63043005,3,Megaptera novaeangliae,Humpback whale,63043,14900,8.27,0.0,-26.07,train
63043005,4,Megaptera novaeangliae,Humpback whale,63043,14900,8.27,0.0,16.0,train
63043006,0,Megaptera novaeangliae,Humpback whale,63043,14900,4.321,0.0,9.16,train
63043006,1,Megaptera novaeangliae,Humpback whale,63043,14900,4.321,0.0,-0.11,train
63043006,2,Megaptera novaeangliae,Humpback whale,63043,14900,4.321,0.0,-21.0,train
63043007,0,Megaptera novaeangliae,Humpback whale,63043,14900,12.798,0.0,-26.41,train
63043007,1,Megaptera novaeangliae,Humpback whale,63043,14900,12.798,0.0,4.39,train
63043007,2,Megaptera novaeangliae,Humpback whale,63043,14900,12.798,0.0,-20.08,train
63043007,3,Megaptera novaeangliae,Humpback whale,63043,14900,12.798,0.0,-16.65,train
63043007,4,Megaptera novaeangliae,Humpback whale,63043,14900,12.798,0.0,16.55,train
63043008,0,Megaptera novaeangliae,Humpback whale,63043,14900,107.05,0.0,6.28,train
63043008,1,Megaptera novaeangliae,Humpback whale,63043,14900,107.05,0.0,-8.65,train
63043008,2,Megaptera novaeangliae,Humpback whale,63043,14900,107.05,0.0,-16.95,train
63043008,3,Megaptera novaeangliae,Humpback whale,63043,14900,107.05,0.0,-6.27,train
63043008,4,Megaptera novaeangliae,Humpback whale,63043,14900,107.05,0.0,-4.96,train
63043009,0,Megaptera novaeangliae,Humpback whale,63043,14900,52.316,0.0,13.46,train
63043009,1,Megaptera novaeangliae,Humpback whale,63043,14900,52.316,0.0,17.74,train
63043009,2,Megaptera novaeangliae,Humpback whale,63043,14900,52.316,0.0,-18.41,train
63043009,3,Megaptera novaeangliae,Humpback whale,63043,14900,52.316,0.0,3.43,train
63043009,4,Megaptera novaeangliae,Humpback whale,63043,14900,52.316,0.0,-9.95,train
6304300A,0,Megaptera novaeangliae,Humpback whale,63043,14900,94.95,0.0,-12.34,train
6304300A,1,Megaptera novaeangliae,Humpback whale,63043,14900,94.95,0.0,-14.63,train
6304300A,2,Megaptera novaeangliae,Humpback whale,63043,14900,94.95,0.0,-18.92,train
6304300A,3,Megaptera novaeangliae,Humpback whale,63043,14900,94.95,0.0,6.94,train
6304300A,4,Megaptera novaeangliae,Humpback whale,63043,14900,94.95,0.0,-1.92,train
6304300B,0,Megaptera novaeangliae,Humpback whale,63043,14900,172.624,0.0,5.91,train
6304300B,1,Megaptera novaeangliae,Humpback whale,63043,14900,172.624,0.0,5.21,train
6304300B,2,Megaptera novaeangliae,Humpback whale,63043,14900,172.624,0.0,6.49,train
6304300B,3,Megaptera novaeangliae,Humpback whale,63043,14900,172.624,0.0,3.77,train
6304300B,4,Megaptera novaeangliae,Humpback whale,63043,14900,172.624,0.0,-22.31,train
6304300C,0,Megaptera novaeangliae,Humpback whale,63043,14900,180.473,0.0,-5.1,train
6304300C,1,Megaptera novaeangliae,Humpback whale,63043,14900,180.473,0.0,2.83,train
6304300C,2,Megaptera novaeangliae,Humpback whale,63043,14900,180.473,0.0,-5.19,train
6304300C,3,Megaptera novaeangliae,Humpback whale,63043,14900,180.473,0.0,-5.25,train
6304300C,4,Megaptera novaeangliae,Humpback whale,63043,14900,180.473,0.0,-14.32,train
6304300D,0,Megaptera novaeangliae,Humpback whale,63043,14900,11.806,0.0,7.97,train
6304300D,1,Megaptera novaeangliae,Humpback whale,63043,14900,11.806,0.0,1.13,train
6304300D,2,Megaptera novaeangliae,Humpback whale,63043,14900,11.806,0.0,3.99,train
6304300D,3,Megaptera novaeangliae,Humpback whale,63043,14900,11.806,0.0,1.92,train
6304300D,4,Megaptera novaeangliae,Humpback whale,63043,14900,11.806,0.0,-5.99,train
6304300E,0,Megaptera novaeangliae,Humpback whale,63043,14900,13.003,0.0,-22.49,train
6304300E,1,Megaptera novaeangliae,Humpback whale,63043,14900,13.003,0.0,-11.81,train
6304300E,2,Megaptera novaeangliae,Humpback whale,63043,14900,13.003,0.0,-12.23,train
6304300E,3,Megaptera novaeangliae,Humpback whale,63043,14900,13.003,0.0,-12.54,train
6304300E,4,Megaptera novaeangliae,Humpback whale,63043,14900,13.003,0.0,-4.22,train
6304300F,0,Megaptera novaeangliae,Humpback whale,63043,14900,27.748,0.0,5.82,train
6304300F,1,Megaptera novaeangliae,Humpback whale,63043,14900,27.748,0.0,-10.42,train
6304300F,2,Megaptera novaeangliae,Humpback whale,63043,14900,27.748,0.0,-24.47,train
6304300F,3,Megaptera novaeangliae,Humpback whale,63043,14900,27.748,0.0,-27.23,train
6304300F,4,Megaptera novaeangliae,Humpback whale,63043,14900,27.748,0.0,6.61,train
6304300G,0,Megaptera novaeangliae,Humpback whale,63043,14900,523.453,0.0,-22.88,train
6304300G,1,Megaptera novaeangliae,Humpback whale,63043,14900,523.453,0.0,-1.69,train
6304300G,2,Megaptera novaeangliae,Humpback whale,63043,14900,523.453,0.0,-8.93,train
6304300G,3,Megaptera novaeangliae,Humpback whale,63043,14900,523.453,0.0,3.86,train
6304300G,4,Megaptera novaeangliae,Humpback whale,63043,14900,523.453,0.0,-12.17,train
6304300H,0,Megaptera novaeangliae,Humpback whale,63043,14900,11.78,0.0,-25.36,train
6304300H,1,Megaptera novaeangliae,Humpback whale,63043,14900,11.78,0.0,-20.23,train
6304300H,2,Megaptera novaeangliae,Humpback whale,63043,14900,11.78,0.0,-10.68,train
6304300H,3,Megaptera novaeangliae,Humpback whale,63043,14900,11.78,0.0,-2.23,train
6304300H,4,Megaptera novaeangliae,Humpback whale,63043,14900,11.78,0.0,-6.59,train
6304300I,0,Megaptera novaeangliae,Humpback whale,63043,14900,14.339,0.0,-33.09,train
6304300I,1,Megaptera novaeangliae,Humpback whale,63043,14900,14.339,0.0,-18.05,train
6304300I,2,Megaptera novaeangliae,Humpback whale,63043,14900,14.339,0.0,4.68,train
6304300I,3,Megaptera novaeangliae,Humpback whale,63043,14900,14.339,0.0,15.09,train
6304300I,4,Megaptera novaeangliae,Humpback whale,63043,14900,14.339,0.0,1.0,train
6304300J,0,Megaptera novaeangliae,Humpback whale,63043,14900,14.355,0.0,-5.84,train
6304300J,1,Megaptera novaeangliae,Humpback whale,63043,14900,14.355,0.0,-24.69,train
6304300J,2,Megaptera novaeangliae,Humpback whale,63043,14900,14.355,0.0,5.66,train
6304300J,3,Megaptera novaeangliae,Humpback whale,63043,14900,14.355,0.0,13.05,train
6304300J,4,Megaptera novaeangliae,Humpback whale,63043,14900,14.355,0.0,12.24,train
6304300K,0,Megaptera novaeangliae,Humpback whale,63043,14900,14.355,0.0,-29.29,train
6304300K,1,Megaptera novaeangliae,Humpback whale,63043,14900,14.355,0.0,-28.57,train
6304300K,2,Megaptera novaeangliae,Humpback whale,63043,14900,14.355,0.0,-4.13,train
6304300K,3,Megaptera novaeangliae,Humpback whale,63043,14900,14.355,0.0,12.18,train
6304300K,4,Megaptera novaeangliae,Humpback whale,63043,14900,14.355,0.0,-13.51,train
6304300L,0,Megaptera novaeangliae,Humpback whale,63043,14900,14.135,0.0,-7.58,train
6304300L,1,Megaptera novaeangliae,Humpback whale,63043,14900,14.135,0.0,-26.05,train
6304300L,2,Megaptera novaeangliae,Humpback whale,63043,14900,14.135,0.0,17.54,train
6304300L,3,Megaptera novaeangliae,Humpback whale,63043,14900,14.135,0.0,-14.68,train
6304300L,4,Megaptera novaeangliae,Humpback whale,63043,14900,14.135,0.0,-25.53,train
6304300M,0,Megaptera novaeangliae,Humpback whale,63043,14900,7.56,0.0,-36.02,train
6304300M,1,Megaptera novaeangliae,Humpback whale,63043,14900,7.56,0.0,-1.68,train
6304300M,2,Megaptera novaeangliae,Humpback whale,63043,14900,7.56,0.0,-17.09,train
6304300M,3,Megaptera novaeangliae,Humpback whale,63043,14900,7.56,0.0,6.75,train
6304300M,4,Megaptera novaeangliae,Humpback whale,63043,14900,7.56,0.0,4.54,train
6304300N,0,Megaptera novaeangliae,Humpback whale,63043,14900,17.2,0.0,-0.2,train
6304300N,1,Megaptera novaeangliae,Humpback whale,63043,14900,17.2,0.0,8.2,train
6304300N,2,Megaptera novaeangliae,Humpback whale,63043,14900,17.2,0.0,2.29,train
6304300N,3,Megaptera novaeangliae,Humpback whale,63043,14900,17.2,0.0,-21.96,train
6304300N,4,Megaptera novaeangliae,Humpback whale,63043,14900,17.2,0.0,-11.92,train
6304300O,0,Megaptera novaeangliae,Humpback whale,63043,14900,15.45,0.0,-42.36,train
6304300O,1,Megaptera novaeangliae,Humpback whale,63043,14900,15.45,0.0,-25.83,train
6304300O,2,Megaptera novaeangliae,Humpback whale,63043,14900,15.45,0.0,-15.37,train
6304300O,3,Megaptera novaeangliae,Humpback whale,63043,14900,15.45,0.0,-7.03,train
6304300O,4,Megaptera novaeangliae,Humpback whale,63043,14900,15.45,0.0,9.83,train
6702600F,0,Eschrichtius robustus,Gray whale,67026,2000,5.45,0.0,18.3,test
6702600F,1,Eschrichtius robustus,Gray whale,67026,2000,5.45,0.0,-12.59,test
6702600F,2,Eschrichtius robustus,Gray whale,67026,2000,5.45,0.0,-11.59,test
6702600F,3,Eschrichtius robustus,Gray whale,67026,2000,5.45,0.0,-15.49,test
6702600G,0,Eschrichtius robustus,Gray whale,67026,2000,6.918,0.0,-8.8,test
6702600G,1,Eschrichtius robustus,Gray whale,67026,2000,6.918,0.0,-5.02,test
6702600G,2,Eschrichtius robustus,Gray whale,67026,2000,6.918,0.0,-16.18,test
6702600G,3,Eschrichtius robustus,Gray whale,67026,2000,6.918,0.0,-2.39,test
6702600G,4,Eschrichtius robustus,Gray whale,67026,2000,6.918,0.0,-12.31,test
6702600H,0,Eschrichtius robustus,Gray whale,67026,2000,4.585,0.0,-5.48,test
6702600H,1,Eschrichtius robustus,Gray whale,67026,2000,4.585,0.0,-14.32,test
6702600H,2,Eschrichtius robustus,Gray whale,67026,2000,4.585,0.0,-16.81,test
6702600I,0,Eschrichtius robustus,Gray whale,67026,2000,4.195,0.0,13.14,test
6702600I,1,Eschrichtius robustus,Gray whale,67026,2000,4.195,0.0,-11.82,test
6702600I,2,Eschrichtius robustus,Gray whale,67026,2000,4.195,0.0,-10.79,test
70014001,0,Eubalaena glacialis,North Atlantic right whale,70014,20480,1.132,0.868,-16.78,train
70014002,0,Eubalaena glacialis,North Atlantic right whale,70014,20480,1.179,0.821,-27.88,train
70014003,0,Eubalaena glacialis,North Atlantic right whale,70014,20480,1.284,0.716,-21.58,train
70014005,0,Eubalaena glacialis,North Atlantic right whale,70014,20480,1.371,0.628,0.28,train
70014006,0,Eubalaena glacialis,North Atlantic right whale,70014,20480,1.371,0.628,-15.07,train
70014007,0,Eubalaena glacialis,North Atlantic right whale,70014,20480,1.296,0.704,-16.98,train
70014008,0,Eubalaena glacialis,North Atlantic right whale,70014,20480,0.809,1.191,-24.73,train
70014009,0,Eubalaena glacialis,North Atlantic right whale,70014,20480,1.104,0.896,-40.63,train
7001400A,0,Eubalaena glacialis,North Atlantic right whale,70014,20480,1.024,0.976,-1.87,train
7001400B,0,Eubalaena glacialis,North Atlantic right whale,70014,20480,1.055,0.945,-4.05,train
7001400C,0,Eubalaena glacialis,North Atlantic right whale,70014,20480,1.242,0.757,-20.41,train
7001400D,0,Eubalaena glacialis,North Atlantic right whale,70014,20480,1.409,0.591,-12.53,train
7001400E,0,Eubalaena glacialis,North Atlantic right whale,70014,20480,1.172,0.828,-1.0,train
7001400F,0,Eubalaena glacialis,North Atlantic right whale,70014,20480,1.172,0.828,-13.52,train
7001400G,0,Eubalaena glacialis,North Atlantic right whale,70014,20480,1.395,0.605,0.83,train
7001400H,0,Eubalaena glacialis,North Atlantic right whale,70014,20480,1.083,0.917,-9.86,train
7001400I,0,Eubalaena glacialis,North Atlantic right whale,70014,20480,1.05,0.95,-26.43,train
7001400J,0,Eubalaena glacialis,North Atlantic right whale,70014,20480,1.312,0.688,-0.04,train
7001400K,0,Eubalaena glacialis,North Atlantic right whale,70014,20480,1.034,0.966,-17.01,train
7001400L,0,Eubalaena glacialis,North Atlantic right whale,70014,20480,1.315,0.685,-30.7,train
7001400M,0,Eubalaena glacialis,North Atlantic right whale,70014,20480,1.315,0.685,-29.0,train
70016001,0,Eubalaena glacialis,North Atlantic right whale,70016,10000,1.943,0.057,-5.58,train
70016002,0,Eubalaena glacialis,North Atlantic right whale,70016,10000,3.739,0.0,-19.66,train
70016002,1,Eubalaena glacialis,North Atlantic right whale,70016,10000,3.739,0.0,-13.06,train
70016005,0,Eubalaena glacialis,North Atlantic right whale,70016,10000,2.14,0.0,3.56,train
70016006,0,Eubalaena glacialis,North Atlantic right whale,70016,10000,4.059,0.0,-0.38,train
70016006,1,Eubalaena glacialis,North Atlantic right whale,70016,10000,4.059,0.0,-13.07,train
70016006,2,Eubalaena glacialis,North Atlantic right whale,70016,10000,4.059,0.0,-23.29,train
70016009,0,Eubalaena glacialis,North Atlantic right whale,70016,10000,3.444,0.0,-2.85,train
70016009,1,Eubalaena glacialis,North Atlantic right whale,70016,10000,3.444,0.0,-19.68,train
7001600A,0,Eubalaena glacialis,North Atlantic right whale,70016,10000,2.312,0.0,-21.65,train
7001600B,0,Eubalaena glacialis,North Atlantic right whale,70016,10000,4.92,0.0,-15.47,train
7001600B,1,Eubalaena glacialis,North Atlantic right whale,70016,10000,4.92,0.0,-24.91,train
7001600B,2,Eubalaena glacialis,North Atlantic right whale,70016,10000,4.92,0.0,-3.19,train
7001600C,0,Eubalaena glacialis,North Atlantic right whale,70016,10000,3.596,0.0,-36.31,train
7001600C,1,Eubalaena glacialis,North Atlantic right whale,70016,10000,3.596,0.0,-7.21,train
70017003,0,Eubalaena glacialis,North Atlantic right whale,70017,10000,2.986,0.0,-10.78,train
70017004,0,Eubalaena glacialis,North Atlantic right whale,70017,10000,2.702,0.0,-23.89,train
70017005,0,Eubalaena glacialis,North Atlantic right whale,70017,10000,2.228,0.0,-16.33,train
70017006,0,Eubalaena glacialis,North Atlantic right whale,70017,10000,1.755,0.245,-2.42,train
70017007,0,Eubalaena glacialis,North Atlantic right whale,70017,10000,1.896,0.104,-13.13,train
70017008,0,Eubalaena glacialis,North Atlantic right whale,70017,10000,2.489,0.0,-25.77,train
70017009,0,Eubalaena glacialis,North Atlantic right whale,70017,10000,1.778,0.223,-7.87,train
7001700A,0,Eubalaena glacialis,North Atlantic right whale,70017,10000,2.441,0.0,-0.64,train
7001700B,0,Eubalaena glacialis,North Atlantic right whale,70017,10000,2.654,0.0,-22.18,train
7001700C,0,Eubalaena glacialis,North Atlantic right whale,70017,10000,2.991,0.0,-20.03,train
7001700D,0,Eubalaena glacialis,North Atlantic right whale,70017,10000,2.654,0.0,-15.55,train
7001700E,0,Eubalaena glacialis,North Atlantic right whale,70017,10000,2.868,0.0,-19.45,train
7001700F,0,Eubalaena glacialis,North Atlantic right whale,70017,10000,3.006,0.0,-7.91,train
7001700F,1,Eubalaena glacialis,North Atlantic right whale,70017,10000,3.006,0.0,-15.46,train
7001700G,0,Eubalaena glacialis,North Atlantic right whale,70017,10000,2.79,0.0,-26.12,train
70018002,0,Eubalaena glacialis,North Atlantic right whale,70018,10000,2.94,0.0,-41.77,test
70018003,0,Eubalaena glacialis,North Atlantic right whale,70018,10000,2.699,0.0,-12.42,test
70018004,0,Eubalaena glacialis,North Atlantic right whale,70018,10000,2.139,0.0,-5.93,test
70018005,0,Eubalaena glacialis,North Atlantic right whale,70018,10000,1.684,0.316,-10.06,test
70018006,0,Eubalaena glacialis,North Atlantic right whale,70018,10000,1.96,0.04,-27.2,test
7001800A,0,Eubalaena glacialis,North Atlantic right whale,70018,10000,1.764,0.236,-15.35,test
7001800B,0,Eubalaena glacialis,North Atlantic right whale,70018,10000,2.116,0.0,6.09,test
7001800C,0,Eubalaena glacialis,North Atlantic right whale,70018,10000,1.554,0.446,0.45,test
7001800D,0,Eubalaena glacialis,North Atlantic right whale,70018,10000,2.156,0.0,-25.65,test
7001800E,0,Eubalaena glacialis,North Atlantic right whale,70018,10000,2.842,0.0,-28.65,test
7001800F,0,Eubalaena glacialis,North Atlantic right whale,70018,10000,2.156,0.0,0.43,test
7001800G,0,Eubalaena glacialis,North Atlantic right whale,70018,10000,1.96,0.04,-24.25,test
7001800H,0,Eubalaena glacialis,North Atlantic right whale,70018,10000,1.666,0.334,-27.08,test
7001800J,0,Eubalaena glacialis,North Atlantic right whale,70018,10000,1.935,0.065,8.09,test
7001800M,0,Eubalaena glacialis,North Atlantic right whale,70018,10000,2.499,0.0,-24.4,test
7001800N,0,Eubalaena glacialis,North Atlantic right whale,70018,10000,1.544,0.457,-20.42,test
7001800O,0,Eubalaena glacialis,North Atlantic right whale,70018,10000,1.788,0.211,-7.5,test
7001800Q,0,Eubalaena glacialis,North Atlantic right whale,70018,10000,1.935,0.065,-29.78,test
7001800R,0,Eubalaena glacialis,North Atlantic right whale,70018,10000,2.279,0.0,-19.17,test
7001800S,0,Eubalaena glacialis,North Atlantic right whale,70018,10000,2.034,0.0,-36.76,test
7001800T,0,Eubalaena glacialis,North Atlantic right whale,70018,10000,2.034,0.0,-4.69,test
7001800U,0,Eubalaena glacialis,North Atlantic right whale,70018,10000,2.06,0.0,-8.77,test
72021001,0,Balaena mysticetus,Bowhead whale,72021,10240,142.5,0.0,-26.07,train
72021001,1,Balaena mysticetus,Bowhead whale,72021,10240,142.5,0.0,-15.27,train
72021001,2,Balaena mysticetus,Bowhead whale,72021,10240,142.5,0.0,16.84,train
72021001,3,Balaena mysticetus,Bowhead whale,72021,10240,142.5,0.0,-0.71,train
72021001,4,Balaena mysticetus,Bowhead whale,72021,10240,142.5,0.0,18.78,train
72021002,0,Balaena mysticetus,Bowhead whale,72021,10240,142.5,0.0,-12.38,train
72021002,1,Balaena mysticetus,Bowhead whale,72021,10240,142.5,0.0,8.94,train
72021002,2,Balaena mysticetus,Bowhead whale,72021,10240,142.5,0.0,-18.63,train
72021002,3,Balaena mysticetus,Bowhead whale,72021,10240,142.5,0.0,-2.06,train
72021002,4,Balaena mysticetus,Bowhead whale,72021,10240,142.5,0.0,-24.4,train
72021003,0,Balaena mysticetus,Bowhead whale,72021,10240,142.5,0.0,-9.19,train
72021003,1,Balaena mysticetus,Bowhead whale,72021,10240,142.5,0.0,-6.58,train
72021003,2,Balaena mysticetus,Bowhead whale,72021,10240,142.5,0.0,-34.51,train
72021003,3,Balaena mysticetus,Bowhead whale,72021,10240,142.5,0.0,5.55,train
72021003,4,Balaena mysticetus,Bowhead whale,72021,10240,142.5,0.0,-30.38,train
72021004,0,Balaena mysticetus,Bowhead whale,72021,10240,142.5,0.0,-5.44,train
72021004,1,Balaena mysticetus,Bowhead whale,72021,10240,142.5,0.0,-13.0,train
72021004,2,Balaena mysticetus,Bowhead whale,72021,10240,142.5,0.0,-9.46,train
72021004,3,Balaena mysticetus,Bowhead whale,72021,10240,142.5,0.0,-9.18,train
72021004,4,Balaena mysticetus,Bowhead whale,72021,10240,142.5,0.0,-1.01,train
72021005,0,Balaena mysticetus,Bowhead whale,72021,10240,142.5,0.0,5.91,train
72021005,1,Balaena mysticetus,Bowhead whale,72021,10240,142.5,0.0,15.24,train
72021005,2,Balaena mysticetus,Bowhead whale,72021,10240,142.5,0.0,-14.23,train
72021005,3,Balaena mysticetus,Bowhead whale,72021,10240,142.5,0.0,-25.9,train
72021005,4,Balaena mysticetus,Bowhead whale,72021,10240,142.5,0.0,-27.4,train
72021006,0,Balaena mysticetus,Bowhead whale,72021,10240,142.5,0.0,-37.16,train
72021006,1,Balaena mysticetus,Bowhead whale,72021,10240,142.5,0.0,-31.17,train
72021006,2,Balaena mysticetus,Bowhead whale,72021,10240,142.5,0.0,-9.62,train
72021006,3,Balaena mysticetus,Bowhead whale,72021,10240,142.5,0.0,-21.43,train
72021006,4,Balaena mysticetus,Bowhead whale,72021,10240,142.5,0.0,-12.52,train
72021007,0,Balaena mysticetus,Bowhead whale,72021,10240,142.5,0.0,-21.63,train
72021007,1,Balaena mysticetus,Bowhead whale,72021,10240,142.5,0.0,8.08,train
72021007,2,Balaena mysticetus,Bowhead whale,72021,10240,142.5,0.0,-27.15,train
72021007,3,Balaena mysticetus,Bowhead whale,72021,10240,142.5,0.0,5.76,train
72021007,4,Balaena mysticetus,Bowhead whale,72021,10240,142.5,0.0,-16.62,train
72021008,0,Balaena mysticetus,Bowhead whale,72021,10240,142.5,0.0,-3.87,train
72021008,1,Balaena mysticetus,Bowhead whale,72021,10240,142.5,0.0,-10.2,train
72021008,2,Balaena mysticetus,Bowhead whale,72021,10240,142.5,0.0,-21.84,train
72021008,3,Balaena mysticetus,Bowhead whale,72021,10240,142.5,0.0,-24.64,train
72021008,4,Balaena mysticetus,Bowhead whale,72021,10240,142.5,0.0,-8.92,train
72021009,0,Balaena mysticetus,Bowhead whale,72021,10240,142.5,0.0,10.65,train
72021009,1,Balaena mysticetus,Bowhead whale,72021,10240,142.5,0.0,-23.64,train
72021009,2,Balaena mysticetus,Bowhead whale,72021,10240,142.5,0.0,2.43,train
72021009,3,Balaena mysticetus,Bowhead whale,72021,10240,142.5,0.0,-6.71,train
72021009,4,Balaena mysticetus,Bowhead whale,72021,10240,142.5,0.0,-19.35,train
7202100A,0,Balaena mysticetus,Bowhead whale,72021,10240,142.5,0.0,2.64,train
7202100A,1,Balaena mysticetus,Bowhead whale,72021,10240,142.5,0.0,-14.78,train
7202100A,2,Balaena mysticetus,Bowhead whale,72021,10240,142.5,0.0,-13.23,train
7202100A,3,Balaena mysticetus,Bowhead whale,72021,10240,142.5,0.0,-9.95,train
7202100A,4,Balaena mysticetus,Bowhead whale,72021,10240,142.5,0.0,2.17,train
7202100B,0,Balaena mysticetus,Bowhead whale,72021,10240,142.5,0.0,-25.07,train
7202100B,1,Balaena mysticetus,Bowhead whale,72021,10240,142.5,0.0,-13.4,train
7202100B,2,Balaena mysticetus,Bowhead whale,72021,10240,142.5,0.0,-3.74,train
7202100B,3,Balaena mysticetus,Bowhead whale,72021,10240,142.5,0.0,-0.71,train
7202100B,4,Balaena mysticetus,Bowhead whale,72021,10240,142.5,0.0,-26.31,train
7202100C,0,Balaena mysticetus,Bowhead whale,72021,10240,1.418,0.582,-19.93,train
7202100D,0,Balaena mysticetus,Bowhead whale,72021,10240,2.836,0.0,10.49,train
7202100E,0,Balaena mysticetus,Bowhead whale,72021,10240,2.836,0.0,-29.32,train
7202100F,0,Balaena mysticetus,Bowhead whale,72021,10240,2.836,0.0,-7.71,train
7202100G,0,Balaena mysticetus,Bowhead whale,72021,10240,2.508,0.0,-22.4,train
7202100H,0,Balaena mysticetus,Bowhead whale,72021,10240,2.836,0.0,-17.31,train
7202100I,0,Balaena mysticetus,Bowhead whale,72021,10240,2.836,0.0,7.92,train
7202100J,0,Balaena mysticetus,Bowhead whale,72021,10240,2.836,0.0,14.88,train
7202100K,0,Balaena mysticetus,Bowhead whale,72021,10240,2.836,0.0,2.1,train
7202100L,0,Balaena mysticetus,Bowhead whale,72021,10240,1.439,0.56,-6.48,train
7202100M,0,Balaena mysticetus,Bowhead whale,72021,10240,2.836,0.0,-3.75,train
7202100N,0,Balaena mysticetus,Bowhead whale,72021,10240,2.836,0.0,-26.84,train
7202100O,0,Balaena mysticetus,Bowhead whale,72021,10240,2.836,0.0,2.8,train
7202100P,0,Balaena mysticetus,Bowhead whale,72021,10240,2.836,0.0,-2.5,train
7202100Q,0,Balaena mysticetus,Bowhead whale,72021,10240,2.836,0.0,-13.96,train
7202100R,0,Balaena mysticetus,Bowhead whale,72021,10240,1.397,0.603,1.78,train
7202100S,0,Balaena mysticetus,Bowhead whale,72021,10240,2.836,0.0,-20.24,train
7202100T,0,Balaena mysticetus,Bowhead whale,72021,10240,2.836,0.0,-30.33,train
7202100U,0,Balaena mysticetus,Bowhead whale,72021,10240,2.836,0.0,-36.0,train
7202100V,0,Balaena mysticetus,Bowhead whale,72021,10240,2.836,0.0,-16.08,train
7202100W,0,Balaena mysticetus,Bowhead whale,72021,10240,2.836,0.0,-7.28,train
7202100X,0,Balaena mysticetus,Bowhead whale,72021,10240,1.584,0.415,-5.86,train
7202100Y,0,Balaena mysticetus,Bowhead whale,72021,10240,1.805,0.195,-13.66,train
7202100Z,0,Balaena mysticetus,Bowhead whale,72021,10240,2.466,0.0,-19.35,train
72021011,0,Balaena mysticetus,Bowhead whale,72021,10240,2.377,0.0,4.93,train
72021012,0,Balaena mysticetus,Bowhead whale,72021,10240,2.203,0.0,-20.05,train
72021013,0,Balaena mysticetus,Bowhead whale,72021,10240,2.048,0.0,-9.11,train
72021014,0,Balaena mysticetus,Bowhead whale,72021,10240,3.403,0.0,-9.62,train
72021014,1,Balaena mysticetus,Bowhead whale,72021,10240,3.403,0.0,-7.52,train
72021015,0,Balaena mysticetus,Bowhead whale,72021,10240,3.403,0.0,-30.05,train
72021015,1,Balaena mysticetus,Bowhead whale,72021,10240,3.403,0.0,-21.5,train
72021016,0,Balaena mysticetus,Bowhead whale,72021,10240,4.575,0.0,-14.17,train
72021016,1,Balaena mysticetus,Bowhead whale,72021,10240,4.575,0.0,-36.73,train
72021016,2,Balaena mysticetus,Bowhead whale,72021,10240,4.575,0.0,-16.8,train
72021017,0,Balaena mysticetus,Bowhead whale,72021,10240,5.222,0.0,-16.03,train
72021017,1,Balaena mysticetus,Bowhead whale,72021,10240,5.222,0.0,-26.43,train
72021017,2,Balaena mysticetus,Bowhead whale,72021,10240,5.222,0.0,2.29,train
72021017,3,Balaena mysticetus,Bowhead whale,72021,10240,5.222,0.0,1.15,train
72021018,0,Balaena mysticetus,Bowhead whale,72021,10240,5.222,0.0,20.64,train
72021018,1,Balaena mysticetus,Bowhead whale,72021,10240,5.222,0.0,-4.68,train
72021018,2,Balaena mysticetus,Bowhead whale,72021,10240,5.222,0.0,9.33,train
72021018,3,Balaena mysticetus,Bowhead whale,72021,10240,5.222,0.0,2.25,train
72021019,0,Balaena mysticetus,Bowhead whale,72021,10240,5.222,0.0,12.99,train
72021019,1,Balaena mysticetus,Bowhead whale,72021,10240,5.222,0.0,-7.01,train
72021019,2,Balaena mysticetus,Bowhead whale,72021,10240,5.222,0.0,6.7,train
72021019,3,Balaena mysticetus,Bowhead whale,72021,10240,5.222,0.0,-4.45,train
72021020,0,Balaena mysticetus,Bowhead whale,72021,10240,3.619,0.0,-5.65,train
72021020,1,Balaena mysticetus,Bowhead whale,72021,10240,3.619,0.0,-11.77,train
72021021,0,Balaena mysticetus,Bowhead whale,72021,10240,3.619,0.0,-15.95,train
72021021,1,Balaena mysticetus,Bowhead whale,72021,10240,3.619,0.0,-17.02,train
72021022,0,Balaena mysticetus,Bowhead whale,72021,10240,5.672,0.0,21.11,train
72021022,1,Balaena mysticetus,Bowhead whale,72021,10240,5.672,0.0,-14.04,train
72021022,2,Balaena mysticetus,Bowhead whale,72021,10240,5.672,0.0,12.14,train
72021022,3,Balaena mysticetus,Bowhead whale,72021,10240,5.672,0.0,14.38,train
72021023,0,Balaena mysticetus,Bowhead whale,72021,10240,5.672,0.0,8.67,train
72021023,1,Balaena mysticetus,Bowhead whale,72021,10240,5.672,0.0,-26.28,train
72021023,2,Balaena mysticetus,Bowhead whale,72021,10240,5.672,0.0,-18.39,train
72021023,3,Balaena mysticetus,Bowhead whale,72021,10240,5.672,0.0,-20.85,train
72021024,0,Balaena mysticetus,Bowhead whale,72021,10240,5.213,0.0,-11.93,train
72021024,1,Balaena mysticetus,Bowhead whale,72021,10240,5.213,0.0,-18.86,train
72021024,2,Balaena mysticetus,Bowhead whale,72021,10240,5.213,0.0,1.86,train
72021024,3,Balaena mysticetus,Bowhead whale,72021,10240,5.213,0.0,-15.93,train
72021025,0,Balaena mysticetus,Bowhead whale,72021,10240,3.272,0.0,-6.45,train
72021025,1,Balaena mysticetus,Bowhead whale,72021,10240,3.272,0.0,-20.3,train
72021026,0,Balaena mysticetus,Bowhead whale,72021,10240,3.272,0.0,10.73,train
72021026,1,Balaena mysticetus,Bowhead whale,72021,10240,3.272,0.0,3.09,train
72021027,0,Balaena mysticetus,Bowhead whale,72021,10240,4.875,0.0,16.26,train
72021027,1,Balaena mysticetus,Bowhead whale,72021,10240,4.875,0.0,7.27,train
72021027,2,Balaena mysticetus,Bowhead whale,72021,10240,4.875,0.0,-3.86,train
72021028,0,Balaena mysticetus,Bowhead whale,72021,10240,4.875,0.0,-11.28,train
72021028,1,Balaena mysticetus,Bowhead whale,72021,10240,4.875,0.0,3.31,train
72021028,2,Balaena mysticetus,Bowhead whale,72021,10240,4.875,0.0,-10.58,train
74003001,0,Eubalaena glacialis,North Atlantic right whale,74003,5120,1.5,0.5,-24.04,test
74003002,0,Eubalaena glacialis,North Atlantic right whale,74003,5120,1.5,0.5,-1.9,test
74003003,0,Eubalaena glacialis,North Atlantic right whale,74003,5120,1.5,0.5,-3.67,test
74003004,0,Eubalaena glacialis,North Atlantic right whale,74003,5120,1.5,0.5,-23.4,test
74003006,0,Eubalaena glacialis,North Atlantic right whale,74003,5120,1.5,0.5,-25.03,test
74003008,0,Eubalaena glacialis,North Atlantic right whale,74003,5120,1.5,0.5,-15.47,test
75017001,0,Megaptera novaeangliae,Humpback whale,75017,5120,1.42,0.58,-1.55,train
75017002,0,Megaptera novaeangliae,Humpback whale,75017,5120,1.42,0.58,-7.61,train
75017003,0,Megaptera novaeangliae,Humpback whale,75017,5120,1.42,0.58,-4.84,train
75017004,0,Megaptera novaeangliae,Humpback whale,75017,5120,1.42,0.58,-22.3,train
75017005,0,Megaptera novaeangliae,Humpback whale,75017,5120,1.42,0.58,-12.24,train
75017006,0,Megaptera novaeangliae,Humpback whale,75017,5120,1.42,0.58,-25.1,train
75017007,0,Megaptera novaeangliae,Humpback whale,75017,5120,1.42,0.58,-9.66,train
75017008,0,Megaptera novaeangliae,Humpback whale,75017,5120,3.0,0.0,-27.84,train
75017008,1,Megaptera novaeangliae,Humpback whale,75017,5120,3.0,0.0,-17.45,train
75017009,0,Megaptera novaeangliae,Humpback whale,75017,5120,3.0,0.0,-16.58,train
75017009,1,Megaptera novaeangliae,Humpback whale,75017,5120,3.0,0.0,-11.17,train
7501700A,0,Megaptera novaeangliae,Humpback whale,75017,5120,3.0,0.0,2.89,train
7501700A,1,Megaptera novaeangliae,Humpback whale,75017,5120,3.0,0.0,-21.14,train
7501700B,0,Megaptera novaeangliae,Humpback whale,75017,5120,1.42,0.58,-18.99,train
7501700C,0,Megaptera novaeangliae,Humpback whale,75017,5120,1.42,0.58,5.06,train
7501700D,0,Megaptera novaeangliae,Humpback whale,75017,5120,1.42,0.58,-8.91,train
7501700E,0,Megaptera novaeangliae,Humpback whale,75017,5120,1.42,0.58,-3.26,train
7501700F,0,Megaptera novaeangliae,Humpback whale,75017,5120,1.42,0.58,-2.17,train
7501700G,0,Megaptera novaeangliae,Humpback whale,75017,5120,1.42,0.58,-30.21,train
7501700H,0,Megaptera novaeangliae,Humpback whale,75017,5120,1.42,0.58,6.94,train
7501700I,0,Megaptera novaeangliae,Humpback whale,75017,5120,1.42,0.58,-16.61,train
7501700J,0,Megaptera novaeangliae,Humpback whale,75017,5120,1.42,0.58,-12.89,train
7501700K,0,Megaptera novaeangliae,Humpback whale,75017,5120,1.42,0.58,-14.04,train
7501700L,0,Megaptera novaeangliae,Humpback whale,75017,5120,1.42,0.58,-0.57,train
7501700M,0,Megaptera novaeangliae,Humpback whale,75017,5120,3.0,0.0,-2.46,train
7501700M,1,Megaptera novaeangliae,Humpback whale,75017,5120,3.0,0.0,19.15,train
7501700N,0,Megaptera novaeangliae,Humpback whale,75017,5120,1.42,0.58,-4.49,train
7501700O,0,Megaptera novaeangliae,Humpback whale,75017,5120,3.0,0.0,-34.3,train
7501700O,1,Megaptera novaeangliae,Humpback whale,75017,5120,3.0,0.0,-31.87,train
7501700P,0,Megaptera novaeangliae,Humpback whale,75017,5120,3.0,0.0,-15.59,train
7501700P,1,Megaptera novaeangliae,Humpback whale,75017,5120,3.0,0.0,13.01,train
7501700Q,0,Megaptera novaeangliae,Humpback whale,75017,5120,3.0,0.0,-18.39,train
7501700Q,1,Megaptera novaeangliae,Humpback whale,75017,5120,3.0,0.0,-4.19,train
7501700R,0,Megaptera novaeangliae,Humpback whale,75017,5120,3.0,0.0,-6.66,train
7501700R,1,Megaptera novaeangliae,Humpback whale,75017,5120,3.0,0.0,-4.28,train
7501700S,0,Megaptera novaeangliae,Humpback whale,75017,5120,3.0,0.0,-2.5,train
7501700S,1,Megaptera novaeangliae,Humpback whale,75017,5120,3.0,0.0,-12.02,train
7501700T,0,Megaptera novaeangliae,Humpback whale,75017,5120,3.0,0.0,-32.2,train
7501700T,1,Megaptera novaeangliae,Humpback whale,75017,5120,3.0,0.0,-17.86,train
78018006,0,Balaena mysticetus,Bowhead whale,78018,10240,2.836,0.0,-34.34,train
78018007,0,Balaena mysticetus,Bowhead whale,78018,10240,2.831,0.0,-13.31,train
78018008,0,Balaena mysticetus,Bowhead whale,78018,10240,2.831,0.0,7.87,train
78018009,0,Balaena mysticetus,Bowhead whale,78018,10240,2.152,0.0,-34.91,train
7801800A,0,Balaena mysticetus,Bowhead whale,78018,10240,2.222,0.0,-25.82,train
7801800B,0,Balaena mysticetus,Bowhead whale,78018,10240,2.752,0.0,-23.64,train
7801800C,0,Balaena mysticetus,Bowhead whale,78018,10240,2.752,0.0,-22.68,train
7801800D,0,Balaena mysticetus,Bowhead whale,78018,10240,2.752,0.0,-1.96,train
7801800E,0,Balaena mysticetus,Bowhead whale,78018,10240,2.794,0.0,-29.8,train
7801800F,0,Balaena mysticetus,Bowhead whale,78018,10240,2.794,0.0,-27.24,train
7801800G,0,Balaena mysticetus,Bowhead whale,78018,10240,3.619,0.0,-14.25,train
7801800G,1,Balaena mysticetus,Bowhead whale,78018,10240,3.619,0.0,-6.21,train
7801800H,0,Balaena mysticetus,Bowhead whale,78018,10240,3.619,0.0,-19.04,train
7801800H,1,Balaena mysticetus,Bowhead whale,78018,10240,3.619,0.0,-19.25,train
7801800I,0,Balaena mysticetus,Bowhead whale,78018,10240,3.619,0.0,-13.44,train
7801800I,1,Balaena mysticetus,Bowhead whale,78018,10240,3.619,0.0,-11.9,train
7801800J,0,Balaena mysticetus,Bowhead whale,78018,10240,3.619,0.0,-11.57,train
7801800J,1,Balaena mysticetus,Bowhead whale,78018,10240,3.619,0.0,-26.12,train
7801800K,0,Balaena mysticetus,Bowhead whale,78018,10240,4.031,0.0,5.75,train
7801800K,1,Balaena mysticetus,Bowhead whale,78018,10240,4.031,0.0,-23.21,train
7801800K,2,Balaena mysticetus,Bowhead whale,78018,10240,4.031,0.0,-24.43,train
7801800L,0,Balaena mysticetus,Bowhead whale,78018,10240,2.475,0.0,-26.72,train
79002001,0,Eubalaena australis,Southern right whale,79002,5120,1.418,0.582,-11.55,test
79002002,0,Eubalaena australis,Southern right whale,79002,5120,1.418,0.582,-9.9,test
79002003,0,Eubalaena australis,Southern right whale,79002,5120,1.418,0.582,-24.41,test
79002004,0,Eubalaena australis,Southern right whale,79002,5120,1.418,0.582,-7.15,test
79002005,0,Eubalaena australis,Southern right whale,79002,5120,1.418,0.582,-19.07,test
79002006,0,Eubalaena australis,Southern right whale,79002,5120,1.418,0.582,1.46,test
79002007,0,Eubalaena australis,Southern right whale,79002,5120,1.418,0.582,14.19,test
79002008,0,Eubalaena australis,Southern right whale,79002,5120,1.418,0.582,-15.69,test
79002009,0,Eubalaena australis,Southern right whale,79002,5120,1.418,0.582,-8.64,test
7900200A,0,Eubalaena australis,Southern right whale,79002,5120,1.418,0.582,-6.78,test
7900200B,0,Eubalaena australis,Southern right whale,79002,5120,1.418,0.582,-17.68,test
7900200C,0,Eubalaena australis,Southern right whale,79002,5120,1.418,0.582,-8.52,test
7900200D,0,Eubalaena australis,Southern right whale,79002,5120,1.418,0.582,-5.72,test
7900200E,0,Eubalaena australis,Southern right whale,79002,5120,1.418,0.582,6.57,test
7900200F,0,Eubalaena australis,Southern right whale,79002,5120,1.418,0.582,1.34,test
7900200G,0,Eubalaena australis,Southern right whale,79002,5120,1.418,0.582,-14.63,test
7900200H,0,Eubalaena australis,Southern right whale,79002,5120,1.418,0.582,-28.18,test
7900200I,0,Eubalaena australis,Southern right whale,79002,5120,1.418,0.582,-16.12,test
7900200J,0,Eubalaena australis,Southern right whale,79002,5120,2.836,0.0,-6.74,test
7900200K,0,Eubalaena australis,Southern right whale,79002,5120,1.418,0.582,1.85,test
7900200L,0,Eubalaena australis,Southern right whale,79002,5120,1.418,0.582,6.87,test
7900200M,0,Eubalaena australis,Southern right whale,79002,5120,11.344,0.0,20.5,test
7900200M,1,Eubalaena australis,Southern right whale,79002,5120,11.344,0.0,-8.55,test
7900200M,2,Eubalaena australis,Southern right whale,79002,5120,11.344,0.0,-6.74,test
7900200M,3,Eubalaena australis,Southern right whale,79002,5120,11.344,0.0,4.19,test
7900200M,4,Eubalaena australis,Southern right whale,79002,5120,11.344,0.0,-33.81,test
7900200N,0,Eubalaena australis,Southern right whale,79002,5120,22.688,0.0,19.98,test
7900200N,1,Eubalaena australis,Southern right whale,79002,5120,22.688,0.0,1.67,test
7900200N,2,Eubalaena australis,Southern right whale,79002,5120,22.688,0.0,-11.29,test
7900200N,3,Eubalaena australis,Southern right whale,79002,5120,22.688,0.0,1.23,test
7900200N,4,Eubalaena australis,Southern right whale,79002,5120,22.688,0.0,-9.78,test
7900200O,0,Eubalaena australis,Southern right whale,79002,5120,11.344,0.0,14.6,test
7900200O,1,Eubalaena australis,Southern right whale,79002,5120,11.344,0.0,-29.67,test
7900200O,2,Eubalaena australis,Southern right whale,79002,5120,11.344,0.0,-8.02,test
7900200O,3,Eubalaena australis,Southern right whale,79002,5120,11.344,0.0,-17.44,test
7900200O,4,Eubalaena australis,Southern right whale,79002,5120,11.344,0.0,-0.21,test
7900200P,0,Eubalaena australis,Southern right whale,79002,5120,11.344,0.0,-5.04,test
7900200P,1,Eubalaena australis,Southern right whale,79002,5120,11.344,0.0,-15.44,test
7900200P,2,Eubalaena australis,Southern right whale,79002,5120,11.344,0.0,-18.01,test
7900200P,3,Eubalaena australis,Southern right whale,79002,5120,11.344,0.0,-18.76,test
7900200P,4,Eubalaena australis,Southern right whale,79002,5120,11.344,0.0,7.99,test
7900200Q,0,Eubalaena australis,Southern right whale,79002,5120,2.766,0.0,-4.93,test
7900200R,0,Eubalaena australis,Southern right whale,79002,5120,1.908,0.092,7.72,test
7900200S,0,Eubalaena australis,Southern right whale,79002,5120,1.848,0.151,-33.75,test
7900200T,0,Eubalaena australis,Southern right whale,79002,5120,3.948,0.0,5.36,test
7900200T,1,Eubalaena australis,Southern right whale,79002,5120,3.948,0.0,10.32,test
7900200U,0,Eubalaena australis,Southern right whale,79002,5120,2.524,0.0,-15.31,test
7900200V,0,Eubalaena australis,Southern right whale,79002,5120,2.394,0.0,-22.0,test
7900200W,0,Eubalaena australis,Southern right whale,79002,5120,2.108,0.0,-16.87,test
7900200X,0,Eubalaena australis,Southern right whale,79002,5120,1.822,0.177,-15.52,test
7900200Y,0,Eubalaena australis,Southern right whale,79002,5120,1.822,0.177,-11.19,test
7900200Z,0,Eubalaena australis,Southern right whale,79002,5120,1.622,0.378,-27.69,test
79002010,0,Eubalaena australis,Southern right whale,79002,5120,1.765,0.235,-6.36,test
79002011,0,Eubalaena australis,Southern right whale,79002,5120,1.336,0.664,7.25,test
79002012,0,Eubalaena australis,Southern right whale,79002,5120,1.765,0.235,-38.17,test
79002013,0,Eubalaena australis,Southern right whale,79002,5120,1.479,0.521,-24.85,test
79022001,0,Megaptera novaeangliae,Humpback whale,79022,10000,9.139,0.0,-15.41,train
79022001,1,Megaptera novaeangliae,Humpback whale,79022,10000,9.139,0.0,1.64,train
79022001,2,Megaptera novaeangliae,Humpback whale,79022,10000,9.139,0.0,-8.38,train
79022001,3,Megaptera novaeangliae,Humpback whale,79022,10000,9.139,0.0,-30.9,train
79022001,4,Megaptera novaeangliae,Humpback whale,79022,10000,9.139,0.0,-23.31,train
79022002,0,Megaptera novaeangliae,Humpback whale,79022,10000,8.378,0.0,-9.01,train
79022002,1,Megaptera novaeangliae,Humpback whale,79022,10000,8.378,0.0,11.42,train
79022002,2,Megaptera novaeangliae,Humpback whale,79022,10000,8.378,0.0,-24.37,train
79022002,3,Megaptera novaeangliae,Humpback whale,79022,10000,8.378,0.0,9.01,train
79022002,4,Megaptera novaeangliae,Humpback whale,79022,10000,8.378,0.0,-24.71,train
79022003,0,Megaptera novaeangliae,Humpback whale,79022,10000,3.808,0.0,9.6,train
79022003,1,Megaptera novaeangliae,Humpback whale,79022,10000,3.808,0.0,-2.13,train
79022004,0,Megaptera novaeangliae,Humpback whale,79022,10000,6.854,0.0,-14.73,train
79022004,1,Megaptera novaeangliae,Humpback whale,79022,10000,6.854,0.0,-4.29,train
79022004,2,Megaptera novaeangliae,Humpback whale,79022,10000,6.854,0.0,-13.98,train
79022004,3,Megaptera novaeangliae,Humpback whale,79022,10000,6.854,0.0,-31.08,train
79022004,4,Megaptera novaeangliae,Humpback whale,79022,10000,6.854,0.0,-14.58,train
79022005,0,Megaptera novaeangliae,Humpback whale,79022,10000,5.756,0.0,-11.48,train
79022005,1,Megaptera novaeangliae,Humpback whale,79022,10000,5.756,0.0,-23.11,train
79022005,2,Megaptera novaeangliae,Humpback whale,79022,10000,5.756,0.0,-25.08,train
79022005,3,Megaptera novaeangliae,Humpback whale,79022,10000,5.756,0.0,-30.75,train
79022006,0,Megaptera novaeangliae,Humpback whale,79022,10000,9.373,0.0,-9.95,train
79022006,1,Megaptera novaeangliae,Humpback whale,79022,10000,9.373,0.0,-17.42,train
79022006,2,Megaptera novaeangliae,Humpback whale,79022,10000,9.373,0.0,-14.15,train
79022006,3,Megaptera novaeangliae,Humpback whale,79022,10000,9.373,0.0,9.14,train
79022006,4,Megaptera novaeangliae,Humpback whale,79022,10000,9.373,0.0,-0.7,train
79029002,0,Megaptera novaeangliae,Humpback whale,79029,5120,1.125,0.875,-17.59,train
79029003,0,Megaptera novaeangliae,Humpback whale,79029,5120,1.125,0.875,-9.05,train
79029004,0,Megaptera novaeangliae,Humpback whale,79029,5120,1.275,0.725,-25.75,train
79029005,0,Megaptera novaeangliae,Humpback whale,79029,5120,1.406,0.594,-9.65,train
79029006,0,Megaptera novaeangliae,Humpback whale,79029,5120,1.406,0.594,-31.58,train
79029007,0,Megaptera novaeangliae,Humpback whale,79029,5120,1.406,0.594,-33.15,train
80001001,0,Balaena mysticetus,Bowhead whale,80001,10000,1.528,0.472,7.78,train
80001002,0,Balaena mysticetus,Bowhead whale,80001,10000,2.173,0.0,-13.7,train
80001003,0,Balaena mysticetus,Bowhead whale,80001,10000,10.551,0.0,-19.76,train
80001003,1,Balaena mysticetus,Bowhead whale,80001,10000,10.551,0.0,-29.84,train
80001003,2,Balaena mysticetus,Bowhead whale,80001,10000,10.551,0.0,3.21,train
80001003,3,Balaena mysticetus,Bowhead whale,80001,10000,10.551,0.0,-16.83,train
80001003,4,Balaena mysticetus,Bowhead whale,80001,10000,10.551,0.0,1.12,train
80001004,0,Balaena mysticetus,Bowhead whale,80001,10000,4.582,0.0,-21.22,train
80001004,1,Balaena mysticetus,Bowhead whale,80001,10000,4.582,0.0,-20.6,train
80001004,2,Balaena mysticetus,Bowhead whale,80001,10000,4.582,0.0,-21.46,train
80001005,0,Balaena mysticetus,Bowhead whale,80001,10000,10.418,0.0,-7.0,train
80001005,1,Balaena mysticetus,Bowhead whale,80001,10000,10.418,0.0,-1.8,train
80001005,2,Balaena mysticetus,Bowhead whale,80001,10000,10.418,0.0,-4.25,train
80001005,3,Balaena mysticetus,Bowhead whale,80001,10000,10.418,0.0,-15.25,train
80001005,4,Balaena mysticetus,Bowhead whale,80001,10000,10.418,0.0,-7.42,train
80001006,0,Balaena mysticetus,Bowhead whale,80001,10000,4.864,0.0,-5.16,train
80001006,1,Balaena mysticetus,Bowhead whale,80001,10000,4.864,0.0,-15.84,train
80001006,2,Balaena mysticetus,Bowhead whale,80001,10000,4.864,0.0,-15.12,train
80001007,0,Balaena mysticetus,Bowhead whale,80001,10000,2.374,0.0,-33.62,train
80001008,0,Balaena mysticetus,Bowhead whale,80001,10000,3.256,0.0,2.65,train
80001008,1,Balaena mysticetus,Bowhead whale,80001,10000,3.256,0.0,-22.09,train
80001009,0,Balaena mysticetus,Bowhead whale,80001,10000,9.468,0.0,-2.86,train
80001009,1,Balaena mysticetus,Bowhead whale,80001,10000,9.468,0.0,-13.21,train
80001009,2,Balaena mysticetus,Bowhead whale,80001,10000,9.468,0.0,-4.93,train
80001009,3,Balaena mysticetus,Bowhead whale,80001,10000,9.468,0.0,-29.99,train
80001009,4,Balaena mysticetus,Bowhead whale,80001,10000,9.468,0.0,-33.23,train
8000100A,0,Balaena mysticetus,Bowhead whale,80001,10000,5.726,0.0,-19.21,train
8000100A,1,Balaena mysticetus,Bowhead whale,80001,10000,5.726,0.0,-15.23,train
8000100A,2,Balaena mysticetus,Bowhead whale,80001,10000,5.726,0.0,1.9,train
8000100A,3,Balaena mysticetus,Bowhead whale,80001,10000,5.726,0.0,-15.72,train
8000100B,0,Balaena mysticetus,Bowhead whale,80001,10000,4.141,0.0,-11.41,train
8000100B,1,Balaena mysticetus,Bowhead whale,80001,10000,4.141,0.0,-16.68,train
8000100B,2,Balaena mysticetus,Bowhead whale,80001,10000,4.141,0.0,-22.05,train
8000100C,0,Balaena mysticetus,Bowhead whale,80001,10000,1.691,0.309,8.53,train
8000100D,0,Balaena mysticetus,Bowhead whale,80001,10000,3.808,0.0,-18.13,train
8000100D,1,Balaena mysticetus,Bowhead whale,80001,10000,3.808,0.0,-26.85,train
8000100E,0,Balaena mysticetus,Bowhead whale,80001,10000,2.851,0.0,-22.65,train
8000100F,0,Balaena mysticetus,Bowhead whale,80001,10000,3.1,0.0,-12.13,train
8000100F,1,Balaena mysticetus,Bowhead whale,80001,10000,3.1,0.0,-11.19,train
8000100G,0,Balaena mysticetus,Bowhead whale,80001,10000,3.069,0.0,-17.95,train
8000100G,1,Balaena mysticetus,Bowhead whale,80001,10000,3.069,0.0,-31.52,train
80020001,0,Megaptera novaeangliae,Humpback whale,80020,10240,1.355,0.645,9.05,train
80020002,0,Megaptera novaeangliae,Humpback whale,80020,10240,1.355,0.645,-15.3,train
80020003,0,Megaptera novaeangliae,Humpback whale,80020,10240,1.355,0.645,15.18,train
80020004,0,Megaptera novaeangliae,Humpback whale,80020,10240,1.561,0.439,-8.66,train
80020005,0,Megaptera novaeangliae,Humpback whale,80020,10240,1.416,0.584,-12.77,train
80020006,0,Megaptera novaeangliae,Humpback whale,80020,10240,1.462,0.537,-17.99,train
80020007,0,Megaptera novaeangliae,Humpback whale,80020,10240,1.17,0.83,10.67,train
80020008,0,Megaptera novaeangliae,Humpback whale,80020,10240,8.025,0.0,2.73,train
80020008,1,Megaptera novaeangliae,Humpback whale,80020,10240,8.025,0.0,-18.71,train
80020008,2,Megaptera novaeangliae,Humpback whale,80020,10240,8.025,0.0,-7.34,train
80020008,3,Megaptera novaeangliae,Humpback whale,80020,10240,8.025,0.0,-18.68,train
80020008,4,Megaptera novaeangliae,Humpback whale,80020,10240,8.025,0.0,1.46,train
80020009,0,Megaptera novaeangliae,Humpback whale,80020,10240,1.416,0.584,-2.3,train
8002000A,0,Megaptera novaeangliae,Humpback whale,80020,10240,1.416,0.584,-7.13,train
8002000B,0,Megaptera novaeangliae,Humpback whale,80020,10240,1.048,0.952,-21.26,train
8002000C,0,Megaptera novaeangliae,Humpback whale,80020,10240,1.416,0.584,-12.47,train
8002000D,0,Megaptera novaeangliae,Humpback whale,80020,10240,2.831,0.0,6.69,train
8002000E,0,Megaptera novaeangliae,Humpback whale,80020,10240,2.737,0.0,6.86,train
8002000F,0,Megaptera novaeangliae,Humpback whale,80020,10240,8.156,0.0,-13.05,train
8002000F,1,Megaptera novaeangliae,Humpback whale,80020,10240,8.156,0.0,-20.67,train
8002000F,2,Megaptera novaeangliae,Humpback whale,80020,10240,8.156,0.0,6.65,train
8002000F,3,Megaptera novaeangliae,Humpback whale,80020,10240,8.156,0.0,9.27,train
8002000F,4,Megaptera novaeangliae,Humpback whale,80020,10240,8.156,0.0,-8.56,train
8002000G,0,Megaptera novaeangliae,Humpback whale,80020,10240,10.219,0.0,2.61,train
8002000G,1,Megaptera novaeangliae,Humpback whale,80020,10240,10.219,0.0,-14.77,train
8002000G,2,Megaptera novaeangliae,Humpback whale,80020,10240,10.219,0.0,-7.15,train
8002000G,3,Megaptera novaeangliae,Humpback whale,80020,10240,10.219,0.0,14.9,train
8002000G,4,Megaptera novaeangliae,Humpback whale,80020,10240,10.219,0.0,3.11,train
8002000H,0,Megaptera novaeangliae,Humpback whale,80020,10240,10.219,0.0,-1.82,train
8002000H,1,Megaptera novaeangliae,Humpback whale,80020,10240,10.219,0.0,-12.67,train
8002000H,2,Megaptera novaeangliae,Humpback whale,80020,10240,10.219,0.0,-1.47,train
8002000H,3,Megaptera novaeangliae,Humpback whale,80020,10240,10.219,0.0,-18.43,train
8002000H,4,Megaptera novaeangliae,Humpback whale,80020,10240,10.219,0.0,3.21,train
8002000J,0,Megaptera novaeangliae,Humpback whale,80020,10240,1.071,0.928,15.12,train
8002000K,0,Megaptera novaeangliae,Humpback whale,80020,10240,1.071,0.928,-7.72,train
8002000L,0,Megaptera novaeangliae,Humpback whale,80020,10240,21.038,0.0,-20.16,train
8002000L,1,Megaptera novaeangliae,Humpback whale,80020,10240,21.038,0.0,4.61,train
8002000L,2,Megaptera novaeangliae,Humpback whale,80020,10240,21.038,0.0,9.92,train
8002000L,3,Megaptera novaeangliae,Humpback whale,80020,10240,21.038,0.0,-4.11,train
8002000L,4,Megaptera novaeangliae,Humpback whale,80020,10240,21.038,0.0,-12.28,train
8002000M,0,Megaptera novaeangliae,Humpback whale,80020,10240,4.663,0.0,-4.02,train
8002000M,1,Megaptera novaeangliae,Humpback whale,80020,10240,4.663,0.0,-12.97,train
8002000M,2,Megaptera novaeangliae,Humpback whale,80020,10240,4.663,0.0,10.53,train
8002000N,0,Megaptera novaeangliae,Humpback whale,80020,10240,5.259,0.0,-19.88,train
8002000N,1,Megaptera novaeangliae,Humpback whale,80020,10240,5.259,0.0,-17.39,train
8002000N,2,Megaptera novaeangliae,Humpback whale,80020,10240,5.259,0.0,-18.76,train
8002000N,3,Megaptera novaeangliae,Humpback whale,80020,10240,5.259,0.0,2.18,train
8002000O,0,Megaptera novaeangliae,Humpback whale,80020,10240,1.416,0.584,-7.43,train
8002000P,0,Megaptera novaeangliae,Humpback whale,80020,10240,1.226,0.774,-8.38,train
8002000Q,0,Megaptera novaeangliae,Humpback whale,80020,10240,1.101,0.898,-20.66,train
8002000R,0,Megaptera novaeangliae,Humpback whale,80020,10240,0.942,1.058,-20.27,train
8002000S,0,Megaptera novaeangliae,Humpback whale,80020,10240,0.983,1.016,-26.53,train
8002000T,0,Megaptera novaeangliae,Humpback whale,80020,10240,1.032,0.968,-11.26,train
8002000U,0,Megaptera novaeangliae,Humpback whale,80020,10240,0.98,1.02,-24.52,train
8002000V,0,Megaptera novaeangliae,Humpback whale,80020,10240,1.227,0.772,-2.6,train
8002000W,0,Megaptera novaeangliae,Humpback whale,80020,10240,1.413,0.587,-17.21,train
8002000X,0,Megaptera novaeangliae,Humpback whale,80020,10240,2.827,0.0,-19.24,train
8002000Y,0,Megaptera novaeangliae,Humpback whale,80020,10240,11.306,0.0,2.62,train
8002000Y,1,Megaptera novaeangliae,Humpback whale,80020,10240,11.306,0.0,-17.01,train
8002000Y,2,Megaptera novaeangliae,Humpback whale,80020,10240,11.306,0.0,-1.07,train
8002000Y,3,Megaptera novaeangliae,Humpback whale,80020,10240,11.306,0.0,-3.13,train
8002000Y,4,Megaptera novaeangliae,Humpback whale,80020,10240,11.306,0.0,-22.53,train
8002000Z,0,Megaptera novaeangliae,Humpback whale,80020,10240,11.306,0.0,-21.07,train
8002000Z,1,Megaptera novaeangliae,Humpback whale,80020,10240,11.306,0.0,-50.11,train
8002000Z,2,Megaptera novaeangliae,Humpback whale,80020,10240,11.306,0.0,-3.65,train
8002000Z,3,Megaptera novaeangliae,Humpback whale,80020,10240,11.306,0.0,-12.87,train
8002000Z,4,Megaptera novaeangliae,Humpback whale,80020,10240,11.306,0.0,-0.71,train
80020010,0,Megaptera novaeangliae,Humpback whale,80020,10240,1.837,0.163,9.64,train
80020011,0,Megaptera novaeangliae,Humpback whale,80020,10240,1.837,0.163,4.53,train
80020012,0,Megaptera novaeangliae,Humpback whale,80020,10240,2.822,0.0,14.72,train
80020013,0,Megaptera novaeangliae,Humpback whale,80020,10240,2.822,0.0,-16.16,train
80020014,0,Megaptera novaeangliae,Humpback whale,80020,10240,2.362,0.0,-11.64,train
80020015,0,Megaptera novaeangliae,Humpback whale,80020,10240,1.012,0.988,-11.57,train
80020016,0,Megaptera novaeangliae,Humpback whale,80020,10240,5.662,0.0,8.34,train
80020016,1,Megaptera novaeangliae,Humpback whale,80020,10240,5.662,0.0,-18.15,train
80020016,2,Megaptera novaeangliae,Humpback whale,80020,10240,5.662,0.0,-25.3,train
80020016,3,Megaptera novaeangliae,Humpback whale,80020,10240,5.662,0.0,-1.37,train
80020017,0,Megaptera novaeangliae,Humpback whale,80020,10240,2.034,0.0,-21.89,train
80020018,0,Megaptera novaeangliae,Humpback whale,80020,10240,2.831,0.0,-16.48,train
80020019,0,Megaptera novaeangliae,Humpback whale,80020,10240,1.139,0.861,-6.03,train
8002001B,0,Megaptera novaeangliae,Humpback whale,80020,10240,1.139,0.861,5.73,train
8002001C,0,Megaptera novaeangliae,Humpback whale,80020,10240,1.055,0.945,-18.08,train
8002001D,0,Megaptera novaeangliae,Humpback whale,80020,10240,1.055,0.945,-5.14,train
8002001E,0,Megaptera novaeangliae,Humpback whale,80020,10240,1.055,0.945,8.11,train
8002001F,0,Megaptera novaeangliae,Humpback whale,80020,10240,1.547,0.453,-15.11,train
8002001G,0,Megaptera novaeangliae,Humpback whale,80020,10240,1.791,0.209,-10.49,train
8002001H,0,Megaptera novaeangliae,Humpback whale,80020,10240,1.435,0.565,-1.59,train
8002001I,0,Megaptera novaeangliae,Humpback whale,80020,10240,1.613,0.388,-25.52,train
8002001J,0,Megaptera novaeangliae,Humpback whale,80020,10240,2.344,0.0,-13.64,train
8002001K,0,Megaptera novaeangliae,Humpback whale,80020,10240,1.884,0.116,18.24,train
8002001L,0,Megaptera novaeangliae,Humpback whale,80020,10240,1.884,0.116,11.32,train
8002001M,0,Megaptera novaeangliae,Humpback whale,80020,10240,1.668,0.332,-11.64,train
8002001N,0,Megaptera novaeangliae,Humpback whale,80020,10240,1.228,0.771,-14.23,train
8002001O,0,Megaptera novaeangliae,Humpback whale,80020,10240,1.669,0.331,-0.9,train
8002001P,0,Megaptera novaeangliae,Humpback whale,80020,10240,1.458,0.542,-14.97,train
8002001Q,0,Megaptera novaeangliae,Humpback whale,80020,10240,1.102,0.898,-14.27,train
8002001R,0,Megaptera novaeangliae,Humpback whale,80020,10240,1.842,0.158,11.25,train
8002001S,0,Megaptera novaeangliae,Humpback whale,80020,10240,1.988,0.012,-6.18,train
8002001T,0,Megaptera novaeangliae,Humpback whale,80020,10240,2.133,0.0,-15.26,train
8002001U,0,Megaptera novaeangliae,Humpback whale,80020,10240,2.536,0.0,-14.87,train
8002001W,0,Megaptera novaeangliae,Humpback whale,80020,10240,1.664,0.336,12.27,train
8002001X,0,Megaptera novaeangliae,Humpback whale,80020,10240,5.644,0.0,-1.11,train
8002001X,1,Megaptera novaeangliae,Humpback whale,80020,10240,5.644,0.0,3.78,train
8002001X,2,Megaptera novaeangliae,Humpback whale,80020,10240,5.644,0.0,15.65,train
8002001X,3,Megaptera novaeangliae,Humpback whale,80020,10240,5.644,0.0,-23.95,train
8002001Y,0,Megaptera novaeangliae,Humpback whale,80020,10240,2.822,0.0,-5.21,train
8002001Z,0,Megaptera novaeangliae,Humpback whale,80020,10240,5.644,0.0,-24.15,train
8002001Z,1,Megaptera novaeangliae,Humpback whale,80020,10240,5.644,0.0,-31.94,train
8002001Z,2,Megaptera novaeangliae,Humpback whale,80020,10240,5.644,0.0,-13.81,train
8002001Z,3,Megaptera novaeangliae,Humpback whale,80020,10240,5.644,0.0,-18.29,train
80020020,0,Megaptera novaeangliae,Humpback whale,80020,10240,5.644,0.0,9.75,train
80020020,1,Megaptera novaeangliae,Humpback whale,80020,10240,5.644,0.0,2.2,train
80020020,2,Megaptera novaeangliae,Humpback whale,80020,10240,5.644,0.0,-14.99,train
80020020,3,Megaptera novaeangliae,Humpback whale,80020,10240,5.644,0.0,9.26,train
80020021,0,Megaptera novaeangliae,Humpback whale,80020,10240,1.575,0.425,-14.6,train
81012003,0,Eubalaena glacialis,North Atlantic right whale,81012,14900,2.509,0.0,11.96,train
81013001,0,Eubalaena glacialis,North Atlantic right whale,81013,14900,2.537,0.0,25.21,train
81013002,0,Eubalaena glacialis,North Atlantic right whale,81013,14900,2.605,0.0,-2.72,train
81013003,0,Eubalaena glacialis,North Atlantic right whale,81013,14900,2.028,0.0,0.05,train
81013004,0,Eubalaena glacialis,North Atlantic right whale,81013,14900,1.827,0.173,9.8,train
81013005,0,Eubalaena glacialis,North Atlantic right whale,81013,14900,2.08,0.0,7.34,train
81013006,0,Eubalaena glacialis,North Atlantic right whale,81013,14900,1.943,0.057,8.02,train
81013007,0,Eubalaena glacialis,North Atlantic right whale,81013,14900,2.726,0.0,-12.38,train
81013008,0,Eubalaena glacialis,North Atlantic right whale,81013,14900,2.808,0.0,-17.28,train
81013009,0,Eubalaena glacialis,North Atlantic right whale,81013,14900,2.537,0.0,14.94,train
8101301A,0,Eubalaena glacialis,North Atlantic right whale,81013,14900,2.817,0.0,-4.76,train
8101301B,0,Eubalaena glacialis,North Atlantic right whale,81013,14900,3.01,0.0,-14.64,train
8101301B,1,Eubalaena glacialis,North Atlantic right whale,81013,14900,3.01,0.0,-5.43,train
8101301C,0,Eubalaena glacialis,North Atlantic right whale,81013,14900,2.943,0.0,13.95,train
8101301D,0,Eubalaena glacialis,North Atlantic right whale,81013,14900,3.45,0.0,-4.2,train
8101301D,1,Eubalaena glacialis,North Atlantic right whale,81013,14900,3.45,0.0,3.91,train
8101301E,0,Eubalaena glacialis,North Atlantic right whale,81013,14900,2.977,0.0,27.13,train
8101301F,0,Eubalaena glacialis,North Atlantic right whale,81013,14900,3.45,0.0,15.79,train
8101301F,1,Eubalaena glacialis,North Atlantic right whale,81013,14900,3.45,0.0,-1.05,train
8101301G,0,Eubalaena glacialis,North Atlantic right whale,81013,14900,3.247,0.0,-5.09,train
8101301G,1,Eubalaena glacialis,North Atlantic right whale,81013,14900,3.247,0.0,8.8,train
8101301H,0,Eubalaena glacialis,North Atlantic right whale,81013,14900,2.977,0.0,-6.12,train
8101301I,0,Eubalaena glacialis,North Atlantic right whale,81013,14900,2.943,0.0,13.32,train
8101301J,0,Eubalaena glacialis,North Atlantic right whale,81013,14900,2.706,0.0,-3.37,train
81014023,0,Eubalaena glacialis,North Atlantic right whale,81014,14900,2.394,0.0,8.41,train
81014025,0,Eubalaena glacialis,North Atlantic right whale,81014,14900,2.135,0.0,22.06,train
81014026,0,Eubalaena glacialis,North Atlantic right whale,81014,14900,2.292,0.0,-2.17,train
81014027,0,Eubalaena glacialis,North Atlantic right whale,81014,14900,1.871,0.129,12.46,train
81014029,0,Eubalaena glacialis,North Atlantic right whale,81014,14900,3.887,0.0,-15.42,train
81014029,1,Eubalaena glacialis,North Atlantic right whale,81014,14900,3.887,0.0,-13.75,train
8101402B,0,Eubalaena glacialis,North Atlantic right whale,81014,14900,3.133,0.0,-7.01,train
8101402B,1,Eubalaena glacialis,North Atlantic right whale,81014,14900,3.133,0.0,3.15,train
8101402E,0,Eubalaena glacialis,North Atlantic right whale,81014,14900,2.103,0.0,-4.45,train
8101402F,0,Eubalaena glacialis,North Atlantic right whale,81014,14900,2.329,0.0,-11.76,train
8101402I,0,Eubalaena glacialis,North Atlantic right whale,81014,14900,2.255,0.0,22.78,train
8101402K,0,Eubalaena glacialis,North Atlantic right whale,81014,14900,2.001,0.0,28.18,train
8101402L,0,Eubalaena glacialis,North Atlantic right whale,81014,14900,2.583,0.0,2.02,train
8101402N,0,Eubalaena glacialis,North Atlantic right whale,81014,14900,2.75,0.0,-8.42,train
8101402O,0,Eubalaena glacialis,North Atlantic right whale,81014,14900,2.361,0.0,-13.14,train
8101402R,0,Eubalaena glacialis,North Atlantic right whale,81014,14900,2.426,0.0,-9.75,train
8101402S,0,Eubalaena glacialis,North Atlantic right whale,81014,14900,3.131,0.0,-3.79,train
8101402S,1,Eubalaena glacialis,North Atlantic right whale,81014,14900,3.131,0.0,-2.72,train
8101402T,0,Eubalaena glacialis,North Atlantic right whale,81014,14900,3.036,0.0,6.16,train
8101402T,1,Eubalaena glacialis,North Atlantic right whale,81014,14900,3.036,0.0,-6.6,train
8101402U,0,Eubalaena glacialis,North Atlantic right whale,81014,14900,2.777,0.0,-2.04,train
81014030,0,Eubalaena glacialis,North Atlantic right whale,81014,14900,2.746,0.0,-9.7,train
81014031,0,Eubalaena glacialis,North Atlantic right whale,81014,14900,2.119,0.0,16.04,train
81014033,0,Eubalaena glacialis,North Atlantic right whale,81014,14900,2.419,0.0,-7.97,train
81014034,0,Eubalaena glacialis,North Atlantic right whale,81014,14900,3.002,0.0,1.7,train
81014034,1,Eubalaena glacialis,North Atlantic right whale,81014,14900,3.002,0.0,-5.49,train
81014035,0,Eubalaena glacialis,North Atlantic right whale,81014,14900,2.414,0.0,-10.82,train
81014036,0,Eubalaena glacialis,North Atlantic right whale,81014,14900,3.525,0.0,-7.24,train
81014036,1,Eubalaena glacialis,North Atlantic right whale,81014,14900,3.525,0.0,5.66,train
81014038,0,Eubalaena glacialis,North Atlantic right whale,81014,14900,2.35,0.0,17.46,train
8101403A,0,Eubalaena glacialis,North Atlantic right whale,81014,14900,2.811,0.0,-11.45,train
8101403B,0,Eubalaena glacialis,North Atlantic right whale,81014,14900,2.549,0.0,6.04,train
8101403E,0,Eubalaena glacialis,North Atlantic right whale,81014,14900,3.563,0.0,25.05,train
8101403E,1,Eubalaena glacialis,North Atlantic right whale,81014,14900,3.563,0.0,13.95,train
8101403F,0,Eubalaena glacialis,North Atlantic right whale,81014,14900,2.321,0.0,-4.76,train
8101403G,0,Eubalaena glacialis,North Atlantic right whale,81014,14900,2.223,0.0,-2.64,train
8101403I,0,Eubalaena glacialis,North Atlantic right whale,81014,14900,2.124,0.0,24.84,train
8101403K,0,Eubalaena glacialis,North Atlantic right whale,81014,14900,2.254,0.0,-5.09,train
8101403L,0,Eubalaena glacialis,North Atlantic right whale,81014,14900,1.735,0.265,-5.26,train
8101403M,0,Eubalaena glacialis,North Atlantic right whale,81014,14900,4.001,0.0,-11.57,train
8101403M,1,Eubalaena glacialis,North Atlantic right whale,81014,14900,4.001,0.0,-5.7,train
8101403M,2,Eubalaena glacialis,North Atlantic right whale,81014,14900,4.001,0.0,11.43,train
8101403N,0,Eubalaena glacialis,North Atlantic right whale,81014,14900,2.19,0.0,15.05,train
8101403R,0,Eubalaena glacialis,North Atlantic right whale,81014,14900,1.994,0.006,-11.25,train
8101403T,0,Eubalaena glacialis,North Atlantic right whale,81014,14900,1.928,0.071,-0.2,train
8101403U,0,Eubalaena glacialis,North Atlantic right whale,81014,14900,1.863,0.137,3.97,train
8101403V,0,Eubalaena glacialis,North Atlantic right whale,81014,14900,1.7,0.3,-1.41,train
8101403W,0,Eubalaena glacialis,North Atlantic right whale,81014,14900,2.255,0.0,6.32,train
8101403Y,0,Eubalaena glacialis,North Atlantic right whale,81014,14900,2.157,0.0,-0.14,train
8101403Z,0,Eubalaena glacialis,North Atlantic right whale,81014,14900,2.157,0.0,4.35,train
81014040,0,Eubalaena glacialis,North Atlantic right whale,81014,14900,1.994,0.006,-4.24,train
81014041,0,Eubalaena glacialis,North Atlantic right whale,81014,14900,1.863,0.137,-1.43,train
81015002,0,Eubalaena glacialis,North Atlantic right whale,81015,14900,2.613,0.0,-9.04,train
81015004,0,Eubalaena glacialis,North Atlantic right whale,81015,14900,2.235,0.0,22.46,train
81015005,0,Eubalaena glacialis,North Atlantic right whale,81015,14900,3.2,0.0,12.37,train
81015005,1,Eubalaena glacialis,North Atlantic right whale,81015,14900,3.2,0.0,-6.47,train
81015006,0,Eubalaena glacialis,North Atlantic right whale,81015,14900,2.707,0.0,0.06,train
81015007,0,Eubalaena glacialis,North Atlantic right whale,81015,14900,2.14,0.0,-15.37,train
81015008,0,Eubalaena glacialis,North Atlantic right whale,81015,14900,2.455,0.0,-5.89,train
81015009,0,Eubalaena glacialis,North Atlantic right whale,81015,14900,2.707,0.0,-16.77,train
8101500A,0,Eubalaena glacialis,North Atlantic right whale,81015,14900,2.896,0.0,2.36,train
8101500B,0,Eubalaena glacialis,North Atlantic right whale,81015,14900,3.525,0.0,12.47,train
8101500B,1,Eubalaena glacialis,North Atlantic right whale,81015,14900,3.525,0.0,-13.3,train
8101500C,0,Eubalaena glacialis,North Atlantic right whale,81015,14900,2.455,0.0,7.14,train
8101500D,0,Eubalaena glacialis,North Atlantic right whale,81015,14900,3.053,0.0,0.58,train
8101500D,1,Eubalaena glacialis,North Atlantic right whale,81015,14900,3.053,0.0,16.75,train
8101500F,0,Eubalaena glacialis,North Atlantic right whale,81015,14900,2.266,0.0,3.06,train
83002001,0,Eubalaena australis,Southern right whale,83002,5120,1.418,0.582,-36.28,test
83002002,0,Eubalaena australis,Southern right whale,83002,5120,1.418,0.582,-30.21,test
83002003,0,Eubalaena australis,Southern right whale,83002,5120,1.418,0.582,-23.31,test
83002004,0,Eubalaena australis,Southern right whale,83002,5120,1.418,0.582,-10.13,test
83002005,0,Eubalaena australis,Southern right whale,83002,5120,1.418,0.582,8.61,test
83002009,0,Eubalaena australis,Southern right whale,83002,5120,1.866,0.134,-1.09,test
8300200A,0,Eubalaena australis,Southern right whale,83002,5120,2.058,0.0,-20.1,test
8300200B,0,Eubalaena australis,Southern right whale,83002,5120,1.413,0.587,-17.48,test
8300200C,0,Eubalaena australis,Southern right whale,83002,5120,2.311,0.0,-13.08,test
8300200D,0,Eubalaena australis,Southern right whale,83002,5120,1.155,0.845,-30.21,test
86008001,0,Megaptera novaeangliae,Humpback whale,86008,14900,28.391,0.0,18.4,train
86008001,1,Megaptera novaeangliae,Humpback whale,86008,14900,28.391,0.0,-2.62,train
86008001,2,Megaptera novaeangliae,Humpback whale,86008,14900,28.391,0.0,13.58,train
86008001,3,Megaptera novaeangliae,Humpback whale,86008,14900,28.391,0.0,2.75,train
86008001,4,Megaptera novaeangliae,Humpback whale,86008,14900,28.391,0.0,-9.13,train
86008002,0,Megaptera novaeangliae,Humpback whale,86008,14900,9.025,0.0,-17.67,train
86008002,1,Megaptera novaeangliae,Humpback whale,86008,14900,9.025,0.0,19.39,train
86008002,2,Megaptera novaeangliae,Humpback whale,86008,14900,9.025,0.0,12.92,train
86008002,3,Megaptera novaeangliae,Humpback whale,86008,14900,9.025,0.0,-3.29,train
86008002,4,Megaptera novaeangliae,Humpback whale,86008,14900,9.025,0.0,-4.85,train
86008003,0,Megaptera novaeangliae,Humpback whale,86008,14900,19.194,0.0,-7.02,train
86008003,1,Megaptera novaeangliae,Humpback whale,86008,14900,19.194,0.0,-17.93,train
86008003,2,Megaptera novaeangliae,Humpback whale,86008,14900,19.194,0.0,17.71,train
86008003,3,Megaptera novaeangliae,Humpback whale,86008,14900,19.194,0.0,12.6,train
86008003,4,Megaptera novaeangliae,Humpback whale,86008,14900,19.194,0.0,8.61,train
86008005,0,Megaptera novaeangliae,Humpback whale,86008,14900,8.234,0.0,-8.54,train
86008005,1,Megaptera novaeangliae,Humpback whale,86008,14900,8.234,0.0,2.43,train
86008005,2,Megaptera novaeangliae,Humpback whale,86008,14900,8.234,0.0,-3.84,train
86008005,3,Megaptera novaeangliae,Humpback whale,86008,14900,8.234,0.0,-37.14,train
86008005,4,Megaptera novaeangliae,Humpback whale,86008,14900,8.234,0.0,-3.42,train
86008006,0,Megaptera novaeangliae,Humpback whale,86008,14900,8.971,0.0,13.76,train
86008006,1,Megaptera novaeangliae,Humpback whale,86008,14900,8.971,0.0,0.75,train
86008006,2,Megaptera novaeangliae,Humpback whale,86008,14900,8.971,0.0,-13.96,train
86008006,3,Megaptera novaeangliae,Humpback whale,86008,14900,8.971,0.0,8.03,train
86008006,4,Megaptera novaeangliae,Humpback whale,86008,14900,8.971,0.0,-3.54,train
86008007,0,Megaptera novaeangliae,Humpback whale,86008,14900,2.012,0.0,8.73,train
86008008,0,Megaptera novaeangliae,Humpback whale,86008,14900,2.285,0.0,5.18,train
86008009,0,Megaptera novaeangliae,Humpback whale,86008,14900,1.338,0.661,-11.58,train
8600800A,0,Megaptera novaeangliae,Humpback whale,86008,14900,3.881,0.0,-7.75,train
8600800A,1,Megaptera novaeangliae,Humpback whale,86008,14900,3.881,0.0,-17.52,train
8600800B,0,Megaptera novaeangliae,Humpback whale,86008,14900,2.674,0.0,2.81,train
8600800C,0,Megaptera novaeangliae,Humpback whale,86008,14900,1.089,0.911,-0.26,train
8600800D,0,Megaptera novaeangliae,Humpback whale,86008,14900,3.913,0.0,-8.29,train
8600800D,1,Megaptera novaeangliae,Humpback whale,86008,14900,3.913,0.0,-0.35,train
8600800E,0,Megaptera novaeangliae,Humpback whale,86008,14900,4.799,0.0,-3.7,train
8600800E,1,Megaptera novaeangliae,Humpback whale,86008,14900,4.799,0.0,18.92,train
8600800E,2,Megaptera novaeangliae,Humpback whale,86008,14900,4.799,0.0,5.78,train
8600800F,0,Megaptera novaeangliae,Humpback whale,86008,14900,4.986,0.0,4.37,train
8600800F,1,Megaptera novaeangliae,Humpback whale,86008,14900,4.986,0.0,8.56,train
8600800F,2,Megaptera novaeangliae,Humpback whale,86008,14900,4.986,0.0,2.21,train
8600800G,0,Megaptera novaeangliae,Humpback whale,86008,14900,8.442,0.0,-6.19,train
8600800G,1,Megaptera novaeangliae,Humpback whale,86008,14900,8.442,0.0,15.47,train
8600800G,2,Megaptera novaeangliae,Humpback whale,86008,14900,8.442,0.0,-10.24,train
8600800G,3,Megaptera novaeangliae,Humpback whale,86008,14900,8.442,0.0,8.48,train
8600800G,4,Megaptera novaeangliae,Humpback whale,86008,14900,8.442,0.0,-2.57,train
8600800H,0,Megaptera novaeangliae,Humpback whale,86008,14900,10.056,0.0,0.67,train
8600800H,1,Megaptera novaeangliae,Humpback whale,86008,14900,10.056,0.0,2.43,train
8600800H,2,Megaptera novaeangliae,Humpback whale,86008,14900,10.056,0.0,17.33,train
8600800H,3,Megaptera novaeangliae,Humpback whale,86008,14900,10.056,0.0,-4.56,train
8600800H,4,Megaptera novaeangliae,Humpback whale,86008,14900,10.056,0.0,13.76,train
8600800I,0,Megaptera novaeangliae,Humpback whale,86008,14900,4.806,0.0,24.72,train
8600800I,1,Megaptera novaeangliae,Humpback whale,86008,14900,4.806,0.0,-6.76,train
8600800I,2,Megaptera novaeangliae,Humpback whale,86008,14900,4.806,0.0,7.56,train
8600800J,0,Megaptera novaeangliae,Humpback whale,86008,14900,4.615,0.0,-8.28,train
8600800J,1,Megaptera novaeangliae,Humpback whale,86008,14900,4.615,0.0,-8.22,train
8600800J,2,Megaptera novaeangliae,Humpback whale,86008,14900,4.615,0.0,18.86,train
8600800K,0,Megaptera novaeangliae,Humpback whale,86008,14900,4.539,0.0,10.44,train
8600800K,1,Megaptera novaeangliae,Humpback whale,86008,14900,4.539,0.0,-17.04,train
8600800K,2,Megaptera novaeangliae,Humpback whale,86008,14900,4.539,0.0,-3.04,train
8600800L,0,Megaptera novaeangliae,Humpback whale,86008,14900,16.504,0.0,19.42,train
8600800L,1,Megaptera novaeangliae,Humpback whale,86008,14900,16.504,0.0,-14.74,train
8600800L,2,Megaptera novaeangliae,Humpback whale,86008,14900,16.504,0.0,2.46,train
8600800L,3,Megaptera novaeangliae,Humpback whale,86008,14900,16.504,0.0,6.52,train
8600800L,4,Megaptera novaeangliae,Humpback whale,86008,14900,16.504,0.0,19.61,train
8600800M,0,Megaptera novaeangliae,Humpback whale,86008,14900,11.099,0.0,-2.01,train
8600800M,1,Megaptera novaeangliae,Humpback whale,86008,14900,11.099,0.0,7.46,train
8600800M,2,Megaptera novaeangliae,Humpback whale,86008,14900,11.099,0.0,-16.84,train
8600800M,3,Megaptera novaeangliae,Humpback whale,86008,14900,11.099,0.0,15.9,train
8600800M,4,Megaptera novaeangliae,Humpback whale,86008,14900,11.099,0.0,5.05,train
8600800N,0,Megaptera novaeangliae,Humpback whale,86008,14900,11.122,0.0,-13.11,train
8600800N,1,Megaptera novaeangliae,Humpback whale,86008,14900,11.122,0.0,6.66,train
8600800N,2,Megaptera novaeangliae,Humpback whale,86008,14900,11.122,0.0,2.15,train
8600800N,3,Megaptera novaeangliae,Humpback whale,86008,14900,11.122,0.0,-12.11,train
8600800N,4,Megaptera novaeangliae,Humpback whale,86008,14900,11.122,0.0,-35.3,train
8600800O,0,Megaptera novaeangliae,Humpback whale,86008,14900,25.962,0.0,-11.44,train
8600800O,1,Megaptera novaeangliae,Humpback whale,86008,14900,25.962,0.0,-23.69,train
8600800O,2,Megaptera novaeangliae,Humpback whale,86008,14900,25.962,0.0,-17.25,train
8600800O,3,Megaptera novaeangliae,Humpback whale,86008,14900,25.962,0.0,-8.78,train
8600800O,4,Megaptera novaeangliae,Humpback whale,86008,14900,25.962,0.0,-1.81,train
8600800Q,0,Megaptera novaeangliae,Humpback whale,86008,14900,10.826,0.0,-24.62,train
8600800Q,1,Megaptera novaeangliae,Humpback whale,86008,14900,10.826,0.0,1.58,train
8600800Q,2,Megaptera novaeangliae,Humpback whale,86008,14900,10.826,0.0,-14.47,train
8600800Q,3,Megaptera novaeangliae,Humpback whale,86008,14900,10.826,0.0,-14.94,train
8600800Q,4,Megaptera novaeangliae,Humpback whale,86008,14900,10.826,0.0,17.09,train
8600800R,0,Megaptera novaeangliae,Humpback whale,86008,14900,9.679,0.0,7.69,train
8600800R,1,Megaptera novaeangliae,Humpback whale,86008,14900,9.679,0.0,-13.94,train
8600800R,2,Megaptera novaeangliae,Humpback whale,86008,14900,9.679,0.0,-6.44,train
8600800R,3,Megaptera novaeangliae,Humpback whale,86008,14900,9.679,0.0,-11.5,train
8600800R,4,Megaptera novaeangliae,Humpback whale,86008,14900,9.679,0.0,-10.04,train
8600800S,0,Megaptera novaeangliae,Humpback whale,86008,14900,10.941,0.0,-17.67,train
8600800S,1,Megaptera novaeangliae,Humpback whale,86008,14900,10.941,0.0,-13.08,train
8600800S,2,Megaptera novaeangliae,Humpback whale,86008,14900,10.941,0.0,18.36,train
8600800S,3,Megaptera novaeangliae,Humpback whale,86008,14900,10.941,0.0,-3.88,train
8600800S,4,Megaptera novaeangliae,Humpback whale,86008,14900,10.941,0.0,-1.04,train
8600800T,0,Megaptera novaeangliae,Humpback whale,86008,14900,9.525,0.0,-1.75,train
8600800T,1,Megaptera novaeangliae,Humpback whale,86008,14900,9.525,0.0,17.92,train
8600800T,2,Megaptera novaeangliae,Humpback whale,86008,14900,9.525,0.0,-17.36,train
8600800T,3,Megaptera novaeangliae,Humpback whale,86008,14900,9.525,0.0,13.92,train
8600800T,4,Megaptera novaeangliae,Humpback whale,86008,14900,9.525,0.0,-0.85,train
8600800U,0,Megaptera novaeangliae,Humpback whale,86008,14900,10.802,0.0,-5.26,train
8600800U,1,Megaptera novaeangliae,Humpback whale,86008,14900,10.802,0.0,-0.82,train
8600800U,2,Megaptera novaeangliae,Humpback whale,86008,14900,10.802,0.0,10.14,train
8600800U,3,Megaptera novaeangliae,Humpback whale,86008,14900,10.802,0.0,-23.36,train
8600800U,4,Megaptera novaeangliae,Humpback whale,86008,14900,10.802,0.0,-28.23,train
8600800V,0,Megaptera novaeangliae,Humpback whale,86008,14900,9.25,0.0,-16.47,train
8600800V,1,Megaptera novaeangliae,Humpback whale,86008,14900,9.25,0.0,15.12,train
8600800V,2,Megaptera novaeangliae,Humpback whale,86008,14900,9.25,0.0,-16.37,train
8600800V,3,Megaptera novaeangliae,Humpback whale,86008,14900,9.25,0.0,-3.04,train
8600800V,4,Megaptera novaeangliae,Humpback whale,86008,14900,9.25,0.0,-10.0,train
8600800W,0,Megaptera novaeangliae,Humpback whale,86008,14900,10.727,0.0,-16.0,train
8600800W,1,Megaptera novaeangliae,Humpback whale,86008,14900,10.727,0.0,-1.29,train
8600800W,2,Megaptera novaeangliae,Humpback whale,86008,14900,10.727,0.0,-1.35,train
8600800W,3,Megaptera novaeangliae,Humpback whale,86008,14900,10.727,0.0,-2.37,train
8600800W,4,Megaptera novaeangliae,Humpback whale,86008,14900,10.727,0.0,-8.05,train
8600800X,0,Megaptera novaeangliae,Humpback whale,86008,14900,10.057,0.0,5.01,train
8600800X,1,Megaptera novaeangliae,Humpback whale,86008,14900,10.057,0.0,-14.33,train
8600800X,2,Megaptera novaeangliae,Humpback whale,86008,14900,10.057,0.0,-15.99,train
8600800X,3,Megaptera novaeangliae,Humpback whale,86008,14900,10.057,0.0,-0.13,train
8600800X,4,Megaptera novaeangliae,Humpback whale,86008,14900,10.057,0.0,-10.82,train
8600800Y,0,Megaptera novaeangliae,Humpback whale,86008,14900,10.906,0.0,-9.15,train
8600800Y,1,Megaptera novaeangliae,Humpback whale,86008,14900,10.906,0.0,-6.59,train
8600800Y,2,Megaptera novaeangliae,Humpback whale,86008,14900,10.906,0.0,-20.04,train
8600800Y,3,Megaptera novaeangliae,Humpback whale,86008,14900,10.906,0.0,-0.3,train
8600800Y,4,Megaptera novaeangliae,Humpback whale,86008,14900,10.906,0.0,8.44,train
8600800Z,0,Megaptera novaeangliae,Humpback whale,86008,14900,10.119,0.0,12.55,train
8600800Z,1,Megaptera novaeangliae,Humpback whale,86008,14900,10.119,0.0,-16.08,train
8600800Z,2,Megaptera novaeangliae,Humpback whale,86008,14900,10.119,0.0,-10.18,train
8600800Z,3,Megaptera novaeangliae,Humpback whale,86008,14900,10.119,0.0,-11.27,train
8600800Z,4,Megaptera novaeangliae,Humpback whale,86008,14900,10.119,0.0,12.44,train
86008010,0,Megaptera novaeangliae,Humpback whale,86008,14900,12.292,0.0,3.02,train
86008010,1,Megaptera novaeangliae,Humpback whale,86008,14900,12.292,0.0,-5.35,train
86008010,2,Megaptera novaeangliae,Humpback whale,86008,14900,12.292,0.0,17.68,train
86008010,3,Megaptera novaeangliae,Humpback whale,86008,14900,12.292,0.0,0.56,train
86008010,4,Megaptera novaeangliae,Humpback whale,86008,14900,12.292,0.0,-14.09,train
86008011,0,Megaptera novaeangliae,Humpback whale,86008,14900,8.988,0.0,-8.49,train
86008011,1,Megaptera novaeangliae,Humpback whale,86008,14900,8.988,0.0,14.03,train
86008011,2,Megaptera novaeangliae,Humpback whale,86008,14900,8.988,0.0,-16.61,train
86008011,3,Megaptera novaeangliae,Humpback whale,86008,14900,8.988,0.0,20.15,train
86008011,4,Megaptera novaeangliae,Humpback whale,86008,14900,8.988,0.0,15.78,train
86008012,0,Megaptera novaeangliae,Humpback whale,86008,14900,10.181,0.0,-10.66,train
86008012,1,Megaptera novaeangliae,Humpback whale,86008,14900,10.181,0.0,-10.75,train
86008012,2,Megaptera novaeangliae,Humpback whale,86008,14900,10.181,0.0,9.28,train
86008012,3,Megaptera novaeangliae,Humpback whale,86008,14900,10.181,0.0,-16.53,train
86008012,4,Megaptera novaeangliae,Humpback whale,86008,14900,10.181,0.0,20.22,train
86008013,0,Megaptera novaeangliae,Humpback whale,86008,14900,10.168,0.0,-3.34,train
86008013,1,Megaptera novaeangliae,Humpback whale,86008,14900,10.168,0.0,0.78,train
86008013,2,Megaptera novaeangliae,Humpback whale,86008,14900,10.168,0.0,-18.3,train
86008013,3,Megaptera novaeangliae,Humpback whale,86008,14900,10.168,0.0,-15.18,train
86008013,4,Megaptera novaeangliae,Humpback whale,86008,14900,10.168,0.0,-3.93,train
86008014,0,Megaptera novaeangliae,Humpback whale,86008,14900,13.428,0.0,-8.4,train
86008014,1,Megaptera novaeangliae,Humpback whale,86008,14900,13.428,0.0,12.91,train
86008014,2,Megaptera novaeangliae,Humpback whale,86008,14900,13.428,0.0,11.7,train
86008014,3,Megaptera novaeangliae,Humpback whale,86008,14900,13.428,0.0,1.47,train
86008014,4,Megaptera novaeangliae,Humpback whale,86008,14900,13.428,0.0,20.81,train
86008015,0,Megaptera novaeangliae,Humpback whale,86008,14900,14.203,0.0,-12.03,train
86008015,1,Megaptera novaeangliae,Humpback whale,86008,14900,14.203,0.0,-6.49,train
86008015,2,Megaptera novaeangliae,Humpback whale,86008,14900,14.203,0.0,5.83,train
86008015,3,Megaptera novaeangliae,Humpback whale,86008,14900,14.203,0.0,6.64,train
86008015,4,Megaptera novaeangliae,Humpback whale,86008,14900,14.203,0.0,-4.68,train
86008016,0,Megaptera novaeangliae,Humpback whale,86008,14900,5.549,0.0,15.6,train
86008016,1,Megaptera novaeangliae,Humpback whale,86008,14900,5.549,0.0,18.32,train
86008016,2,Megaptera novaeangliae,Humpback whale,86008,14900,5.549,0.0,25.49,train
86008016,3,Megaptera novaeangliae,Humpback whale,86008,14900,5.549,0.0,-12.15,train
86008017,0,Megaptera novaeangliae,Humpback whale,86008,14900,7.308,0.0,-15.13,train
86008017,1,Megaptera novaeangliae,Humpback whale,86008,14900,7.308,0.0,-7.92,train
86008017,2,Megaptera novaeangliae,Humpback whale,86008,14900,7.308,0.0,6.01,train
86008017,3,Megaptera novaeangliae,Humpback whale,86008,14900,7.308,0.0,-0.47,train
86008017,4,Megaptera novaeangliae,Humpback whale,86008,14900,7.308,0.0,-32.44,train
86008018,0,Megaptera novaeangliae,Humpback whale,86008,14900,8.154,0.0,-6.61,train
86008018,1,Megaptera novaeangliae,Humpback whale,86008,14900,8.154,0.0,17.19,train
86008018,2,Megaptera novaeangliae,Humpback whale,86008,14900,8.154,0.0,-13.73,train
86008018,3,Megaptera novaeangliae,Humpback whale,86008,14900,8.154,0.0,-9.31,train
86008018,4,Megaptera novaeangliae,Humpback whale,86008,14900,8.154,0.0,12.24,train
86008019,0,Megaptera novaeangliae,Humpback whale,86008,14900,13.124,0.0,9.64,train
86008019,1,Megaptera novaeangliae,Humpback whale,86008,14900,13.124,0.0,-12.73,train
86008019,2,Megaptera novaeangliae,Humpback whale,86008,14900,13.124,0.0,-16.33,train
86008019,3,Megaptera novaeangliae,Humpback whale,86008,14900,13.124,0.0,-4.23,train
86008019,4,Megaptera novaeangliae,Humpback whale,86008,14900,13.124,0.0,-19.23,train
8600801A,0,Megaptera novaeangliae,Humpback whale,86008,14900,5.4,0.0,6.6,train
8600801A,1,Megaptera novaeangliae,Humpback whale,86008,14900,5.4,0.0,-15.22,train
8600801A,2,Megaptera novaeangliae,Humpback whale,86008,14900,5.4,0.0,18.21,train
8600801A,3,Megaptera novaeangliae,Humpback whale,86008,14900,5.4,0.0,3.13,train
8600801B,0,Megaptera novaeangliae,Humpback whale,86008,14900,10.743,0.0,-19.79,train
8600801B,1,Megaptera novaeangliae,Humpback whale,86008,14900,10.743,0.0,-10.15,train
8600801B,2,Megaptera novaeangliae,Humpback whale,86008,14900,10.743,0.0,22.36,train
8600801B,3,Megaptera novaeangliae,Humpback whale,86008,14900,10.743,0.0,19.4,train
8600801B,4,Megaptera novaeangliae,Humpback whale,86008,14900,10.743,0.0,10.86,train
8600801C,0,Megaptera novaeangliae,Humpback whale,86008,14900,10.181,0.0,-16.84,train
8600801C,1,Megaptera novaeangliae,Humpback whale,86008,14900,10.181,0.0,-9.81,train
8600801C,2,Megaptera novaeangliae,Humpback whale,86008,14900,10.181,0.0,-11.59,train
8600801C,3,Megaptera novaeangliae,Humpback whale,86008,14900,10.181,0.0,3.06,train
8600801C,4,Megaptera novaeangliae,Humpback whale,86008,14900,10.181,0.0,-2.33,train
8600801D,0,Megaptera novaeangliae,Humpback whale,86008,14900,2.143,0.0,-9.04,train
8600801E,0,Megaptera novaeangliae,Humpback whale,86008,14900,4.47,0.0,-34.59,train
8600801E,1,Megaptera novaeangliae,Humpback whale,86008,14900,4.47,0.0,20.33,train
8600801E,2,Megaptera novaeangliae,Humpback whale,86008,14900,4.47,0.0,-10.04,train
8600801F,0,Megaptera novaeangliae,Humpback whale,86008,14900,5.402,0.0,13.62,train
8600801F,1,Megaptera novaeangliae,Humpback whale,86008,14900,5.402,0.0,-10.09,train
8600801F,2,Megaptera novaeangliae,Humpback whale,86008,14900,5.402,0.0,-6.18,train
8600801F,3,Megaptera novaeangliae,Humpback whale,86008,14900,5.402,0.0,-23.67,train
8600801G,0,Megaptera novaeangliae,Humpback whale,86008,14900,4.827,0.0,4.13,train
8600801G,1,Megaptera novaeangliae,Humpback whale,86008,14900,4.827,0.0,8.67,train
8600801G,2,Megaptera novaeangliae,Humpback whale,86008,14900,4.827,0.0,-13.99,train
8600801H,0,Megaptera novaeangliae,Humpback whale,86008,14900,11.069,0.0,2.49,train
8600801H,1,Megaptera novaeangliae,Humpback whale,86008,14900,11.069,0.0,19.07,train
8600801H,2,Megaptera novaeangliae,Humpback whale,86008,14900,11.069,0.0,-6.69,train
8600801H,3,Megaptera novaeangliae,Humpback whale,86008,14900,11.069,0.0,12.28,train
8600801H,4,Megaptera novaeangliae,Humpback whale,86008,14900,11.069,0.0,9.45,train
8600801I,0,Megaptera novaeangliae,Humpback whale,86008,14900,12.664,0.0,-10.48,train
8600801I,1,Megaptera novaeangliae,Humpback whale,86008,14900,12.664,0.0,17.28,train
8600801I,2,Megaptera novaeangliae,Humpback whale,86008,14900,12.664,0.0,-18.27,train
8600801I,3,Megaptera novaeangliae,Humpback whale,86008,14900,12.664,0.0,-12.56,train
8600801I,4,Megaptera novaeangliae,Humpback whale,86008,14900,12.664,0.0,-0.99,train
8600801J,0,Megaptera novaeangliae,Humpback whale,86008,14900,4.853,0.0,8.44,train
8600801J,1,Megaptera novaeangliae,Humpback whale,86008,14900,4.853,0.0,-2.05,train
8600801J,2,Megaptera novaeangliae,Humpback whale,86008,14900,4.853,0.0,-1.82,train
8600801K,0,Megaptera novaeangliae,Humpback whale,86008,14900,2.279,0.0,-4.91,train
8600801L,0,Megaptera novaeangliae,Humpback whale,86008,14900,1.736,0.264,0.21,train
8600801M,0,Megaptera novaeangliae,Humpback whale,86008,14900,1.589,0.41,-18.94,train
8600801N,0,Megaptera novaeangliae,Humpback whale,86008,14900,1.496,0.504,-9.52,train
8600801O,0,Megaptera novaeangliae,Humpback whale,86008,14900,4.754,0.0,3.58,train
8600801O,1,Megaptera novaeangliae,Humpback whale,86008,14900,4.754,0.0,-0.03,train
8600801O,2,Megaptera novaeangliae,Humpback whale,86008,14900,4.754,0.0,3.85,train
8600801P,0,Megaptera novaeangliae,Humpback whale,86008,14900,2.191,0.0,-5.79,train
8600801Q,0,Megaptera novaeangliae,Humpback whale,86008,14900,2.022,0.0,-0.8,train
8600801R,0,Megaptera novaeangliae,Humpback whale,86008,14900,2.004,0.0,-14.83,train
8600801S,0,Megaptera novaeangliae,Humpback whale,86008,14900,13.534,0.0,19.07,train
8600801S,1,Megaptera novaeangliae,Humpback whale,86008,14900,13.534,0.0,12.06,train
8600801S,2,Megaptera novaeangliae,Humpback whale,86008,14900,13.534,0.0,-3.41,train
8600801S,3,Megaptera novaeangliae,Humpback whale,86008,14900,13.534,0.0,0.69,train
8600801S,4,Megaptera novaeangliae,Humpback whale,86008,14900,13.534,0.0,-15.13,train
8600801T,0,Megaptera novaeangliae,Humpback whale,86008,14900,13.223,0.0,10.55,train
8600801T,1,Megaptera novaeangliae,Humpback whale,86008,14900,13.223,0.0,-7.21,train
8600801T,2,Megaptera novaeangliae,Humpback whale,86008,14900,13.223,0.0,-11.73,train
8600801T,3,Megaptera novaeangliae,Humpback whale,86008,14900,13.223,0.0,18.51,train
8600801T,4,Megaptera novaeangliae,Humpback whale,86008,14900,13.223,0.0,1.91,train
8600801U,0,Megaptera novaeangliae,Humpback whale,86008,14900,4.369,0.0,7.48,train
8600801U,1,Megaptera novaeangliae,Humpback whale,86008,14900,4.369,0.0,-0.83,train
8600801U,2,Megaptera novaeangliae,Humpback whale,86008,14900,4.369,0.0,-11.05,train
8600801V,0,Megaptera novaeangliae,Humpback whale,86008,14900,9.653,0.0,-2.23,train
8600801V,1,Megaptera novaeangliae,Humpback whale,86008,14900,9.653,0.0,-6.65,train
8600801V,2,Megaptera novaeangliae,Humpback whale,86008,14900,9.653,0.0,3.61,train
8600801V,3,Megaptera novaeangliae,Humpback whale,86008,14900,9.653,0.0,3.32,train
8600801V,4,Megaptera novaeangliae,Humpback whale,86008,14900,9.653,0.0,7.64,train
8600801W,0,Megaptera novaeangliae,Humpback whale,86008,14900,4.005,0.0,-5.88,train
8600801W,1,Megaptera novaeangliae,Humpback whale,86008,14900,4.005,0.0,-17.36,train
8600801W,2,Megaptera novaeangliae,Humpback whale,86008,14900,4.005,0.0,17.84,train
8600801X,0,Megaptera novaeangliae,Humpback whale,86008,14900,2.111,0.0,1.72,train
8600801Y,0,Megaptera novaeangliae,Humpback whale,86008,14900,1.815,0.184,-4.9,train
8600801Z,0,Megaptera novaeangliae,Humpback whale,86008,14900,2.638,0.0,1.16,train
86008020,0,Megaptera novaeangliae,Humpback whale,86008,14900,2.207,0.0,-6.73,train
86008021,0,Megaptera novaeangliae,Humpback whale,86008,14900,1.405,0.595,10.85,train
86008022,0,Megaptera novaeangliae,Humpback whale,86008,14900,6.677,0.0,-1.82,train
86008022,1,Megaptera novaeangliae,Humpback whale,86008,14900,6.677,0.0,2.86,train
86008022,2,Megaptera novaeangliae,Humpback whale,86008,14900,6.677,0.0,16.4,train
86008022,3,Megaptera novaeangliae,Humpback whale,86008,14900,6.677,0.0,2.78,train
86008022,4,Megaptera novaeangliae,Humpback whale,86008,14900,6.677,0.0,-14.05,train
86008023,0,Megaptera novaeangliae,Humpback whale,86008,14900,1.056,0.944,-19.96,train
86008025,0,Megaptera novaeangliae,Humpback whale,86008,14900,1.027,0.973,10.3,train
86008026,0,Megaptera novaeangliae,Humpback whale,86008,14900,1.705,0.294,-23.09,train
86008027,0,Megaptera novaeangliae,Humpback whale,86008,14900,3.194,0.0,16.4,train
86008027,1,Megaptera novaeangliae,Humpback whale,86008,14900,3.194,0.0,4.9,train
86008028,0,Megaptera novaeangliae,Humpback whale,86008,14900,1.263,0.737,-18.34,train
8600802A,0,Megaptera novaeangliae,Humpback whale,86008,14900,0.961,1.038,-13.91,train
8600802B,0,Megaptera novaeangliae,Humpback whale,86008,14900,0.81,1.19,-2.2,train
8600802D,0,Megaptera novaeangliae,Humpback whale,86008,14900,1.225,0.775,-12.48,train
8600802E,0,Megaptera novaeangliae,Humpback whale,86008,14900,3.09,0.0,11.99,train
8600802E,1,Megaptera novaeangliae,Humpback whale,86008,14900,3.09,0.0,3.38,train
8600802F,0,Megaptera novaeangliae,Humpback whale,86008,14900,1.781,0.218,19.65,train
8600802G,0,Megaptera novaeangliae,Humpback whale,86008,14900,1.332,0.668,-15.89,train
8600802H,0,Megaptera novaeangliae,Humpback whale,86008,14900,1.119,0.88,-4.81,train
8600802I,0,Megaptera novaeangliae,Humpback whale,86008,14900,3.894,0.0,-10.52,train
8600802I,1,Megaptera novaeangliae,Humpback whale,86008,14900,3.894,0.0,-16.77,train
8600802J,0,Megaptera novaeangliae,Humpback whale,86008,14900,1.297,0.703,-6.06,train
8600802K,0,Megaptera novaeangliae,Humpback whale,86008,14900,2.541,0.0,10.56,train
8600802L,0,Megaptera novaeangliae,Humpback whale,86008,14900,1.898,0.102,3.79,train
8600802M,0,Megaptera novaeangliae,Humpback whale,86008,14900,5.015,0.0,-12.53,train
8600802M,1,Megaptera novaeangliae,Humpback whale,86008,14900,5.015,0.0,5.88,train
8600802M,2,Megaptera novaeangliae,Humpback whale,86008,14900,5.015,0.0,-4.9,train
8600802M,3,Megaptera novaeangliae,Humpback whale,86008,14900,5.015,0.0,21.56,train
8600802N,0,Megaptera novaeangliae,Humpback whale,86008,14900,1.309,0.691,12.76,train
8600802O,0,Megaptera novaeangliae,Humpback whale,86008,14900,1.067,0.932,25.2,train
8600802P,0,Megaptera novaeangliae,Humpback whale,86008,14900,3.954,0.0,-2.35,train
8600802P,1,Megaptera novaeangliae,Humpback whale,86008,14900,3.954,0.0,-8.7,train
8600802Q,0,Megaptera novaeangliae,Humpback whale,86008,14900,3.238,0.0,-19.59,train
8600802Q,1,Megaptera novaeangliae,Humpback whale,86008,14900,3.238,0.0,0.94,train
8600802R,0,Megaptera novaeangliae,Humpback whale,86008,14900,0.919,1.081,-5.67,train
8600802S,0,Megaptera novaeangliae,Humpback whale,86008,14900,1.368,0.632,-17.31,train
8600802T,0,Megaptera novaeangliae,Humpback whale,86008,14900,1.506,0.494,19.74,train
8600802U,0,Megaptera novaeangliae,Humpback whale,86008,14900,3.005,0.0,-5.14,train
8600802U,1,Megaptera novaeangliae,Humpback whale,86008,14900,3.005,0.0,-12.94,train
8600802V,0,Megaptera novaeangliae,Humpback whale,86008,14900,1.18,0.82,2.82,train
8600802W,0,Megaptera novaeangliae,Humpback whale,86008,14900,0.929,1.071,1.29,train
8600802X,0,Megaptera novaeangliae,Humpback whale,86008,14900,2.572,0.0,10.5,train
8600802Y,0,Megaptera novaeangliae,Humpback whale,86008,14900,3.941,0.0,-7.81,train
8600802Y,1,Megaptera novaeangliae,Humpback whale,86008,14900,3.941,0.0,-6.79,train
8600802Z,0,Megaptera novaeangliae,Humpback whale,86008,14900,1.001,0.999,-6.1,train
86008030,0,Megaptera novaeangliae,Humpback whale,86008,14900,0.92,1.08,-4.06,train
86008031,0,Megaptera novaeangliae,Humpback whale,86008,14900,1.916,0.084,2.59,train
86008032,0,Megaptera novaeangliae,Humpback whale,86008,14900,1.447,0.552,27.5,train
86008033,0,Megaptera novaeangliae,Humpback whale,86008,14900,2.963,0.0,11.85,train
86008034,0,Megaptera novaeangliae,Humpback whale,86008,14900,1.042,0.958,17.59,train
86008035,0,Megaptera novaeangliae,Humpback whale,86008,14900,1.015,0.985,30.01,train
86008036,0,Megaptera novaeangliae,Humpback whale,86008,14900,2.235,0.0,-1.87,train
86008037,0,Megaptera novaeangliae,Humpback whale,86008,14900,1.621,0.379,-3.6,train
86008038,0,Megaptera novaeangliae,Humpback whale,86008,14900,3.912,0.0,3.42,train
86008038,1,Megaptera novaeangliae,Humpback whale,86008,14900,3.912,0.0,5.37,train
86008039,0,Megaptera novaeangliae,Humpback whale,86008,14900,1.43,0.57,-7.49,train
8600803A,0,Megaptera novaeangliae,Humpback whale,86008,14900,2.493,0.0,-14.32,train
8600803B,0,Megaptera novaeangliae,Humpback whale,86008,14900,3.082,0.0,6.44,train
8600803B,1,Megaptera novaeangliae,Humpback whale,86008,14900,3.082,0.0,-20.99,train
8600803C,0,Megaptera novaeangliae,Humpback whale,86008,14900,1.977,0.023,-1.13,train
8600803D,0,Megaptera novaeangliae,Humpback whale,86008,14900,3.169,0.0,22.36,train
8600803D,1,Megaptera novaeangliae,Humpback whale,86008,14900,3.169,0.0,0.05,train
8600803E,0,Megaptera novaeangliae,Humpback whale,86008,14900,2.702,0.0,6.99,train
8600803F,0,Megaptera novaeangliae,Humpback whale,86008,14900,1.579,0.42,7.2,train
8600803G,0,Megaptera novaeangliae,Humpback whale,86008,14900,1.947,0.053,-8.74,train
8600803H,0,Megaptera novaeangliae,Humpback whale,86008,14900,2.434,0.0,-6.43,train
8600803I,0,Megaptera novaeangliae,Humpback whale,86008,14900,2.761,0.0,-7.92,train
8600803J,0,Megaptera novaeangliae,Humpback whale,86008,14900,1.609,0.391,12.0,train
8600803K,0,Megaptera novaeangliae,Humpback whale,86008,14900,3.198,0.0,26.55,train
8600803K,1,Megaptera novaeangliae,Humpback whale,86008,14900,3.198,0.0,-11.51,train
8600803L,0,Megaptera novaeangliae,Humpback whale,86008,14900,2.722,0.0,-2.9,train
8600803M,0,Megaptera novaeangliae,Humpback whale,86008,14900,1.361,0.639,9.59,train
8600803N,0,Megaptera novaeangliae,Humpback whale,86008,14900,3.519,0.0,-8.98,train
8600803N,1,Megaptera novaeangliae,Humpback whale,86008,14900,3.519,0.0,-19.05,train
8600803O,0,Megaptera novaeangliae,Humpback whale,86008,14900,2.397,0.0,-11.22,train
8600803P,0,Megaptera novaeangliae,Humpback whale,86008,14900,1.586,0.413,5.19,train
8600803Q,0,Megaptera novaeangliae,Humpback whale,86008,14900,5.133,0.0,9.96,train
8600803Q,1,Megaptera novaeangliae,Humpback whale,86008,14900,5.133,0.0,5.28,train
8600803Q,2,Megaptera novaeangliae,Humpback whale,86008,14900,5.133,0.0,7.22,train
8600803Q,3,Megaptera novaeangliae,Humpback whale,86008,14900,5.133,0.0,6.43,train
8600803R,0,Megaptera novaeangliae,Humpback whale,86008,14900,1.239,0.76,-2.29,train
8600803S,0,Megaptera novaeangliae,Humpback whale,86008,14900,1.399,0.601,7.41,train
8600803T,0,Megaptera novaeangliae,Humpback whale,86008,14900,1.358,0.642,-14.23,train
8600803U,0,Megaptera novaeangliae,Humpback whale,86008,14900,2.684,0.0,4.7,train
8600803V,0,Megaptera novaeangliae,Humpback whale,86008,14900,1.807,0.193,-21.54,train
8600803W,0,Megaptera novaeangliae,Humpback whale,86008,14900,2.897,0.0,-5.68,train
8600803X,0,Megaptera novaeangliae,Humpback whale,86008,14900,3.309,0.0,0.59,train
8600803X,1,Megaptera novaeangliae,Humpback whale,86008,14900,3.309,0.0,11.64,train
8600803Y,0,Megaptera novaeangliae,Humpback whale,86008,14900,3.755,0.0,-4.26,train
8600803Y,1,Megaptera novaeangliae,Humpback whale,86008,14900,3.755,0.0,21.26,train
8600803Z,0,Megaptera novaeangliae,Humpback whale,86008,14900,2.41,0.0,-2.16,train
86008040,0,Megaptera novaeangliae,Humpback whale,86008,14900,6.623,0.0,-26.23,train
86008040,1,Megaptera novaeangliae,Humpback whale,86008,14900,6.623,0.0,7.66,train
86008040,2,Megaptera novaeangliae,Humpback whale,86008,14900,6.623,0.0,1.0,train
86008040,3,Megaptera novaeangliae,Humpback whale,86008,14900,6.623,0.0,4.18,train
86008040,4,Megaptera novaeangliae,Humpback whale,86008,14900,6.623,0.0,6.32,train
86008041,0,Megaptera novaeangliae,Humpback whale,86008,14900,3.971,0.0,8.79,train
86008041,1,Megaptera novaeangliae,Humpback whale,86008,14900,3.971,0.0,0.96,train
86008042,0,Megaptera novaeangliae,Humpback whale,86008,14900,6.163,0.0,-16.81,train
86008042,1,Megaptera novaeangliae,Humpback whale,86008,14900,6.163,0.0,-13.32,train
86008042,2,Megaptera novaeangliae,Humpback whale,86008,14900,6.163,0.0,-10.79,train
86008042,3,Megaptera novaeangliae,Humpback whale,86008,14900,6.163,0.0,4.11,train
86008042,4,Megaptera novaeangliae,Humpback whale,86008,14900,6.163,0.0,10.1,train
86008043,0,Megaptera novaeangliae,Humpback whale,86008,14900,2.934,0.0,-16.41,train
86008044,0,Megaptera novaeangliae,Humpback whale,86008,14900,1.456,0.544,-0.91,train
86008045,0,Megaptera novaeangliae,Humpback whale,86008,14900,4.641,0.0,19.59,train
86008045,1,Megaptera novaeangliae,Humpback whale,86008,14900,4.641,0.0,-11.94,train
86008045,2,Megaptera novaeangliae,Humpback whale,86008,14900,4.641,0.0,-7.13,train
86008046,0,Megaptera novaeangliae,Humpback whale,86008,14900,3.025,0.0,13.3,train
86008046,1,Megaptera novaeangliae,Humpback whale,86008,14900,3.025,0.0,-11.34,train
86008047,0,Megaptera novaeangliae,Humpback whale,86008,14900,4.768,0.0,-11.38,train
86008047,1,Megaptera novaeangliae,Humpback whale,86008,14900,4.768,0.0,-20.05,train
86008047,2,Megaptera novaeangliae,Humpback whale,86008,14900,4.768,0.0,18.79,train
86008048,0,Megaptera novaeangliae,Humpback whale,86008,14900,3.445,0.0,-4.84,train
86008048,1,Megaptera novaeangliae,Humpback whale,86008,14900,3.445,0.0,-2.96,train
86008049,0,Megaptera novaeangliae,Humpback whale,86008,14900,1.54,0.46,-3.33,train
8600804A,0,Megaptera novaeangliae,Humpback whale,86008,14900,3.966,0.0,-16.79,train
8600804A,1,Megaptera novaeangliae,Humpback whale,86008,14900,3.966,0.0,-12.02,train
8600804B,0,Megaptera novaeangliae,Humpback whale,86008,14900,1.639,0.361,-13.18,train
8600804C,0,Megaptera novaeangliae,Humpback whale,86008,14900,2.473,0.0,-10.41,train
8600804D,0,Megaptera novaeangliae,Humpback whale,86008,14900,4.172,0.0,-4.3,train
8600804D,1,Megaptera novaeangliae,Humpback whale,86008,14900,4.172,0.0,-5.39,train
8600804D,2,Megaptera novaeangliae,Humpback whale,86008,14900,4.172,0.0,-0.74,train
8600804E,0,Megaptera novaeangliae,Humpback whale,86008,14900,1.192,0.808,-6.89,train
8600804F,0,Megaptera novaeangliae,Humpback whale,86008,14900,9.462,0.0,0.52,train
8600804F,1,Megaptera novaeangliae,Humpback whale,86008,14900,9.462,0.0,-19.2,train
8600804F,2,Megaptera novaeangliae,Humpback whale,86008,14900,9.462,0.0,-0.54,train
8600804F,3,Megaptera novaeangliae,Humpback whale,86008,14900,9.462,0.0,-7.5,train
8600804F,4,Megaptera novaeangliae,Humpback whale,86008,14900,9.462,0.0,-8.15,train
8600804G,0,Megaptera novaeangliae,Humpback whale,86008,14900,8.058,0.0,-14.28,train
8600804G,1,Megaptera novaeangliae,Humpback whale,86008,14900,8.058,0.0,-8.19,train
8600804G,2,Megaptera novaeangliae,Humpback whale,86008,14900,8.058,0.0,-8.02,train
8600804G,3,Megaptera novaeangliae,Humpback whale,86008,14900,8.058,0.0,-0.25,train
8600804G,4,Megaptera novaeangliae,Humpback whale,86008,14900,8.058,0.0,-17.43,train
8600804H,0,Megaptera novaeangliae,Humpback whale,86008,14900,2.14,0.0,17.95,train
8600804I,0,Megaptera novaeangliae,Humpback whale,86008,14900,2.987,0.0,-10.22,train
8600804J,0,Megaptera novaeangliae,Humpback whale,86008,14900,1.073,0.927,-9.72,train
8600804K,0,Megaptera novaeangliae,Humpback whale,86008,14900,1.306,0.694,-21.57,train
8600804L,0,Megaptera novaeangliae,Humpback whale,86008,14900,1.193,0.806,2.75,train
8600804M,0,Megaptera novaeangliae,Humpback whale,86008,14900,3.422,0.0,3.55,train
8600804M,1,Megaptera novaeangliae,Humpback whale,86008,14900,3.422,0.0,5.09,train
8600804N,0,Megaptera novaeangliae,Humpback whale,86008,14900,2.607,0.0,-8.11,train
8600804O,0,Megaptera novaeangliae,Humpback whale,86008,14900,1.254,0.746,5.28,train
8600804P,0,Megaptera novaeangliae,Humpback whale,86008,14900,1.427,0.573,-9.03,train
8600804Q,0,Megaptera novaeangliae,Humpback whale,86008,14900,3.294,0.0,2.26,train
8600804Q,1,Megaptera novaeangliae,Humpback whale,86008,14900,3.294,0.0,-12.47,train
8600804R,0,Megaptera novaeangliae,Humpback whale,86008,14900,1.084,0.916,17.79,train
8600804S,0,Megaptera novaeangliae,Humpback whale,86008,14900,3.248,0.0,9.36,train
8600804S,1,Megaptera novaeangliae,Humpback whale,86008,14900,3.248,0.0,-6.43,train
8600804T,0,Megaptera novaeangliae,Humpback whale,86008,14900,4.241,0.0,5.94,train
8600804T,1,Megaptera novaeangliae,Humpback whale,86008,14900,4.241,0.0,-3.0,train
8600804T,2,Megaptera novaeangliae,Humpback whale,86008,14900,4.241,0.0,-11.72,train
8600804U,0,Megaptera novaeangliae,Humpback whale,86008,14900,3.638,0.0,5.84,train
8600804U,1,Megaptera novaeangliae,Humpback whale,86008,14900,3.638,0.0,-8.5,train
8600804V,0,Megaptera novaeangliae,Humpback whale,86008,14900,1.378,0.622,-2.05,train
8600804W,0,Megaptera novaeangliae,Humpback whale,86008,14900,4.038,0.0,-6.12,train
8600804W,1,Megaptera novaeangliae,Humpback whale,86008,14900,4.038,0.0,8.33,train
8600804W,2,Megaptera novaeangliae,Humpback whale,86008,14900,4.038,0.0,3.84,train
8600804X,0,Megaptera novaeangliae,Humpback whale,86008,14900,1.815,0.184,-14.52,train
8600804Y,0,Megaptera novaeangliae,Humpback whale,86008,14900,1.71,0.289,17.91,train
8600804Z,0,Megaptera novaeangliae,Humpback whale,86008,14900,1.523,0.477,19.12,train
86008050,0,Megaptera novaeangliae,Humpback whale,86008,14900,2.153,0.0,-9.59,train
86008051,0,Megaptera novaeangliae,Humpback whale,86008,14900,1.838,0.162,-2.91,train
86008052,0,Megaptera novaeangliae,Humpback whale,86008,14900,4.954,0.0,-9.72,train
86008052,1,Megaptera novaeangliae,Humpback whale,86008,14900,4.954,0.0,20.6,train
86008052,2,Megaptera novaeangliae,Humpback whale,86008,14900,4.954,0.0,-8.99,train
86008053,0,Megaptera novaeangliae,Humpback whale,86008,14900,3.731,0.0,-9.35,train
86008053,1,Megaptera novaeangliae,Humpback whale,86008,14900,3.731,0.0,-4.25,train
86008054,0,Megaptera novaeangliae,Humpback whale,86008,14900,0.976,1.024,7.18,train
86008055,0,Megaptera novaeangliae,Humpback whale,86008,14900,2.135,0.0,-15.68,train
86008056,0,Megaptera novaeangliae,Humpback whale,86008,14900,1.42,0.58,6.78,train
86008057,0,Megaptera novaeangliae,Humpback whale,86008,14900,3.517,0.0,20.42,train
86008057,1,Megaptera novaeangliae,Humpback whale,86008,14900,3.517,0.0,6.11,train
86008058,0,Megaptera novaeangliae,Humpback whale,86008,14900,1.229,0.77,16.86,train
86008059,0,Megaptera novaeangliae,Humpback whale,86008,14900,2.398,0.0,-11.72,train
8600805A,0,Megaptera novaeangliae,Humpback whale,86008,14900,5.145,0.0,-5.06,train
8600805A,1,Megaptera novaeangliae,Humpback whale,86008,14900,5.145,0.0,10.78,train
8600805A,2,Megaptera novaeangliae,Humpback whale,86008,14900,5.145,0.0,-8.88,train
8600805A,3,Megaptera novaeangliae,Humpback whale,86008,14900,5.145,0.0,-6.08,train
8600805B,0,Megaptera novaeangliae,Humpback whale,86008,14900,2.62,0.0,1.72,train
8600805C,0,Megaptera novaeangliae,Humpback whale,86008,14900,3.802,0.0,-18.26,train
8600805C,1,Megaptera novaeangliae,Humpback whale,86008,14900,3.802,0.0,8.13,train
8600805D,0,Megaptera novaeangliae,Humpback whale,86008,14900,2.268,0.0,20.1,train
8600805E,0,Megaptera novaeangliae,Humpback whale,86008,14900,4.201,0.0,12.25,train
8600805E,1,Megaptera novaeangliae,Humpback whale,86008,14900,4.201,0.0,1.7,train
8600805E,2,Megaptera novaeangliae,Humpback whale,86008,14900,4.201,0.0,-12.87,train
8600805F,0,Megaptera novaeangliae,Humpback whale,86008,14900,1.1,0.899,10.48,train
8600805G,0,Megaptera novaeangliae,Humpback whale,86008,14900,1.246,0.754,-11.62,train
8600805H,0,Megaptera novaeangliae,Humpback whale,86008,14900,4.485,0.0,-14.17,train
8600805H,1,Megaptera novaeangliae,Humpback whale,86008,14900,4.485,0.0,11.9,train
8600805H,2,Megaptera novaeangliae,Humpback whale,86008,14900,4.485,0.0,8.51,train
8600805I,0,Megaptera novaeangliae,Humpback whale,86008,14900,6.915,0.0,-17.69,train
8600805I,1,Megaptera novaeangliae,Humpback whale,86008,14900,6.915,0.0,-15.51,train
8600805I,2,Megaptera novaeangliae,Humpback whale,86008,14900,6.915,0.0,5.79,train
8600805I,3,Megaptera novaeangliae,Humpback whale,86008,14900,6.915,0.0,-14.25,train
8600805I,4,Megaptera novaeangliae,Humpback whale,86008,14900,6.915,0.0,-3.0,train
8600805J,0,Megaptera novaeangliae,Humpback whale,86008,14900,2.954,0.0,-17.13,train
8600805K,0,Megaptera novaeangliae,Humpback whale,86008,14900,3.837,0.0,-10.79,train
8600805K,1,Megaptera novaeangliae,Humpback whale,86008,14900,3.837,0.0,-8.08,train
8600805L,0,Megaptera novaeangliae,Humpback whale,86008,14900,2.376,0.0,-11.8,train
8600805M,0,Megaptera novaeangliae,Humpback whale,86008,14900,1.057,0.943,2.43,train
8600805N,0,Megaptera novaeangliae,Humpback whale,86008,14900,1.534,0.466,-4.57,train
8600805O,0,Megaptera novaeangliae,Humpback whale,86008,14900,1.866,0.134,-22.72,train
8600805Q,0,Megaptera novaeangliae,Humpback whale,86008,14900,1.475,0.525,2.39,train
8600805S,0,Megaptera novaeangliae,Humpback whale,86008,14900,1.231,0.769,-2.29,train
8600805T,0,Megaptera novaeangliae,Humpback whale,86008,14900,1.085,0.914,-9.22,train
8600805U,0,Megaptera novaeangliae,Humpback whale,86008,14900,1.114,0.886,-14.84,train
8600805V,0,Megaptera novaeangliae,Humpback whale,86008,14900,0.996,1.004,6.79,train
8600805W,0,Megaptera novaeangliae,Humpback whale,86008,14900,1.409,0.591,-7.26,train
8600805X,0,Megaptera novaeangliae,Humpback whale,86008,14900,1.019,0.981,-4.17,train
8600805Y,0,Megaptera novaeangliae,Humpback whale,86008,14900,1.004,0.996,-5.18,train
8600805Z,0,Megaptera novaeangliae,Humpback whale,86008,14900,1.875,0.124,7.87,train
86008060,0,Megaptera novaeangliae,Humpback whale,86008,14900,1.166,0.834,13.47,train
86008061,0,Megaptera novaeangliae,Humpback whale,86008,14900,1.314,0.685,-1.15,train
86008062,0,Megaptera novaeangliae,Humpback whale,86008,14900,1.1,0.899,-1.69,train
86008063,0,Megaptera novaeangliae,Humpback whale,86008,14900,1.536,0.464,-2.11,train
86008064,0,Megaptera novaeangliae,Humpback whale,86008,14900,1.639,0.361,-1.02,train
86008065,0,Megaptera novaeangliae,Humpback whale,86008,14900,1.536,0.464,-2.72,train
86008066,0,Megaptera novaeangliae,Humpback whale,86008,14900,1.344,0.656,-23.11,train
86008067,0,Megaptera novaeangliae,Humpback whale,86008,14900,2.215,0.0,-12.77,train
86008068,0,Megaptera novaeangliae,Humpback whale,86008,14900,1.58,0.42,6.09,train
86008069,0,Megaptera novaeangliae,Humpback whale,86008,14900,1.949,0.051,-12.44,train
8600806A,0,Megaptera novaeangliae,Humpback whale,86008,14900,1.787,0.213,-2.99,train
8600806B,0,Megaptera novaeangliae,Humpback whale,86008,14900,1.757,0.242,-9.93,train
8600806C,0,Megaptera novaeangliae,Humpback whale,86008,14900,2.052,0.0,-33.6,train
8600806D,0,Megaptera novaeangliae,Humpback whale,86008,14900,1.373,0.626,22.63,train
8600806E,0,Megaptera novaeangliae,Humpback whale,86008,14900,1.462,0.538,16.95,train
8600806F,0,Megaptera novaeangliae,Humpback whale,86008,14900,1.521,0.479,11.08,train
8600806G,0,Megaptera novaeangliae,Humpback whale,86008,14900,1.447,0.553,4.39,train
8600806H,0,Megaptera novaeangliae,Humpback whale,86008,14900,1.514,0.485,2.88,train
8600806I,0,Megaptera novaeangliae,Humpback whale,86008,14900,1.645,0.355,6.96,train
8600806J,0,Megaptera novaeangliae,Humpback whale,86008,14900,1.818,0.181,18.99,train
8600806K,0,Megaptera novaeangliae,Humpback whale,86008,14900,1.732,0.268,2.0,train
8600806L,0,Megaptera novaeangliae,Humpback whale,86008,14900,1.663,0.337,19.8,train
8600806M,0,Megaptera novaeangliae,Humpback whale,86008,14900,1.76,0.239,11.59,train
8600806N,0,Megaptera novaeangliae,Humpback whale,86008,14900,1.905,0.095,-3.43,train
8600806O,0,Megaptera novaeangliae,Humpback whale,86008,14900,1.732,0.268,-0.93,train
8600806P,0,Megaptera novaeangliae,Humpback whale,86008,14900,1.414,0.586,-12.93,train
8600806Q,0,Megaptera novaeangliae,Humpback whale,86008,14900,1.847,0.153,9.35,train
8600806R,0,Megaptera novaeangliae,Humpback whale,86008,14900,1.962,0.037,4.28,train
8600806S,0,Megaptera novaeangliae,Humpback whale,86008,14900,1.616,0.384,0.58,train
8600806T,0,Megaptera novaeangliae,Humpback whale,86008,14900,1.587,0.412,8.88,train
8600806U,0,Megaptera novaeangliae,Humpback whale,86008,14900,1.847,0.153,-6.62,train
8600806V,0,Megaptera novaeangliae,Humpback whale,86008,14900,2.078,0.0,6.06,train
8600806W,0,Megaptera novaeangliae,Humpback whale,86008,14900,1.29,0.71,-18.04,train
8600806X,0,Megaptera novaeangliae,Humpback whale,86008,14900,1.723,0.277,-1.45,train
8600806Y,0,Megaptera novaeangliae,Humpback whale,86008,14900,1.77,0.23,10.75,train
8600806Z,0,Megaptera novaeangliae,Humpback whale,86008,14900,1.031,0.969,-5.03,train
86008070,0,Megaptera novaeangliae,Humpback whale,86008,14900,1.364,0.635,3.39,train
86008071,0,Megaptera novaeangliae,Humpback whale,86008,14900,0.88,1.12,22.73,train
86008072,0,Megaptera novaeangliae,Humpback whale,86008,14900,2.117,0.0,26.39,train
86008073,0,Megaptera novaeangliae,Humpback whale,86008,14900,2.308,0.0,-5.77,train
86008074,0,Megaptera novaeangliae,Humpback whale,86008,14900,1.415,0.585,14.61,train
88004001,0,Balaena mysticetus,Bowhead whale,88004,16000,4.859,0.0,-25.76,train
88004001,1,Balaena mysticetus,Bowhead whale,88004,16000,4.859,0.0,-16.92,train
88004001,2,Balaena mysticetus,Bowhead whale,88004,16000,4.859,0.0,-10.08,train
88004002,0,Balaena mysticetus,Bowhead whale,88004,16000,4.084,0.0,27.17,train
88004002,1,Balaena mysticetus,Bowhead whale,88004,16000,4.084,0.0,-3.16,train
88004002,2,Balaena mysticetus,Bowhead whale,88004,16000,4.084,0.0,-14.95,train
88004003,0,Balaena mysticetus,Bowhead whale,88004,16000,8.577,0.0,-17.89,train
88004003,1,Balaena mysticetus,Bowhead whale,88004,16000,8.577,0.0,-20.35,train
88004003,2,Balaena mysticetus,Bowhead whale,88004,16000,8.577,0.0,-18.99,train
88004003,3,Balaena mysticetus,Bowhead whale,88004,16000,8.577,0.0,-2.29,train
88004003,4,Balaena mysticetus,Bowhead whale,88004,16000,8.577,0.0,14.56,train
88004004,0,Balaena mysticetus,Bowhead whale,88004,16000,8.422,0.0,0.82,train
88004004,1,Balaena mysticetus,Bowhead whale,88004,16000,8.422,0.0,-10.12,train
88004004,2,Balaena mysticetus,Bowhead whale,88004,16000,8.422,0.0,9.59,train
88004004,3,Balaena mysticetus,Bowhead whale,88004,16000,8.422,0.0,-5.32,train
88004004,4,Balaena mysticetus,Bowhead whale,88004,16000,8.422,0.0,10.39,train
88004005,0,Balaena mysticetus,Bowhead whale,88004,16000,3.392,0.0,-4.61,train
88004005,1,Balaena mysticetus,Bowhead whale,88004,16000,3.392,0.0,-8.14,train
88004006,0,Balaena mysticetus,Bowhead whale,88004,16000,4.549,0.0,3.64,train
88004006,1,Balaena mysticetus,Bowhead whale,88004,16000,4.549,0.0,2.15,train
88004006,2,Balaena mysticetus,Bowhead whale,88004,16000,4.549,0.0,-10.1,train
88004007,0,Balaena mysticetus,Bowhead whale,88004,16000,5.788,0.0,9.29,train
88004007,1,Balaena mysticetus,Bowhead whale,88004,16000,5.788,0.0,-4.41,train
88004007,2,Balaena mysticetus,Bowhead whale,88004,16000,5.788,0.0,10.2,train
88004007,3,Balaena mysticetus,Bowhead whale,88004,16000,5.788,0.0,-19.29,train
88004008,0,Balaena mysticetus,Bowhead whale,88004,16000,2.663,0.0,-8.34,train
88004009,0,Balaena mysticetus,Bowhead whale,88004,16000,8.887,0.0,-16.28,train
88004009,1,Balaena mysticetus,Bowhead whale,88004,16000,8.887,0.0,-19.22,train
88004009,2,Balaena mysticetus,Bowhead whale,88004,16000,8.887,0.0,11.95,train
88004009,3,Balaena mysticetus,Bowhead whale,88004,16000,8.887,0.0,-6.72,train
88004009,4,Balaena mysticetus,Bowhead whale,88004,16000,8.887,0.0,18.58,train
8800400A,0,Balaena mysticetus,Bowhead whale,88004,16000,3.155,0.0,-14.7,train
8800400A,1,Balaena mysticetus,Bowhead whale,88004,16000,3.155,0.0,-2.4,train
88005001,0,Balaena mysticetus,Bowhead whale,88005,10000,2.486,0.0,-11.8,train
88005002,0,Balaena mysticetus,Bowhead whale,88005,10000,2.424,0.0,7.02,train
88005003,0,Balaena mysticetus,Bowhead whale,88005,10000,3.321,0.0,-13.53,train
88005003,1,Balaena mysticetus,Bowhead whale,88005,10000,3.321,0.0,-11.03,train
88005004,0,Balaena mysticetus,Bowhead whale,88005,10000,4.664,0.0,-8.93,train
88005004,1,Balaena mysticetus,Bowhead whale,88005,10000,4.664,0.0,-6.98,train
88005004,2,Balaena mysticetus,Bowhead whale,88005,10000,4.664,0.0,-8.59,train
88005005,0,Balaena mysticetus,Bowhead whale,88005,10000,4.732,0.0,22.79,train
88005005,1,Balaena mysticetus,Bowhead whale,88005,10000,4.732,0.0,18.76,train
88005005,2,Balaena mysticetus,Bowhead whale,88005,10000,4.732,0.0,6.47,train
88005006,0,Balaena mysticetus,Bowhead whale,88005,10000,2.441,0.0,21.9,train
88005007,0,Balaena mysticetus,Bowhead whale,88005,10000,2.908,0.0,15.17,train
88005008,0,Balaena mysticetus,Bowhead whale,88005,10000,3.97,0.0,-8.66,train
88005008,1,Balaena mysticetus,Bowhead whale,88005,10000,3.97,0.0,-12.91,train
88005009,0,Balaena mysticetus,Bowhead whale,88005,10000,5.096,0.0,-0.9,train
88005009,1,Balaena mysticetus,Bowhead whale,88005,10000,5.096,0.0,18.59,train
88005009,2,Balaena mysticetus,Bowhead whale,88005,10000,5.096,0.0,-3.72,train
88005009,3,Balaena mysticetus,Bowhead whale,88005,10000,5.096,0.0,-7.38,train
8800500A,0,Balaena mysticetus,Bowhead whale,88005,10000,3.108,0.0,2.57,train
8800500A,1,Balaena mysticetus,Bowhead whale,88005,10000,3.108,0.0,-14.29,train
8800500B,0,Balaena mysticetus,Bowhead whale,88005,10000,3.998,0.0,9.51,train
8800500B,1,Balaena mysticetus,Bowhead whale,88005,10000,3.998,0.0,5.88,train
8800500C,0,Balaena mysticetus,Bowhead whale,88005,10000,5.78,0.0,-14.35,train
8800500C,1,Balaena mysticetus,Bowhead whale,88005,10000,5.78,0.0,-18.02,train
8800500C,2,Balaena mysticetus,Bowhead whale,88005,10000,5.78,0.0,9.42,train
8800500C,3,Balaena mysticetus,Bowhead whale,88005,10000,5.78,0.0,-9.52,train
8800500D,0,Balaena mysticetus,Bowhead whale,88005,10000,4.296,0.0,-14.03,train
8800500D,1,Balaena mysticetus,Bowhead whale,88005,10000,4.296,0.0,-14.57,train
8800500D,2,Balaena mysticetus,Bowhead whale,88005,10000,4.296,0.0,9.41,train
8800500E,0,Balaena mysticetus,Bowhead whale,88005,10000,4.415,0.0,-10.35,train
8800500E,1,Balaena mysticetus,Bowhead whale,88005,10000,4.415,0.0,-4.49,train
8800500E,2,Balaena mysticetus,Bowhead whale,88005,10000,4.415,0.0,-9.23,train
8800500F,0,Balaena mysticetus,Bowhead whale,88005,10000,6.661,0.0,-6.87,train
8800500F,1,Balaena mysticetus,Bowhead whale,88005,10000,6.661,0.0,8.5,train
8800500F,2,Balaena mysticetus,Bowhead whale,88005,10000,6.661,0.0,13.31,train
8800500F,3,Balaena mysticetus,Bowhead whale,88005,10000,6.661,0.0,9.59,train
8800500F,4,Balaena mysticetus,Bowhead whale,88005,10000,6.661,0.0,-9.21,train
8800500G,0,Balaena mysticetus,Bowhead whale,88005,10000,4.038,0.0,1.46,train
8800500G,1,Balaena mysticetus,Bowhead whale,88005,10000,4.038,0.0,-11.53,train
8800500G,2,Balaena mysticetus,Bowhead whale,88005,10000,4.038,0.0,-15.23,train
8800500H,0,Balaena mysticetus,Bowhead whale,88005,10000,3.77,0.0,-12.92,train
8800500H,1,Balaena mysticetus,Bowhead whale,88005,10000,3.77,0.0,-5.23,train
8800500I,0,Balaena mysticetus,Bowhead whale,88005,10000,3.882,0.0,-11.85,train
8800500I,1,Balaena mysticetus,Bowhead whale,88005,10000,3.882,0.0,23.52,train
8800500J,0,Balaena mysticetus,Bowhead whale,88005,10000,2.881,0.0,-10.26,train
8800500K,0,Balaena mysticetus,Bowhead whale,88005,10000,2.992,0.0,-12.31,train
8800500L,0,Balaena mysticetus,Bowhead whale,88005,10000,3.372,0.0,3.39,train
8800500L,1,Balaena mysticetus,Bowhead whale,88005,10000,3.372,0.0,26.23,train
8800500M,0,Balaena mysticetus,Bowhead whale,88005,10000,3.614,0.0,4.02,train
8800500M,1,Balaena mysticetus,Bowhead whale,88005,10000,3.614,0.0,-2.11,train
8800500N,0,Balaena mysticetus,Bowhead whale,88005,10000,2.979,0.0,0.07,train
8800500O,0,Balaena mysticetus,Bowhead whale,88005,10000,4.088,0.0,0.86,train
8800500O,1,Balaena mysticetus,Bowhead whale,88005,10000,4.088,0.0,-10.28,train
8800500O,2,Balaena mysticetus,Bowhead whale,88005,10000,4.088,0.0,-11.55,train
8800500P,0,Balaena mysticetus,Bowhead whale,88005,10000,2.755,0.0,5.1,train
8800500Q,0,Balaena mysticetus,Bowhead whale,88005,10000,2.431,0.0,-3.8,train
8800500R,0,Balaena mysticetus,Bowhead whale,88005,10000,2.517,0.0,25.73,train
8800500S,0,Balaena mysticetus,Bowhead whale,88005,10000,3.912,0.0,16.1,train
8800500S,1,Balaena mysticetus,Bowhead whale,88005,10000,3.912,0.0,-0.13,train
8800500T,0,Balaena mysticetus,Bowhead whale,88005,10000,2.863,0.0,-34.93,train
8800500U,0,Balaena mysticetus,Bowhead whale,88005,10000,5.604,0.0,3.0,train
8800500U,1,Balaena mysticetus,Bowhead whale,88005,10000,5.604,0.0,19.65,train
8800500U,2,Balaena mysticetus,Bowhead whale,88005,10000,5.604,0.0,17.46,train
8800500U,3,Balaena mysticetus,Bowhead whale,88005,10000,5.604,0.0,6.44,train
8800500V,0,Balaena mysticetus,Bowhead whale,88005,10000,3.839,0.0,-6.86,train
8800500V,1,Balaena mysticetus,Bowhead whale,88005,10000,3.839,0.0,-21.48,train
8800500W,0,Balaena mysticetus,Bowhead whale,88005,10000,3.63,0.0,-20.15,train
8800500W,1,Balaena mysticetus,Bowhead whale,88005,10000,3.63,0.0,-2.87,train
8800500X,0,Balaena mysticetus,Bowhead whale,88005,10000,4.689,0.0,-13.5,train
8800500X,1,Balaena mysticetus,Bowhead whale,88005,10000,4.689,0.0,-25.75,train
8800500X,2,Balaena mysticetus,Bowhead whale,88005,10000,4.689,0.0,-9.31,train
8800500Y,0,Balaena mysticetus,Bowhead whale,88005,10000,3.09,0.0,-6.28,train
8800500Y,1,Balaena mysticetus,Bowhead whale,88005,10000,3.09,0.0,9.38,train
8800500Z,0,Balaena mysticetus,Bowhead whale,88005,10000,3.283,0.0,-7.78,train
8800500Z,1,Balaena mysticetus,Bowhead whale,88005,10000,3.283,0.0,2.08,train
88005010,0,Balaena mysticetus,Bowhead whale,88005,10000,3.398,0.0,-8.55,train
88005010,1,Balaena mysticetus,Bowhead whale,88005,10000,3.398,0.0,0.39,train
88005011,0,Balaena mysticetus,Bowhead whale,88005,10000,3.442,0.0,1.14,train
88005011,1,Balaena mysticetus,Bowhead whale,88005,10000,3.442,0.0,9.02,train
88005012,0,Balaena mysticetus,Bowhead whale,88005,10000,4.138,0.0,4.73,train
88005012,1,Balaena mysticetus,Bowhead whale,88005,10000,4.138,0.0,8.47,train
88005012,2,Balaena mysticetus,Bowhead whale,88005,10000,4.138,0.0,7.09,train
88005013,0,Balaena mysticetus,Bowhead whale,88005,10000,3.929,0.0,-18.0,train
88005013,1,Balaena mysticetus,Bowhead whale,88005,10000,3.929,0.0,-20.5,train
88005014,0,Balaena mysticetus,Bowhead whale,88005,10000,3.405,0.0,25.57,train
88005014,1,Balaena mysticetus,Bowhead whale,88005,10000,3.405,0.0,-12.83,train
88005015,0,Balaena mysticetus,Bowhead whale,88005,10000,3.119,0.0,20.85,train
88005015,1,Balaena mysticetus,Bowhead whale,88005,10000,3.119,0.0,19.69,train
88005016,0,Balaena mysticetus,Bowhead whale,88005,10000,3.087,0.0,19.22,train
88005016,1,Balaena mysticetus,Bowhead whale,88005,10000,3.087,0.0,25.0,train
88005017,0,Balaena mysticetus,Bowhead whale,88005,10000,2.945,0.0,3.04,train
88005018,0,Balaena mysticetus,Bowhead whale,88005,10000,2.2,0.0,-4.62,train
88005019,0,Balaena mysticetus,Bowhead whale,88005,10000,2.794,0.0,-5.75,train
8800501A,0,Balaena mysticetus,Bowhead whale,88005,10000,2.687,0.0,11.94,train
8800501B,0,Balaena mysticetus,Bowhead whale,88005,10000,2.074,0.0,5.73,train
8800501C,0,Balaena mysticetus,Bowhead whale,88005,10000,1.879,0.12,16.74,train
8800501D,0,Balaena mysticetus,Bowhead whale,88005,10000,2.449,0.0,8.06,train
8800501E,0,Balaena mysticetus,Bowhead whale,88005,10000,5.373,0.0,5.38,train
8800501E,1,Balaena mysticetus,Bowhead whale,88005,10000,5.373,0.0,6.11,train
8800501E,2,Balaena mysticetus,Bowhead whale,88005,10000,5.373,0.0,14.9,train
8800501E,3,Balaena mysticetus,Bowhead whale,88005,10000,5.373,0.0,8.9,train
8800501F,0,Balaena mysticetus,Bowhead whale,88005,10000,10.912,0.0,-0.92,train
8800501F,1,Balaena mysticetus,Bowhead whale,88005,10000,10.912,0.0,27.03,train
8800501F,2,Balaena mysticetus,Bowhead whale,88005,10000,10.912,0.0,11.59,train
8800501F,3,Balaena mysticetus,Bowhead whale,88005,10000,10.912,0.0,-12.99,train
8800501F,4,Balaena mysticetus,Bowhead whale,88005,10000,10.912,0.0,-13.2,train
8800501G,0,Balaena mysticetus,Bowhead whale,88005,10000,2.986,0.0,-12.65,train
8800501H,0,Balaena mysticetus,Bowhead whale,88005,10000,3.119,0.0,-23.8,train
8800501H,1,Balaena mysticetus,Bowhead whale,88005,10000,3.119,0.0,12.69,train
8800501I,0,Balaena mysticetus,Bowhead whale,88005,10000,2.735,0.0,-22.87,train
8800501J,0,Balaena mysticetus,Bowhead whale,88005,10000,4.89,0.0,-9.22,train
8800501J,1,Balaena mysticetus,Bowhead whale,88005,10000,4.89,0.0,-12.8,train
8800501J,2,Balaena mysticetus,Bowhead whale,88005,10000,4.89,0.0,12.71,train
8800501K,0,Balaena mysticetus,Bowhead whale,88005,10000,4.337,0.0,-19.22,train
8800501K,1,Balaena mysticetus,Bowhead whale,88005,10000,4.337,0.0,-12.8,train
8800501K,2,Balaena mysticetus,Bowhead whale,88005,10000,4.337,0.0,28.47,train
8800501L,0,Balaena mysticetus,Bowhead whale,88005,10000,4.118,0.0,14.02,train
8800501L,1,Balaena mysticetus,Bowhead whale,88005,10000,4.118,0.0,-10.68,train
8800501L,2,Balaena mysticetus,Bowhead whale,88005,10000,4.118,0.0,26.28,train
8800501M,0,Balaena mysticetus,Bowhead whale,88005,10000,3.22,0.0,15.09,train
8800501M,1,Balaena mysticetus,Bowhead whale,88005,10000,3.22,0.0,18.83,train
8800501N,0,Balaena mysticetus,Bowhead whale,88005,10000,4.786,0.0,11.02,train
8800501N,1,Balaena mysticetus,Bowhead whale,88005,10000,4.786,0.0,-19.8,train
8800501N,2,Balaena mysticetus,Bowhead whale,88005,10000,4.786,0.0,0.71,train
8800501O,0,Balaena mysticetus,Bowhead whale,88005,10000,2.21,0.0,7.72,train
8800501P,0,Balaena mysticetus,Bowhead whale,88005,10000,4.315,0.0,12.26,train
8800501P,1,Balaena mysticetus,Bowhead whale,88005,10000,4.315,0.0,7.31,train
8800501P,2,Balaena mysticetus,Bowhead whale,88005,10000,4.315,0.0,4.53,train
8800501Q,0,Balaena mysticetus,Bowhead whale,88005,10000,2.017,0.0,25.34,train
8800501R,0,Balaena mysticetus,Bowhead whale,88005,10000,2.468,0.0,-3.83,train
8800501S,0,Balaena mysticetus,Bowhead whale,88005,10000,2.576,0.0,17.83,train
8800501T,0,Balaena mysticetus,Bowhead whale,88005,10000,2.608,0.0,0.51,train
8800501U,0,Balaena mysticetus,Bowhead whale,88005,10000,3.51,0.0,0.64,train
8800501U,1,Balaena mysticetus,Bowhead whale,88005,10000,3.51,0.0,-12.99,train
8800501V,0,Balaena mysticetus,Bowhead whale,88005,10000,2.825,0.0,-6.09,train
8800501W,0,Balaena mysticetus,Bowhead whale,88005,10000,3.027,0.0,4.44,train
8800501W,1,Balaena mysticetus,Bowhead whale,88005,10000,3.027,0.0,28.22,train
8800501X,0,Balaena mysticetus,Bowhead whale,88005,10000,2.415,0.0,9.47,train
8800501Y,0,Balaena mysticetus,Bowhead whale,88005,10000,2.512,0.0,24.73,train
8800501Z,0,Balaena mysticetus,Bowhead whale,88005,10000,4.669,0.0,7.48,train
8800501Z,1,Balaena mysticetus,Bowhead whale,88005,10000,4.669,0.0,-6.71,train
8800501Z,2,Balaena mysticetus,Bowhead whale,88005,10000,4.669,0.0,11.74,train
88005020,0,Balaena mysticetus,Bowhead whale,88005,10000,2.351,0.0,5.51,train
88005021,0,Balaena mysticetus,Bowhead whale,88005,10000,2.415,0.0,12.74,train
88005022,0,Balaena mysticetus,Bowhead whale,88005,10000,2.544,0.0,-0.09,train
88005023,0,Balaena mysticetus,Bowhead whale,88005,10000,4.122,0.0,-5.86,train
88005023,1,Balaena mysticetus,Bowhead whale,88005,10000,4.122,0.0,-3.46,train
88005023,2,Balaena mysticetus,Bowhead whale,88005,10000,4.122,0.0,4.84,train
88005024,0,Balaena mysticetus,Bowhead whale,88005,10000,3.864,0.0,-5.55,train
88005024,1,Balaena mysticetus,Bowhead whale,88005,10000,3.864,0.0,5.55,train
88005025,0,Balaena mysticetus,Bowhead whale,88005,10000,4.154,0.0,-7.36,train
88005025,1,Balaena mysticetus,Bowhead whale,88005,10000,4.154,0.0,-8.95,train
88005025,2,Balaena mysticetus,Bowhead whale,88005,10000,4.154,0.0,-0.49,train
88005026,0,Balaena mysticetus,Bowhead whale,88005,10000,2.866,0.0,-4.81,train
88005027,0,Balaena mysticetus,Bowhead whale,88005,10000,2.512,0.0,5.37,train
88005028,0,Balaena mysticetus,Bowhead whale,88005,10000,2.318,0.0,24.08,train
88005029,0,Balaena mysticetus,Bowhead whale,88005,10000,3.123,0.0,-10.6,train
88005029,1,Balaena mysticetus,Bowhead whale,88005,10000,3.123,0.0,-0.58,train
8800502A,0,Balaena mysticetus,Bowhead whale,88005,10000,2.106,0.0,28.96,train
8800502B,0,Balaena mysticetus,Bowhead whale,88005,10000,2.267,0.0,2.71,train
8800502C,0,Balaena mysticetus,Bowhead whale,88005,10000,3.156,0.0,7.21,train
8800502C,1,Balaena mysticetus,Bowhead whale,88005,10000,3.156,0.0,22.73,train
8800502D,0,Balaena mysticetus,Bowhead whale,88005,10000,4.218,0.0,-12.81,train
8800502D,1,Balaena mysticetus,Bowhead whale,88005,10000,4.218,0.0,-20.08,train
8800502D,2,Balaena mysticetus,Bowhead whale,88005,10000,4.218,0.0,-1.27,train
8800502E,0,Balaena mysticetus,Bowhead whale,88005,10000,3.928,0.0,-21.26,train
8800502E,1,Balaena mysticetus,Bowhead whale,88005,10000,3.928,0.0,-10.96,train
8800502F,0,Balaena mysticetus,Bowhead whale,88005,10000,2.051,0.0,-29.58,train
8800502G,0,Balaena mysticetus,Bowhead whale,88005,10000,3.852,0.0,-10.83,train
8800502G,1,Balaena mysticetus,Bowhead whale,88005,10000,3.852,0.0,13.91,train
8800502H,0,Balaena mysticetus,Bowhead whale,88005,10000,2.304,0.0,6.62,train
8800502I,0,Balaena mysticetus,Bowhead whale,88005,10000,3.369,0.0,10.33,train
8800502I,1,Balaena mysticetus,Bowhead whale,88005,10000,3.369,0.0,-2.01,train
8800502J,0,Balaena mysticetus,Bowhead whale,88005,10000,2.244,0.0,6.37,train
8800502K,0,Balaena mysticetus,Bowhead whale,88005,10000,2.086,0.0,16.85,train
8800502L,0,Balaena mysticetus,Bowhead whale,88005,10000,1.725,0.275,8.78,train
8800502M,0,Balaena mysticetus,Bowhead whale,88005,10000,2.654,0.0,2.36,train
8800502N,0,Balaena mysticetus,Bowhead whale,88005,10000,2.433,0.0,5.14,train
8800502O,0,Balaena mysticetus,Bowhead whale,88005,10000,2.623,0.0,30.11,train
8800502P,0,Balaena mysticetus,Bowhead whale,88005,10000,3.697,0.0,12.95,train
8800502P,1,Balaena mysticetus,Bowhead whale,88005,10000,3.697,0.0,16.97,train
8800502Q,0,Balaena mysticetus,Bowhead whale,88005,10000,2.749,0.0,6.2,train
8800502R,0,Balaena mysticetus,Bowhead whale,88005,10000,2.212,0.0,25.23,train
8800502S,0,Balaena mysticetus,Bowhead whale,88005,10000,3.697,0.0,18.88,train
8800502S,1,Balaena mysticetus,Bowhead whale,88005,10000,3.697,0.0,-4.99,train
8800502T,0,Balaena mysticetus,Bowhead whale,88005,10000,2.528,0.0,6.95,train
8800502U,0,Balaena mysticetus,Bowhead whale,88005,10000,3.413,0.0,-21.52,train
8800502U,1,Balaena mysticetus,Bowhead whale,88005,10000,3.413,0.0,2.94,train
8800502V,0,Balaena mysticetus,Bowhead whale,88005,10000,2.844,0.0,6.47,train
8800502W,0,Balaena mysticetus,Bowhead whale,88005,10000,2.338,0.0,-10.7,train
8800502X,0,Balaena mysticetus,Bowhead whale,88005,10000,3.76,0.0,17.61,train
8800502X,1,Balaena mysticetus,Bowhead whale,88005,10000,3.76,0.0,25.07,train
8800502Y,0,Balaena mysticetus,Bowhead whale,88005,10000,3.567,0.0,15.11,train
8800502Y,1,Balaena mysticetus,Bowhead whale,88005,10000,3.567,0.0,29.81,train
8800502Z,0,Balaena mysticetus,Bowhead whale,88005,10000,2.268,0.0,-11.13,train
88005030,0,Balaena mysticetus,Bowhead whale,88005,10000,5.257,0.0,16.71,train
88005030,1,Balaena mysticetus,Bowhead whale,88005,10000,5.257,0.0,-6.97,train
88005030,2,Balaena mysticetus,Bowhead whale,88005,10000,5.257,0.0,9.04,train
88005030,3,Balaena mysticetus,Bowhead whale,88005,10000,5.257,0.0,-7.53,train
88005031,0,Balaena mysticetus,Bowhead whale,88005,10000,3.209,0.0,-9.47,train
88005031,1,Balaena mysticetus,Bowhead whale,88005,10000,3.209,0.0,-10.45,train
88005032,0,Balaena mysticetus,Bowhead whale,88005,10000,4.696,0.0,-3.65,train
88005032,1,Balaena mysticetus,Bowhead whale,88005,10000,4.696,0.0,22.42,train
88005032,2,Balaena mysticetus,Bowhead whale,88005,10000,4.696,0.0,10.56,train
88005033,0,Balaena mysticetus,Bowhead whale,88005,10000,3.34,0.0,-15.41,train
88005033,1,Balaena mysticetus,Bowhead whale,88005,10000,3.34,0.0,-42.62,train
88005034,0,Balaena mysticetus,Bowhead whale,88005,10000,4.218,0.0,20.77,train
88005034,1,Balaena mysticetus,Bowhead whale,88005,10000,4.218,0.0,6.04,train
88005034,2,Balaena mysticetus,Bowhead whale,88005,10000,4.218,0.0,12.87,train
88005035,0,Balaena mysticetus,Bowhead whale,88005,10000,3.952,0.0,-3.27,train
88005035,1,Balaena mysticetus,Bowhead whale,88005,10000,3.952,0.0,13.06,train
88005037,0,Balaena mysticetus,Bowhead whale,88005,10000,3.002,0.0,-14.83,train
88005037,1,Balaena mysticetus,Bowhead whale,88005,10000,3.002,0.0,12.38,train
88005038,0,Balaena mysticetus,Bowhead whale,88005,10000,4.37,0.0,-19.8,train
88005038,1,Balaena mysticetus,Bowhead whale,88005,10000,4.37,0.0,12.19,train
88005038,2,Balaena mysticetus,Bowhead whale,88005,10000,4.37,0.0,-6.69,train
88005039,0,Balaena mysticetus,Bowhead whale,88005,10000,7.182,0.0,17.4,train
88005039,1,Balaena mysticetus,Bowhead whale,88005,10000,7.182,0.0,-6.09,train
88005039,2,Balaena mysticetus,Bowhead whale,88005,10000,7.182,0.0,-14.76,train
88005039,3,Balaena mysticetus,Bowhead whale,88005,10000,7.182,0.0,-4.07,train
88005039,4,Balaena mysticetus,Bowhead whale,88005,10000,7.182,0.0,4.94,train
8800503A,0,Balaena mysticetus,Bowhead whale,88005,10000,9.652,0.0,-19.55,train
8800503A,1,Balaena mysticetus,Bowhead whale,88005,10000,9.652,0.0,12.52,train
8800503A,2,Balaena mysticetus,Bowhead whale,88005,10000,9.652,0.0,-8.16,train
8800503A,3,Balaena mysticetus,Bowhead whale,88005,10000,9.652,0.0,-5.44,train
8800503A,4,Balaena mysticetus,Bowhead whale,88005,10000,9.652,0.0,3.89,train
8800503B,0,Balaena mysticetus,Bowhead whale,88005,10000,7.752,0.0,-13.89,train
8800503B,1,Balaena mysticetus,Bowhead whale,88005,10000,7.752,0.0,20.3,train
8800503B,2,Balaena mysticetus,Bowhead whale,88005,10000,7.752,0.0,15.98,train
8800503B,3,Balaena mysticetus,Bowhead whale,88005,10000,7.752,0.0,21.2,train
8800503B,4,Balaena mysticetus,Bowhead whale,88005,10000,7.752,0.0,23.6,train
8800503C,0,Balaena mysticetus,Bowhead whale,88005,10000,4.037,0.0,-16.91,train
8800503C,1,Balaena mysticetus,Bowhead whale,88005,10000,4.037,0.0,15.36,train
8800503C,2,Balaena mysticetus,Bowhead whale,88005,10000,4.037,0.0,25.86,train
8800503D,0,Balaena mysticetus,Bowhead whale,88005,10000,5.671,0.0,22.59,train
8800503D,1,Balaena mysticetus,Bowhead whale,88005,10000,5.671,0.0,17.98,train
8800503D,2,Balaena mysticetus,Bowhead whale,88005,10000,5.671,0.0,-16.56,train
8800503D,3,Balaena mysticetus,Bowhead whale,88005,10000,5.671,0.0,14.9,train
8800503E,0,Balaena mysticetus,Bowhead whale,88005,10000,8.208,0.0,15.0,train
8800503E,1,Balaena mysticetus,Bowhead whale,88005,10000,8.208,0.0,-4.52,train
8800503E,2,Balaena mysticetus,Bowhead whale,88005,10000,8.208,0.0,-4.86,train
8800503E,3,Balaena mysticetus,Bowhead whale,88005,10000,8.208,0.0,0.52,train
8800503E,4,Balaena mysticetus,Bowhead whale,88005,10000,8.208,0.0,14.8,train
8800503F,0,Balaena mysticetus,Bowhead whale,88005,10000,5.206,0.0,-11.8,train
8800503F,1,Balaena mysticetus,Bowhead whale,88005,10000,5.206,0.0,20.84,train
8800503F,2,Balaena mysticetus,Bowhead whale,88005,10000,5.206,0.0,-12.04,train
8800503F,3,Balaena mysticetus,Bowhead whale,88005,10000,5.206,0.0,-2.53,train
8800503G,0,Balaena mysticetus,Bowhead whale,88005,10000,4.104,0.0,5.91,train
8800503G,1,Balaena mysticetus,Bowhead whale,88005,10000,4.104,0.0,-5.33,train
8800503G,2,Balaena mysticetus,Bowhead whale,88005,10000,4.104,0.0,14.4,train
8800503H,0,Balaena mysticetus,Bowhead whale,88005,10000,3.302,0.0,-16.07,train
8800503H,1,Balaena mysticetus,Bowhead whale,88005,10000,3.302,0.0,19.08,train
8800503I,0,Balaena mysticetus,Bowhead whale,88005,10000,2.392,0.0,2.17,train
8800503J,0,Balaena mysticetus,Bowhead whale,88005,10000,4.71,0.0,-0.26,train
8800503J,1,Balaena mysticetus,Bowhead whale,88005,10000,4.71,0.0,-17.93,train
8800503J,2,Balaena mysticetus,Bowhead whale,88005,10000,4.71,0.0,12.28,train
8800503K,0,Balaena mysticetus,Bowhead whale,88005,10000,8.276,0.0,19.95,train
8800503K,1,Balaena mysticetus,Bowhead whale,88005,10000,8.276,0.0,-4.72,train
8800503K,2,Balaena mysticetus,Bowhead whale,88005,10000,8.276,0.0,-5.0,train
8800503K,3,Balaena mysticetus,Bowhead whale,88005,10000,8.276,0.0,2.68,train
8800503K,4,Balaena mysticetus,Bowhead whale,88005,10000,8.276,0.0,16.94,train
8800503L,0,Balaena mysticetus,Bowhead whale,88005,10000,6.946,0.0,4.03,train
8800503L,1,Balaena mysticetus,Bowhead whale,88005,10000,6.946,0.0,-5.55,train
8800503L,2,Balaena mysticetus,Bowhead whale,88005,10000,6.946,0.0,4.47,train
8800503L,3,Balaena mysticetus,Bowhead whale,88005,10000,6.946,0.0,-0.17,train
8800503L,4,Balaena mysticetus,Bowhead whale,88005,10000,6.946,0.0,4.14,train
8800503M,0,Balaena mysticetus,Bowhead whale,88005,10000,3.336,0.0,-5.93,train
8800503M,1,Balaena mysticetus,Bowhead whale,88005,10000,3.336,0.0,-6.26,train
8800503N,0,Balaena mysticetus,Bowhead whale,88005,10000,5.122,0.0,16.47,train
8800503N,1,Balaena mysticetus,Bowhead whale,88005,10000,5.122,0.0,-2.24,train
8800503N,2,Balaena mysticetus,Bowhead whale,88005,10000,5.122,0.0,15.55,train
8800503N,3,Balaena mysticetus,Bowhead whale,88005,10000,5.122,0.0,-7.46,train
8800503O,0,Balaena mysticetus,Bowhead whale,88005,10000,2.015,0.0,23.43,train
8800503P,0,Balaena mysticetus,Bowhead whale,88005,10000,4.096,0.0,2.13,train
8800503P,1,Balaena mysticetus,Bowhead whale,88005,10000,4.096,0.0,19.6,train
8800503P,2,Balaena mysticetus,Bowhead whale,88005,10000,4.096,0.0,-5.57,train
8800503Q,0,Balaena mysticetus,Bowhead whale,88005,10000,3.101,0.0,-25.31,train
8800503Q,1,Balaena mysticetus,Bowhead whale,88005,10000,3.101,0.0,-13.44,train
8800503R,0,Balaena mysticetus,Bowhead whale,88005,10000,6.034,0.0,-6.85,train
8800503R,1,Balaena mysticetus,Bowhead whale,88005,10000,6.034,0.0,-11.48,train
8800503R,2,Balaena mysticetus,Bowhead whale,88005,10000,6.034,0.0,-17.99,train
8800503R,3,Balaena mysticetus,Bowhead whale,88005,10000,6.034,0.0,-3.91,train
8800503R,4,Balaena mysticetus,Bowhead whale,88005,10000,6.034,0.0,9.47,train
8800503S,0,Balaena mysticetus,Bowhead whale,88005,10000,5.793,0.0,8.3,train
8800503S,1,Balaena mysticetus,Bowhead whale,88005,10000,5.793,0.0,-2.18,train
8800503S,2,Balaena mysticetus,Bowhead whale,88005,10000,5.793,0.0,-3.82,train
8800503S,3,Balaena mysticetus,Bowhead whale,88005,10000,5.793,0.0,31.74,train
8800503T,0,Balaena mysticetus,Bowhead whale,88005,10000,6.549,0.0,-4.52,train
8800503T,1,Balaena mysticetus,Bowhead whale,88005,10000,6.549,0.0,21.2,train
8800503T,2,Balaena mysticetus,Bowhead whale,88005,10000,6.549,0.0,-9.86,train
8800503T,3,Balaena mysticetus,Bowhead whale,88005,10000,6.549,0.0,15.41,train
8800503T,4,Balaena mysticetus,Bowhead whale,88005,10000,6.549,0.0,-2.17,train
8800503U,0,Balaena mysticetus,Bowhead whale,88005,10000,6.489,0.0,7.14,train
8800503U,1,Balaena mysticetus,Bowhead whale,88005,10000,6.489,0.0,-15.64,train
8800503U,2,Balaena mysticetus,Bowhead whale,88005,10000,6.489,0.0,-3.91,train
8800503U,3,Balaena mysticetus,Bowhead whale,88005,10000,6.489,0.0,-6.86,train
8800503U,4,Balaena mysticetus,Bowhead whale,88005,10000,6.489,0.0,1.11,train
8800503V,0,Balaena mysticetus,Bowhead whale,88005,10000,7.34,0.0,-5.85,train
8800503V,1,Balaena mysticetus,Bowhead whale,88005,10000,7.34,0.0,-18.65,train
8800503V,2,Balaena mysticetus,Bowhead whale,88005,10000,7.34,0.0,-5.08,train
8800503V,3,Balaena mysticetus,Bowhead whale,88005,10000,7.34,0.0,-2.01,train
8800503V,4,Balaena mysticetus,Bowhead whale,88005,10000,7.34,0.0,7.71,train
8800503W,0,Balaena mysticetus,Bowhead whale,88005,10000,6.363,0.0,-8.31,train
8800503W,1,Balaena mysticetus,Bowhead whale,88005,10000,6.363,0.0,2.72,train
8800503W,2,Balaena mysticetus,Bowhead whale,88005,10000,6.363,0.0,-19.96,train
8800503W,3,Balaena mysticetus,Bowhead whale,88005,10000,6.363,0.0,-4.46,train
8800503W,4,Balaena mysticetus,Bowhead whale,88005,10000,6.363,0.0,13.74,train
8800503X,0,Balaena mysticetus,Bowhead whale,88005,10000,6.835,0.0,-27.02,train
8800503X,1,Balaena mysticetus,Bowhead whale,88005,10000,6.835,0.0,-5.92,train
8800503X,2,Balaena mysticetus,Bowhead whale,88005,10000,6.835,0.0,2.97,train
8800503X,3,Balaena mysticetus,Bowhead whale,88005,10000,6.835,0.0,-24.13,train
8800503X,4,Balaena mysticetus,Bowhead whale,88005,10000,6.835,0.0,16.83,train
8800503Y,0,Balaena mysticetus,Bowhead whale,88005,10000,2.678,0.0,-11.57,train
8800503Z,0,Balaena mysticetus,Bowhead whale,88005,10000,3.308,0.0,-3.31,train
8800503Z,1,Balaena mysticetus,Bowhead whale,88005,10000,3.308,0.0,-12.09,train
88005040,0,Balaena mysticetus,Bowhead whale,88005,10000,2.835,0.0,-15.84,train
88005041,0,Balaena mysticetus,Bowhead whale,88005,10000,3.276,0.0,-14.7,train
88005041,1,Balaena mysticetus,Bowhead whale,88005,10000,3.276,0.0,-2.3,train
88005042,0,Balaena mysticetus,Bowhead whale,88005,10000,3.748,0.0,10.77,train
88005042,1,Balaena mysticetus,Bowhead whale,88005,10000,3.748,0.0,12.69,train
88005043,0,Balaena mysticetus,Bowhead whale,88005,10000,4.221,0.0,-9.28,train
88005043,1,Balaena mysticetus,Bowhead whale,88005,10000,4.221,0.0,-8.68,train
88005043,2,Balaena mysticetus,Bowhead whale,88005,10000,4.221,0.0,5.69,train
88005044,0,Balaena mysticetus,Bowhead whale,88005,10000,3.78,0.0,-7.6,train
88005044,1,Balaena mysticetus,Bowhead whale,88005,10000,3.78,0.0,-10.27,train
88005045,0,Balaena mysticetus,Bowhead whale,88005,10000,4.914,0.0,-14.86,train
88005045,1,Balaena mysticetus,Bowhead whale,88005,10000,4.914,0.0,-26.22,train
88005045,2,Balaena mysticetus,Bowhead whale,88005,10000,4.914,0.0,-3.85,train
88005046,0,Balaena mysticetus,Bowhead whale,88005,10000,5.418,0.0,-11.06,train
88005046,1,Balaena mysticetus,Bowhead whale,88005,10000,5.418,0.0,-26.85,train
88005046,2,Balaena mysticetus,Bowhead whale,88005,10000,5.418,0.0,-19.96,train
88005046,3,Balaena mysticetus,Bowhead whale,88005,10000,5.418,0.0,10.53,train
88005047,0,Balaena mysticetus,Bowhead whale,88005,10000,4.316,0.0,-10.37,train
88005047,1,Balaena mysticetus,Bowhead whale,88005,10000,4.316,0.0,-17.39,train
88005047,2,Balaena mysticetus,Bowhead whale,88005,10000,4.316,0.0,-8.26,train
88005048,0,Balaena mysticetus,Bowhead whale,88005,10000,5.046,0.0,3.24,train
88005048,1,Balaena mysticetus,Bowhead whale,88005,10000,5.046,0.0,-3.85,train
88005048,2,Balaena mysticetus,Bowhead whale,88005,10000,5.046,0.0,16.85,train
88005048,3,Balaena mysticetus,Bowhead whale,88005,10000,5.046,0.0,30.38,train
88005049,0,Balaena mysticetus,Bowhead whale,88005,10000,4.283,0.0,-13.78,train
88005049,1,Balaena mysticetus,Bowhead whale,88005,10000,4.283,0.0,1.82,train
88005049,2,Balaena mysticetus,Bowhead whale,88005,10000,4.283,0.0,16.08,train
8800504A,0,Balaena mysticetus,Bowhead whale,88005,10000,5.445,0.0,-7.94,train
8800504A,1,Balaena mysticetus,Bowhead whale,88005,10000,5.445,0.0,-26.06,train
8800504A,2,Balaena mysticetus,Bowhead whale,88005,10000,5.445,0.0,-10.2,train
8800504A,3,Balaena mysticetus,Bowhead whale,88005,10000,5.445,0.0,19.27,train
8800504B,0,Balaena mysticetus,Bowhead whale,88005,10000,3.718,0.0,7.67,train
8800504B,1,Balaena mysticetus,Bowhead whale,88005,10000,3.718,0.0,3.07,train
8800504C,0,Balaena mysticetus,Bowhead whale,88005,10000,4.382,0.0,-12.26,train
8800504C,1,Balaena mysticetus,Bowhead whale,88005,10000,4.382,0.0,-10.19,train
8800504C,2,Balaena mysticetus,Bowhead whale,88005,10000,4.382,0.0,10.64,train
8800504D,0,Balaena mysticetus,Bowhead whale,88005,10000,4.85,0.0,-13.29,train
8800504D,1,Balaena mysticetus,Bowhead whale,88005,10000,4.85,0.0,-7.73,train
8800504D,2,Balaena mysticetus,Bowhead whale,88005,10000,4.85,0.0,15.97,train
8800504E,0,Balaena mysticetus,Bowhead whale,88005,10000,5.412,0.0,1.16,train
8800504E,1,Balaena mysticetus,Bowhead whale,88005,10000,5.412,0.0,-20.95,train
8800504E,2,Balaena mysticetus,Bowhead whale,88005,10000,5.412,0.0,13.47,train
8800504E,3,Balaena mysticetus,Bowhead whale,88005,10000,5.412,0.0,4.6,train
8800504F,0,Balaena mysticetus,Bowhead whale,88005,10000,4.482,0.0,-11.66,train
8800504F,1,Balaena mysticetus,Bowhead whale,88005,10000,4.482,0.0,-20.0,train
8800504F,2,Balaena mysticetus,Bowhead whale,88005,10000,4.482,0.0,1.37,train
8800504G,0,Balaena mysticetus,Bowhead whale,88005,10000,4.814,0.0,-2.1,train
8800504G,1,Balaena mysticetus,Bowhead whale,88005,10000,4.814,0.0,-19.17,train
8800504G,2,Balaena mysticetus,Bowhead whale,88005,10000,4.814,0.0,0.34,train
8800504H,0,Balaena mysticetus,Bowhead whale,88005,10000,6.414,0.0,11.85,train
8800504H,1,Balaena mysticetus,Bowhead whale,88005,10000,6.414,0.0,-18.85,train
8800504H,2,Balaena mysticetus,Bowhead whale,88005,10000,6.414,0.0,0.36,train
8800504H,3,Balaena mysticetus,Bowhead whale,88005,10000,6.414,0.0,-9.22,train
8800504H,4,Balaena mysticetus,Bowhead whale,88005,10000,6.414,0.0,5.74,train
8800504I,0,Balaena mysticetus,Bowhead whale,88005,10000,4.624,0.0,5.31,train
8800504I,1,Balaena mysticetus,Bowhead whale,88005,10000,4.624,0.0,11.76,train
8800504I,2,Balaena mysticetus,Bowhead whale,88005,10000,4.624,0.0,8.73,train
8800504J,0,Balaena mysticetus,Bowhead whale,88005,10000,4.48,0.0,-3.96,train
8800504J,1,Balaena mysticetus,Bowhead whale,88005,10000,4.48,0.0,-14.86,train
8800504J,2,Balaena mysticetus,Bowhead whale,88005,10000,4.48,0.0,-9.31,train
8800504K,0,Balaena mysticetus,Bowhead whale,88005,10000,6.158,0.0,-3.92,train
8800504K,1,Balaena mysticetus,Bowhead whale,88005,10000,6.158,0.0,10.33,train
8800504K,2,Balaena mysticetus,Bowhead whale,88005,10000,6.158,0.0,-5.55,train
8800504K,3,Balaena mysticetus,Bowhead whale,88005,10000,6.158,0.0,-24.71,train
8800504K,4,Balaena mysticetus,Bowhead whale,88005,10000,6.158,0.0,4.53,train
8800504L,0,Balaena mysticetus,Bowhead whale,88005,10000,5.191,0.0,24.87,train
8800504L,1,Balaena mysticetus,Bowhead whale,88005,10000,5.191,0.0,-12.98,train
8800504L,2,Balaena mysticetus,Bowhead whale,88005,10000,5.191,0.0,-8.3,train
8800504L,3,Balaena mysticetus,Bowhead whale,88005,10000,5.191,0.0,-7.79,train
8800504M,0,Balaena mysticetus,Bowhead whale,88005,10000,4.726,0.0,7.82,train
8800504M,1,Balaena mysticetus,Bowhead whale,88005,10000,4.726,0.0,-23.16,train
8800504M,2,Balaena mysticetus,Bowhead whale,88005,10000,4.726,0.0,11.23,train
8800504N,0,Balaena mysticetus,Bowhead whale,88005,10000,4.439,0.0,11.17,train
8800504N,1,Balaena mysticetus,Bowhead whale,88005,10000,4.439,0.0,16.48,train
8800504N,2,Balaena mysticetus,Bowhead whale,88005,10000,4.439,0.0,2.05,train
8800504O,0,Balaena mysticetus,Bowhead whale,88005,10000,8.512,0.0,-5.76,train
8800504O,1,Balaena mysticetus,Bowhead whale,88005,10000,8.512,0.0,10.51,train
8800504O,2,Balaena mysticetus,Bowhead whale,88005,10000,8.512,0.0,-8.47,train
8800504O,3,Balaena mysticetus,Bowhead whale,88005,10000,8.512,0.0,12.07,train
8800504O,4,Balaena mysticetus,Bowhead whale,88005,10000,8.512,0.0,23.42,train
8800504P,0,Balaena mysticetus,Bowhead whale,88005,10000,3.357,0.0,-34.27,train
8800504P,1,Balaena mysticetus,Bowhead whale,88005,10000,3.357,0.0,-8.34,train
8800504Q,0,Balaena mysticetus,Bowhead whale,88005,10000,2.123,0.0,5.58,train
8800504R,0,Balaena mysticetus,Bowhead whale,88005,10000,9.729,0.0,-3.07,train
8800504R,1,Balaena mysticetus,Bowhead whale,88005,10000,9.729,0.0,-9.8,train
8800504R,2,Balaena mysticetus,Bowhead whale,88005,10000,9.729,0.0,-16.17,train
8800504R,3,Balaena mysticetus,Bowhead whale,88005,10000,9.729,0.0,5.91,train
8800504R,4,Balaena mysticetus,Bowhead whale,88005,10000,9.729,0.0,-7.08,train
8800504S,0,Balaena mysticetus,Bowhead whale,88005,10000,4.376,0.0,14.61,train
8800504S,1,Balaena mysticetus,Bowhead whale,88005,10000,4.376,0.0,-21.98,train
8800504S,2,Balaena mysticetus,Bowhead whale,88005,10000,4.376,0.0,22.33,train
8800504T,0,Balaena mysticetus,Bowhead whale,88005,10000,6.327,0.0,23.82,train
8800504T,1,Balaena mysticetus,Bowhead whale,88005,10000,6.327,0.0,26.08,train
8800504T,2,Balaena mysticetus,Bowhead whale,88005,10000,6.327,0.0,11.29,train
8800504T,3,Balaena mysticetus,Bowhead whale,88005,10000,6.327,0.0,12.57,train
8800504T,4,Balaena mysticetus,Bowhead whale,88005,10000,6.327,0.0,-1.87,train
8800504U,0,Balaena mysticetus,Bowhead whale,88005,10000,2.83,0.0,-4.09,train
8800504V,0,Balaena mysticetus,Bowhead whale,88005,10000,3.23,0.0,-17.35,train
8800504V,1,Balaena mysticetus,Bowhead whale,88005,10000,3.23,0.0,7.17,train
8800504W,0,Balaena mysticetus,Bowhead whale,88005,10000,3.497,0.0,8.29,train
8800504W,1,Balaena mysticetus,Bowhead whale,88005,10000,3.497,0.0,-10.62,train
8800504X,0,Balaena mysticetus,Bowhead whale,88005,10000,1.859,0.141,26.12,train
8800504Y,0,Balaena mysticetus,Bowhead whale,88005,10000,2.328,0.0,3.96,train
8800504Z,0,Balaena mysticetus,Bowhead whale,88005,10000,4.83,0.0,-16.87,train
8800504Z,1,Balaena mysticetus,Bowhead whale,88005,10000,4.83,0.0,-18.97,train
8800504Z,2,Balaena mysticetus,Bowhead whale,88005,10000,4.83,0.0,4.33,train
88005050,0,Balaena mysticetus,Bowhead whale,88005,10000,4.775,0.0,-10.75,train
88005050,1,Balaena mysticetus,Bowhead whale,88005,10000,4.775,0.0,-18.75,train
88005050,2,Balaena mysticetus,Bowhead whale,88005,10000,4.775,0.0,23.25,train
88005051,0,Balaena mysticetus,Bowhead whale,88005,10000,4.885,0.0,-2.99,train
88005051,1,Balaena mysticetus,Bowhead whale,88005,10000,4.885,0.0,-14.26,train
88005051,2,Balaena mysticetus,Bowhead whale,88005,10000,4.885,0.0,0.53,train
88005052,0,Balaena mysticetus,Bowhead whale,88005,10000,4.223,0.0,-21.52,train
88005052,1,Balaena mysticetus,Bowhead whale,88005,10000,4.223,0.0,-11.98,train
88005052,2,Balaena mysticetus,Bowhead whale,88005,10000,4.223,0.0,9.39,train
88005053,0,Balaena mysticetus,Bowhead whale,88005,10000,6.652,0.0,12.09,train
88005053,1,Balaena mysticetus,Bowhead whale,88005,10000,6.652,0.0,-29.64,train
88005053,2,Balaena mysticetus,Bowhead whale,88005,10000,6.652,0.0,-14.63,train
88005053,3,Balaena mysticetus,Bowhead whale,88005,10000,6.652,0.0,4.3,train
88005053,4,Balaena mysticetus,Bowhead whale,88005,10000,6.652,0.0,-24.72,train
88005054,0,Balaena mysticetus,Bowhead whale,88005,10000,7.066,0.0,-5.19,train
88005054,1,Balaena mysticetus,Bowhead whale,88005,10000,7.066,0.0,14.3,train
88005054,2,Balaena mysticetus,Bowhead whale,88005,10000,7.066,0.0,10.75,train
88005054,3,Balaena mysticetus,Bowhead whale,88005,10000,7.066,0.0,-3.74,train
88005054,4,Balaena mysticetus,Bowhead whale,88005,10000,7.066,0.0,21.9,train
88005055,0,Balaena mysticetus,Bowhead whale,88005,10000,5.52,0.0,2.63,train
88005055,1,Balaena mysticetus,Bowhead whale,88005,10000,5.52,0.0,-24.57,train
88005055,2,Balaena mysticetus,Bowhead whale,88005,10000,5.52,0.0,9.22,train
88005055,3,Balaena mysticetus,Bowhead whale,88005,10000,5.52,0.0,-7.09,train
88005056,0,Balaena mysticetus,Bowhead whale,88005,10000,3.754,0.0,8.08,train
88005056,1,Balaena mysticetus,Bowhead whale,88005,10000,3.754,0.0,-13.48,train
88005057,0,Balaena mysticetus,Bowhead whale,88005,10000,4.333,0.0,1.73,train
88005057,1,Balaena mysticetus,Bowhead whale,88005,10000,4.333,0.0,-28.96,train
88005057,2,Balaena mysticetus,Bowhead whale,88005,10000,4.333,0.0,-7.0,train
88005058,0,Balaena mysticetus,Bowhead whale,88005,10000,3.726,0.0,-6.57,train
88005058,1,Balaena mysticetus,Bowhead whale,88005,10000,3.726,0.0,-3.62,train
88005059,0,Balaena mysticetus,Bowhead whale,88005,10000,5.409,0.0,-4.31,train
88005059,1,Balaena mysticetus,Bowhead whale,88005,10000,5.409,0.0,-17.24,train
88005059,2,Balaena mysticetus,Bowhead whale,88005,10000,5.409,0.0,-25.35,train
88005059,3,Balaena mysticetus,Bowhead whale,88005,10000,5.409,0.0,-18.03,train
8800505A,0,Balaena mysticetus,Bowhead whale,88005,10000,5.824,0.0,9.35,train
8800505A,1,Balaena mysticetus,Bowhead whale,88005,10000,5.824,0.0,11.34,train
8800505A,2,Balaena mysticetus,Bowhead whale,88005,10000,5.824,0.0,-16.47,train
8800505A,3,Balaena mysticetus,Bowhead whale,88005,10000,5.824,0.0,-11.75,train
8800505B,0,Balaena mysticetus,Bowhead whale,88005,10000,4.066,0.0,-9.42,train
8800505B,1,Balaena mysticetus,Bowhead whale,88005,10000,4.066,0.0,11.0,train
8800505B,2,Balaena mysticetus,Bowhead whale,88005,10000,4.066,0.0,5.86,train
8800505C,0,Balaena mysticetus,Bowhead whale,88005,10000,4.664,0.0,-10.24,train
8800505C,1,Balaena mysticetus,Bowhead whale,88005,10000,4.664,0.0,8.31,train
8800505C,2,Balaena mysticetus,Bowhead whale,88005,10000,4.664,0.0,0.71,train
8800505D,0,Balaena mysticetus,Bowhead whale,88005,10000,5.051,0.0,5.79,train
8800505D,1,Balaena mysticetus,Bowhead whale,88005,10000,5.051,0.0,-20.89,train
8800505D,2,Balaena mysticetus,Bowhead whale,88005,10000,5.051,0.0,0.79,train
8800505D,3,Balaena mysticetus,Bowhead whale,88005,10000,5.051,0.0,19.94,train
8800505E,0,Balaena mysticetus,Bowhead whale,88005,10000,5.41,0.0,-18.12,train
8800505E,1,Balaena mysticetus,Bowhead whale,88005,10000,5.41,0.0,-18.03,train
8800505E,2,Balaena mysticetus,Bowhead whale,88005,10000,5.41,0.0,10.14,train
8800505E,3,Balaena mysticetus,Bowhead whale,88005,10000,5.41,0.0,-10.27,train
8800505F,0,Balaena mysticetus,Bowhead whale,88005,10000,3.202,0.0,5.02,train
8800505F,1,Balaena mysticetus,Bowhead whale,88005,10000,3.202,0.0,-16.01,train
88006001,0,Balaena mysticetus,Bowhead whale,88006,10000,2.646,0.0,6.89,train
88006002,0,Balaena mysticetus,Bowhead whale,88006,10000,5.032,0.0,-14.62,train
88006002,1,Balaena mysticetus,Bowhead whale,88006,10000,5.032,0.0,-9.39,train
88006002,2,Balaena mysticetus,Bowhead whale,88006,10000,5.032,0.0,-9.15,train
88006002,3,Balaena mysticetus,Bowhead whale,88006,10000,5.032,0.0,-12.79,train
88006003,0,Balaena mysticetus,Bowhead whale,88006,10000,3.616,0.0,-7.15,train
88006003,1,Balaena mysticetus,Bowhead whale,88006,10000,3.616,0.0,5.67,train
88006004,0,Balaena mysticetus,Bowhead whale,88006,10000,3.299,0.0,-17.8,train
88006004,1,Balaena mysticetus,Bowhead whale,88006,10000,3.299,0.0,-22.31,train
88006005,0,Balaena mysticetus,Bowhead whale,88006,10000,3.618,0.0,-23.59,train
88006005,1,Balaena mysticetus,Bowhead whale,88006,10000,3.618,0.0,-18.8,train
88006006,0,Balaena mysticetus,Bowhead whale,88006,10000,3.776,0.0,10.88,train
88006006,1,Balaena mysticetus,Bowhead whale,88006,10000,3.776,0.0,25.87,train
88006007,0,Balaena mysticetus,Bowhead whale,88006,10000,2.837,0.0,-18.84,train
88006008,0,Balaena mysticetus,Bowhead whale,88006,10000,3.355,0.0,13.69,train
88006008,1,Balaena mysticetus,Bowhead whale,88006,10000,3.355,0.0,-16.13,train
88006009,0,Balaena mysticetus,Bowhead whale,88006,10000,4.285,0.0,6.59,train
88006009,1,Balaena mysticetus,Bowhead whale,88006,10000,4.285,0.0,-10.09,train
88006009,2,Balaena mysticetus,Bowhead whale,88006,10000,4.285,0.0,10.42,train
8800600A,0,Balaena mysticetus,Bowhead whale,88006,10000,4.502,0.0,0.45,train
8800600A,1,Balaena mysticetus,Bowhead whale,88006,10000,4.502,0.0,0.03,train
8800600A,2,Balaena mysticetus,Bowhead whale,88006,10000,4.502,0.0,14.9,train
8800600B,0,Balaena mysticetus,Bowhead whale,88006,10000,9.929,0.0,0.66,train
8800600B,1,Balaena mysticetus,Bowhead whale,88006,10000,9.929,0.0,11.82,train
8800600B,2,Balaena mysticetus,Bowhead whale,88006,10000,9.929,0.0,8.44,train
8800600B,3,Balaena mysticetus,Bowhead whale,88006,10000,9.929,0.0,-3.33,train
8800600B,4,Balaena mysticetus,Bowhead whale,88006,10000,9.929,0.0,-4.65,train
8800600C,0,Balaena mysticetus,Bowhead whale,88006,10000,9.708,0.0,5.28,train
8800600C,1,Balaena mysticetus,Bowhead whale,88006,10000,9.708,0.0,-1.62,train
8800600C,2,Balaena mysticetus,Bowhead whale,88006,10000,9.708,0.0,17.83,train
8800600C,3,Balaena mysticetus,Bowhead whale,88006,10000,9.708,0.0,2.14,train
8800600C,4,Balaena mysticetus,Bowhead whale,88006,10000,9.708,0.0,5.5,train
8800600D,0,Balaena mysticetus,Bowhead whale,88006,10000,6.573,0.0,14.29,train
8800600D,1,Balaena mysticetus,Bowhead whale,88006,10000,6.573,0.0,-4.76,train
8800600D,2,Balaena mysticetus,Bowhead whale,88006,10000,6.573,0.0,-14.07,train
8800600D,3,Balaena mysticetus,Bowhead whale,88006,10000,6.573,0.0,-4.9,train
8800600D,4,Balaena mysticetus,Bowhead whale,88006,10000,6.573,0.0,8.95,train
8800600E,0,Balaena mysticetus,Bowhead whale,88006,10000,4.295,0.0,-19.03,train
8800600E,1,Balaena mysticetus,Bowhead whale,88006,10000,4.295,0.0,-0.68,train
8800600E,2,Balaena mysticetus,Bowhead whale,88006,10000,4.295,0.0,17.16,train
8800600F,0,Balaena mysticetus,Bowhead whale,88006,10000,4.945,0.0,-7.56,train
8800600F,1,Balaena mysticetus,Bowhead whale,88006,10000,4.945,0.0,-22.32,train
8800600F,2,Balaena mysticetus,Bowhead whale,88006,10000,4.945,0.0,7.24,train
8800600G,0,Balaena mysticetus,Bowhead whale,88006,10000,5.166,0.0,-10.59,train
8800600G,1,Balaena mysticetus,Bowhead whale,88006,10000,5.166,0.0,11.58,train
8800600G,2,Balaena mysticetus,Bowhead whale,88006,10000,5.166,0.0,-9.29,train
8800600G,3,Balaena mysticetus,Bowhead whale,88006,10000,5.166,0.0,-24.11,train
8800600H,0,Balaena mysticetus,Bowhead whale,88006,10000,5.367,0.0,12.91,train
8800600H,1,Balaena mysticetus,Bowhead whale,88006,10000,5.367,0.0,-23.36,train
8800600H,2,Balaena mysticetus,Bowhead whale,88006,10000,5.367,0.0,-12.84,train
8800600H,3,Balaena mysticetus,Bowhead whale,88006,10000,5.367,0.0,-7.91,train
8800600I,0,Balaena mysticetus,Bowhead whale,88006,10000,8.723,0.0,14.36,train
8800600I,1,Balaena mysticetus,Bowhead whale,88006,10000,8.723,0.0,3.67,train
8800600I,2,Balaena mysticetus,Bowhead whale,88006,10000,8.723,0.0,-0.95,train
8800600I,3,Balaena mysticetus,Bowhead whale,88006,10000,8.723,0.0,1.9,train
8800600I,4,Balaena mysticetus,Bowhead whale,88006,10000,8.723,0.0,8.16,train
8800600J,0,Balaena mysticetus,Bowhead whale,88006,10000,4.181,0.0,15.04,train
8800600J,1,Balaena mysticetus,Bowhead whale,88006,10000,4.181,0.0,-17.8,train
8800600J,2,Balaena mysticetus,Bowhead whale,88006,10000,4.181,0.0,2.67,train
8800600K,0,Balaena mysticetus,Bowhead whale,88006,10000,5.065,0.0,-5.95,train
8800600K,1,Balaena mysticetus,Bowhead whale,88006,10000,5.065,0.0,-7.99,train
8800600K,2,Balaena mysticetus,Bowhead whale,88006,10000,5.065,0.0,3.6,train
8800600K,3,Balaena mysticetus,Bowhead whale,88006,10000,5.065,0.0,23.06,train
8800600L,0,Balaena mysticetus,Bowhead whale,88006,10000,5.025,0.0,-15.29,train
8800600L,1,Balaena mysticetus,Bowhead whale,88006,10000,5.025,0.0,6.97,train
8800600L,2,Balaena mysticetus,Bowhead whale,88006,10000,5.025,0.0,2.42,train
8800600L,3,Balaena mysticetus,Bowhead whale,88006,10000,5.025,0.0,-26.63,train
8800600M,0,Balaena mysticetus,Bowhead whale,88006,10000,1.49,0.509,-1.34,train
8800600N,0,Balaena mysticetus,Bowhead whale,88006,10000,5.567,0.0,0.41,train
8800600N,1,Balaena mysticetus,Bowhead whale,88006,10000,5.567,0.0,3.07,train
8800600N,2,Balaena mysticetus,Bowhead whale,88006,10000,5.567,0.0,-22.79,train
8800600N,3,Balaena mysticetus,Bowhead whale,88006,10000,5.567,0.0,2.94,train
8800600O,0,Balaena mysticetus,Bowhead whale,88006,10000,3.882,0.0,-15.14,train
8800600O,1,Balaena mysticetus,Bowhead whale,88006,10000,3.882,0.0,-9.06,train
8800600P,0,Balaena mysticetus,Bowhead whale,88006,10000,5.224,0.0,4.41,train
8800600P,1,Balaena mysticetus,Bowhead whale,88006,10000,5.224,0.0,-6.66,train
8800600P,2,Balaena mysticetus,Bowhead whale,88006,10000,5.224,0.0,-18.61,train
8800600P,3,Balaena mysticetus,Bowhead whale,88006,10000,5.224,0.0,6.38,train
8800600Q,0,Balaena mysticetus,Bowhead whale,88006,10000,3.204,0.0,21.89,train
8800600Q,1,Balaena mysticetus,Bowhead whale,88006,10000,3.204,0.0,-11.73,train
8800600R,0,Balaena mysticetus,Bowhead whale,88006,10000,6.281,0.0,-2.15,train
8800600R,1,Balaena mysticetus,Bowhead whale,88006,10000,6.281,0.0,-10.69,train
8800600R,2,Balaena mysticetus,Bowhead whale,88006,10000,6.281,0.0,-12.35,train
8800600R,3,Balaena mysticetus,Bowhead whale,88006,10000,6.281,0.0,-2.04,train
8800600R,4,Balaena mysticetus,Bowhead whale,88006,10000,6.281,0.0,-11.52,train
8800600S,0,Balaena mysticetus,Bowhead whale,88006,10000,3.576,0.0,-16.85,train
8800600S,1,Balaena mysticetus,Bowhead whale,88006,10000,3.576,0.0,11.79,train
8800600T,0,Balaena mysticetus,Bowhead whale,88006,10000,4.178,0.0,-15.23,train
8800600T,1,Balaena mysticetus,Bowhead whale,88006,10000,4.178,0.0,18.96,train
8800600T,2,Balaena mysticetus,Bowhead whale,88006,10000,4.178,0.0,3.39,train
8800600U,0,Balaena mysticetus,Bowhead whale,88006,10000,5.474,0.0,-13.69,train
8800600U,1,Balaena mysticetus,Bowhead whale,88006,10000,5.474,0.0,-16.64,train
8800600U,2,Balaena mysticetus,Bowhead whale,88006,10000,5.474,0.0,2.82,train
8800600U,3,Balaena mysticetus,Bowhead whale,88006,10000,5.474,0.0,-19.67,train
8800600V,0,Balaena mysticetus,Bowhead whale,88006,10000,3.151,0.0,18.23,train
8800600V,1,Balaena mysticetus,Bowhead whale,88006,10000,3.151,0.0,12.47,train
8800600W,0,Balaena mysticetus,Bowhead whale,88006,10000,3.937,0.0,10.52,train
8800600W,1,Balaena mysticetus,Bowhead whale,88006,10000,3.937,0.0,-17.47,train
8800600X,0,Balaena mysticetus,Bowhead whale,88006,10000,3.97,0.0,10.15,train
8800600X,1,Balaena mysticetus,Bowhead whale,88006,10000,3.97,0.0,-28.33,train
8800600Y,0,Balaena mysticetus,Bowhead whale,88006,10000,3.727,0.0,0.74,train
8800600Y,1,Balaena mysticetus,Bowhead whale,88006,10000,3.727,0.0,-14.84,train
8800600Z,0,Balaena mysticetus,Bowhead whale,88006,10000,3.932,0.0,-13.52,train
8800600Z,1,Balaena mysticetus,Bowhead whale,88006,10000,3.932,0.0,-28.76,train
88006010,0,Balaena mysticetus,Bowhead whale,88006,10000,2.041,0.0,-24.11,train
88006011,0,Balaena mysticetus,Bowhead whale,88006,10000,1.386,0.614,28.86,train
88006012,0,Balaena mysticetus,Bowhead whale,88006,10000,4.468,0.0,-8.81,train
88006012,1,Balaena mysticetus,Bowhead whale,88006,10000,4.468,0.0,-33.2,train
88006012,2,Balaena mysticetus,Bowhead whale,88006,10000,4.468,0.0,-1.62,train
88006013,0,Balaena mysticetus,Bowhead whale,88006,10000,3.691,0.0,-1.82,train
88006013,1,Balaena mysticetus,Bowhead whale,88006,10000,3.691,0.0,-13.15,train
88006014,0,Balaena mysticetus,Bowhead whale,88006,10000,48.01,0.0,14.65,train
88006014,1,Balaena mysticetus,Bowhead whale,88006,10000,48.01,0.0,12.65,train
88006014,2,Balaena mysticetus,Bowhead whale,88006,10000,48.01,0.0,4.8,train
88006014,3,Balaena mysticetus,Bowhead whale,88006,10000,48.01,0.0,9.3,train
88006014,4,Balaena mysticetus,Bowhead whale,88006,10000,48.01,0.0,20.85,train
88006015,0,Balaena mysticetus,Bowhead whale,88006,10000,3.377,0.0,-24.84,train
88006015,1,Balaena mysticetus,Bowhead whale,88006,10000,3.377,0.0,-12.23,train
88006016,0,Balaena mysticetus,Bowhead whale,88006,10000,6.532,0.0,-20.55,train
88006016,1,Balaena mysticetus,Bowhead whale,88006,10000,6.532,0.0,-5.42,train
88006016,2,Balaena mysticetus,Bowhead whale,88006,10000,6.532,0.0,-4.27,train
88006016,3,Balaena mysticetus,Bowhead whale,88006,10000,6.532,0.0,2.04,train
88006016,4,Balaena mysticetus,Bowhead whale,88006,10000,6.532,0.0,23.39,train
88006017,0,Balaena mysticetus,Bowhead whale,88006,10000,5.63,0.0,-14.5,train
88006017,1,Balaena mysticetus,Bowhead whale,88006,10000,5.63,0.0,-3.46,train
88006017,2,Balaena mysticetus,Bowhead whale,88006,10000,5.63,0.0,11.95,train
88006017,3,Balaena mysticetus,Bowhead whale,88006,10000,5.63,0.0,26.88,train
88006018,0,Balaena mysticetus,Bowhead whale,88006,10000,4.354,0.0,-4.12,train
88006018,1,Balaena mysticetus,Bowhead whale,88006,10000,4.354,0.0,-7.71,train
88006018,2,Balaena mysticetus,Bowhead whale,88006,10000,4.354,0.0,7.5,train
88006019,0,Balaena mysticetus,Bowhead whale,88006,10000,3.528,0.0,-13.51,train
88006019,1,Balaena mysticetus,Bowhead whale,88006,10000,3.528,0.0,-10.76,train
8800601A,0,Balaena mysticetus,Bowhead whale,88006,10000,2.299,0.0,-10.96,train
8800601B,0,Balaena mysticetus,Bowhead whale,88006,10000,4.31,0.0,-10.67,train
8800601B,1,Balaena mysticetus,Bowhead whale,88006,10000,4.31,0.0,-12.33,train
8800601B,2,Balaena mysticetus,Bowhead whale,88006,10000,4.31,0.0,3.4,train
8800601C,0,Balaena mysticetus,Bowhead whale,88006,10000,3.934,0.0,-16.71,train
8800601C,1,Balaena mysticetus,Bowhead whale,88006,10000,3.934,0.0,-2.69,train
8800601D,0,Balaena mysticetus,Bowhead whale,88006,10000,3.296,0.0,8.12,train
8800601D,1,Balaena mysticetus,Bowhead whale,88006,10000,3.296,0.0,12.52,train
8800601E,0,Balaena mysticetus,Bowhead whale,88006,10000,4.498,0.0,2.14,train
8800601E,1,Balaena mysticetus,Bowhead whale,88006,10000,4.498,0.0,-12.88,train
8800601E,2,Balaena mysticetus,Bowhead whale,88006,10000,4.498,0.0,3.43,train
8800601F,0,Balaena mysticetus,Bowhead whale,88006,10000,2.302,0.0,29.04,train
8800601G,0,Balaena mysticetus,Bowhead whale,88006,10000,3.089,0.0,-12.25,train
8800601G,1,Balaena mysticetus,Bowhead whale,88006,10000,3.089,0.0,14.34,train
8800601H,0,Balaena mysticetus,Bowhead whale,88006,10000,3.131,0.0,2.14,train
8800601H,1,Balaena mysticetus,Bowhead whale,88006,10000,3.131,0.0,-2.54,train
8800601I,0,Balaena mysticetus,Bowhead whale,88006,10000,2.178,0.0,7.03,train
8800601J,0,Balaena mysticetus,Bowhead whale,88006,10000,2.274,0.0,1.65,train
8800601K,0,Balaena mysticetus,Bowhead whale,88006,10000,2.317,0.0,-3.4,train
8800601L,0,Balaena mysticetus,Bowhead whale,88006,10000,2.559,0.0,22.92,train
8800601M,0,Balaena mysticetus,Bowhead whale,88006,10000,2.306,0.0,-5.46,train
8800601N,0,Balaena mysticetus,Bowhead whale,88006,10000,4.166,0.0,12.66,train
8800601N,1,Balaena mysticetus,Bowhead whale,88006,10000,4.166,0.0,-0.16,train
8800601N,2,Balaena mysticetus,Bowhead whale,88006,10000,4.166,0.0,-21.66,train
8800601O,0,Balaena mysticetus,Bowhead whale,88006,10000,2.513,0.0,-17.41,train
8800601P,0,Balaena mysticetus,Bowhead whale,88006,10000,3.615,0.0,-22.71,train
8800601P,1,Balaena mysticetus,Bowhead whale,88006,10000,3.615,0.0,-18.75,train
8800601Q,0,Balaena mysticetus,Bowhead whale,88006,10000,2.915,0.0,-6.39,train
8800601R,0,Balaena mysticetus,Bowhead whale,88006,10000,1.983,0.017,-16.62,train
8800601S,0,Balaena mysticetus,Bowhead whale,88006,10000,4.143,0.0,5.83,train
8800601S,1,Balaena mysticetus,Bowhead whale,88006,10000,4.143,0.0,5.09,train
8800601S,2,Balaena mysticetus,Bowhead whale,88006,10000,4.143,0.0,-14.15,train
8800601T,0,Balaena mysticetus,Bowhead whale,88006,10000,3.089,0.0,-9.82,train
8800601T,1,Balaena mysticetus,Bowhead whale,88006,10000,3.089,0.0,4.33,train
8800601U,0,Balaena mysticetus,Bowhead whale,88006,10000,2.975,0.0,-19.9,train
8800601V,0,Balaena mysticetus,Bowhead whale,88006,10000,3.118,0.0,2.9,train
8800601V,1,Balaena mysticetus,Bowhead whale,88006,10000,3.118,0.0,21.99,train
8800601W,0,Balaena mysticetus,Bowhead whale,88006,10000,2.558,0.0,-1.75,train
8800601X,0,Balaena mysticetus,Bowhead whale,88006,10000,1.855,0.145,-8.4,train
8800601Y,0,Balaena mysticetus,Bowhead whale,88006,10000,2.73,0.0,-5.11,train
8800601Z,0,Balaena mysticetus,Bowhead whale,88006,10000,2.905,0.0,-3.09,train
88006020,0,Balaena mysticetus,Bowhead whale,88006,10000,2.625,0.0,-22.01,train
88006022,0,Balaena mysticetus,Bowhead whale,88006,10000,2.695,0.0,-14.52,train
88006023,0,Balaena mysticetus,Bowhead whale,88006,10000,3.516,0.0,0.17,train
88006023,1,Balaena mysticetus,Bowhead whale,88006,10000,3.516,0.0,-0.16,train
88006024,0,Balaena mysticetus,Bowhead whale,88006,10000,2.609,0.0,-17.33,train
88006025,0,Balaena mysticetus,Bowhead whale,88006,10000,2.989,0.0,-14.08,train
88006026,0,Balaena mysticetus,Bowhead whale,88006,10000,2.91,0.0,11.2,train
88006027,0,Balaena mysticetus,Bowhead whale,88006,10000,3.462,0.0,1.15,train
88006027,1,Balaena mysticetus,Bowhead whale,88006,10000,3.462,0.0,-31.19,train
88006028,0,Balaena mysticetus,Bowhead whale,88006,10000,2.427,0.0,12.04,train
88006029,0,Balaena mysticetus,Bowhead whale,88006,10000,2.135,0.0,-4.45,train
8800602A,0,Balaena mysticetus,Bowhead whale,88006,10000,1.82,0.179,5.41,train
8800602B,0,Balaena mysticetus,Bowhead whale,88006,10000,3.219,0.0,-15.19,train
8800602B,1,Balaena mysticetus,Bowhead whale,88006,10000,3.219,0.0,-15.67,train
8800602C,0,Balaena mysticetus,Bowhead whale,88006,10000,2.835,0.0,5.15,train
8800602D,0,Balaena mysticetus,Bowhead whale,88006,10000,3.045,0.0,-9.16,train
8800602D,1,Balaena mysticetus,Bowhead whale,88006,10000,3.045,0.0,-22.47,train
8800602E,0,Balaena mysticetus,Bowhead whale,88006,10000,3.808,0.0,17.14,train
8800602E,1,Balaena mysticetus,Bowhead whale,88006,10000,3.808,0.0,1.41,train
8800602F,0,Balaena mysticetus,Bowhead whale,88006,10000,2.618,0.0,-22.17,train
8800602G,0,Balaena mysticetus,Bowhead whale,88006,10000,3.264,0.0,-19.05,train
8800602G,1,Balaena mysticetus,Bowhead whale,88006,10000,3.264,0.0,0.81,train
8800602H,0,Balaena mysticetus,Bowhead whale,88006,10000,3.094,0.0,-16.44,train
8800602H,1,Balaena mysticetus,Bowhead whale,88006,10000,3.094,0.0,-32.91,train
8800602I,0,Balaena mysticetus,Bowhead whale,88006,10000,2.108,0.0,-17.52,train
8800602J,0,Balaena mysticetus,Bowhead whale,88006,10000,2.618,0.0,-8.05,train
8800602K,0,Balaena mysticetus,Bowhead whale,88006,10000,2.717,0.0,-17.79,train
8800602L,0,Balaena mysticetus,Bowhead whale,88006,10000,5.405,0.0,14.96,train
8800602L,1,Balaena mysticetus,Bowhead whale,88006,10000,5.405,0.0,-0.52,train
8800602L,2,Balaena mysticetus,Bowhead whale,88006,10000,5.405,0.0,3.18,train
8800602L,3,Balaena mysticetus,Bowhead whale,88006,10000,5.405,0.0,-4.21,train
8800602M,0,Balaena mysticetus,Bowhead whale,88006,10000,2.623,0.0,-3.58,train
8800602N,0,Balaena mysticetus,Bowhead whale,88006,10000,2.068,0.0,22.72,train
8800602O,0,Balaena mysticetus,Bowhead whale,88006,10000,2.03,0.0,7.66,train
8800602P,0,Balaena mysticetus,Bowhead whale,88006,10000,1.454,0.545,-6.91,train
8800602Q,0,Balaena mysticetus,Bowhead whale,88006,10000,1.824,0.176,25.85,train
8800602R,0,Balaena mysticetus,Bowhead whale,88006,10000,2.697,0.0,-5.74,train
8800602S,0,Balaena mysticetus,Bowhead whale,88006,10000,4.21,0.0,23.99,train
8800602S,1,Balaena mysticetus,Bowhead whale,88006,10000,4.21,0.0,-6.89,train
8800602S,2,Balaena mysticetus,Bowhead whale,88006,10000,4.21,0.0,-12.74,train
8800602T,0,Balaena mysticetus,Bowhead whale,88006,10000,3.745,0.0,-19.82,train
8800602T,1,Balaena mysticetus,Bowhead whale,88006,10000,3.745,0.0,2.88,train
8800602U,0,Balaena mysticetus,Bowhead whale,88006,10000,4.385,0.0,0.68,train
8800602U,1,Balaena mysticetus,Bowhead whale,88006,10000,4.385,0.0,-16.77,train
8800602U,2,Balaena mysticetus,Bowhead whale,88006,10000,4.385,0.0,-10.17,train
8800602V,0,Balaena mysticetus,Bowhead whale,88006,10000,3.919,0.0,-1.03,train
8800602V,1,Balaena mysticetus,Bowhead whale,88006,10000,3.919,0.0,-12.31,train
8800602W,0,Balaena mysticetus,Bowhead whale,88006,10000,1.953,0.047,16.82,train
8800602X,0,Balaena mysticetus,Bowhead whale,88006,10000,2.244,0.0,18.23,train
8800602Y,0,Balaena mysticetus,Bowhead whale,88006,10000,1.902,0.098,-4.41,train
8800602Z,0,Balaena mysticetus,Bowhead whale,88006,10000,4.076,0.0,12.15,train
8800602Z,1,Balaena mysticetus,Bowhead whale,88006,10000,4.076,0.0,0.9,train
8800602Z,2,Balaena mysticetus,Bowhead whale,88006,10000,4.076,0.0,-16.68,train
88006030,0,Balaena mysticetus,Bowhead whale,88006,10000,4.127,0.0,-13.48,train
88006030,1,Balaena mysticetus,Bowhead whale,88006,10000,4.127,0.0,-37.41,train
88006030,2,Balaena mysticetus,Bowhead whale,88006,10000,4.127,0.0,6.67,train
88006031,0,Balaena mysticetus,Bowhead whale,88006,10000,4.003,0.0,-26.84,train
88006031,1,Balaena mysticetus,Bowhead whale,88006,10000,4.003,0.0,17.65,train
88006031,2,Balaena mysticetus,Bowhead whale,88006,10000,4.003,0.0,15.4,train
88006032,0,Balaena mysticetus,Bowhead whale,88006,10000,3.642,0.0,-16.33,train
88006032,1,Balaena mysticetus,Bowhead whale,88006,10000,3.642,0.0,-8.54,train
88006033,0,Balaena mysticetus,Bowhead whale,88006,10000,5.016,0.0,3.13,train
88006033,1,Balaena mysticetus,Bowhead whale,88006,10000,5.016,0.0,5.9,train
88006033,2,Balaena mysticetus,Bowhead whale,88006,10000,5.016,0.0,24.17,train
88006033,3,Balaena mysticetus,Bowhead whale,88006,10000,5.016,0.0,5.01,train
88006034,0,Balaena mysticetus,Bowhead whale,88006,10000,6.028,0.0,-8.9,train
88006034,1,Balaena mysticetus,Bowhead whale,88006,10000,6.028,0.0,9.66,train
88006034,2,Balaena mysticetus,Bowhead whale,88006,10000,6.028,0.0,3.68,train
88006034,3,Balaena mysticetus,Bowhead whale,88006,10000,6.028,0.0,20.59,train
88006034,4,Balaena mysticetus,Bowhead whale,88006,10000,6.028,0.0,20.65,train
88006036,0,Balaena mysticetus,Bowhead whale,88006,10000,7.112,0.0,-5.3,train
88006036,1,Balaena mysticetus,Bowhead whale,88006,10000,7.112,0.0,24.69,train
88006036,2,Balaena mysticetus,Bowhead whale,88006,10000,7.112,0.0,10.41,train
88006036,3,Balaena mysticetus,Bowhead whale,88006,10000,7.112,0.0,12.42,train
88006036,4,Balaena mysticetus,Bowhead whale,88006,10000,7.112,0.0,-0.11,train
88006037,0,Balaena mysticetus,Bowhead whale,88006,10000,5.883,0.0,8.58,train
88006037,1,Balaena mysticetus,Bowhead whale,88006,10000,5.883,0.0,6.21,train
88006037,2,Balaena mysticetus,Bowhead whale,88006,10000,5.883,0.0,2.4,train
88006037,3,Balaena mysticetus,Bowhead whale,88006,10000,5.883,0.0,13.21,train
88006038,0,Balaena mysticetus,Bowhead whale,88006,10000,7.447,0.0,-10.89,train
88006038,1,Balaena mysticetus,Bowhead whale,88006,10000,7.447,0.0,-9.22,train
88006038,2,Balaena mysticetus,Bowhead whale,88006,10000,7.447,0.0,-6.65,train
88006038,3,Balaena mysticetus,Bowhead whale,88006,10000,7.447,0.0,8.41,train
88006038,4,Balaena mysticetus,Bowhead whale,88006,10000,7.447,0.0,-11.09,train
88006039,0,Balaena mysticetus,Bowhead whale,88006,10000,3.748,0.0,-13.61,train
88006039,1,Balaena mysticetus,Bowhead whale,88006,10000,3.748,0.0,-13.35,train
92201001,0,Megaptera novaeangliae,Humpback whale,92201,14900,29.593,0.0,12.13,train
92201001,1,Megaptera novaeangliae,Humpback whale,92201,14900,29.593,0.0,17.85,train
92201001,2,Megaptera novaeangliae,Humpback whale,92201,14900,29.593,0.0,-8.17,train
92201001,3,Megaptera novaeangliae,Humpback whale,92201,14900,29.593,0.0,-13.56,train
92201001,4,Megaptera novaeangliae,Humpback whale,92201,14900,29.593,0.0,-10.56,train
92201002,0,Megaptera novaeangliae,Humpback whale,92201,14900,5.085,0.0,8.17,train
92201002,1,Megaptera novaeangliae,Humpback whale,92201,14900,5.085,0.0,0.34,train
92201002,2,Megaptera novaeangliae,Humpback whale,92201,14900,5.085,0.0,14.32,train
92201002,3,Megaptera novaeangliae,Humpback whale,92201,14900,5.085,0.0,11.72,train
92201003,0,Megaptera novaeangliae,Humpback whale,92201,14900,1.332,0.667,24.94,train
92201004,0,Megaptera novaeangliae,Humpback whale,92201,14900,1.333,0.666,7.14,train
92201005,0,Megaptera novaeangliae,Humpback whale,92201,14900,4.081,0.0,-14.74,train
92201005,1,Megaptera novaeangliae,Humpback whale,92201,14900,4.081,0.0,-9.47,train
92201005,2,Megaptera novaeangliae,Humpback whale,92201,14900,4.081,0.0,-4.37,train
92201006,0,Megaptera novaeangliae,Humpback whale,92201,14900,1.983,0.017,1.67,train
92201007,0,Megaptera novaeangliae,Humpback whale,92201,14900,12.787,0.0,-11.21,train
92201007,1,Megaptera novaeangliae,Humpback whale,92201,14900,12.787,0.0,-13.23,train
92201007,2,Megaptera novaeangliae,Humpback whale,92201,14900,12.787,0.0,35.3,train
92201007,3,Megaptera novaeangliae,Humpback whale,92201,14900,12.787,0.0,19.21,train
92201007,4,Megaptera novaeangliae,Humpback whale,92201,14900,12.787,0.0,-5.34,train
92201008,0,Megaptera novaeangliae,Humpback whale,92201,14900,2.491,0.0,3.22,train
92201009,0,Megaptera novaeangliae,Humpback whale,92201,14900,3.136,0.0,-10.39,train
92201009,1,Megaptera novaeangliae,Humpback whale,92201,14900,3.136,0.0,7.44,train
9220100A,0,Megaptera novaeangliae,Humpback whale,92201,14900,1.582,0.418,15.65,train
9220100B,0,Megaptera novaeangliae,Humpback whale,92201,14900,15.841,0.0,-1.11,train
9220100B,1,Megaptera novaeangliae,Humpback whale,92201,14900,15.841,0.0,-5.7,train
9220100B,2,Megaptera novaeangliae,Humpback whale,92201,14900,15.841,0.0,7.43,train
9220100B,3,Megaptera novaeangliae,Humpback whale,92201,14900,15.841,0.0,10.71,train
9220100B,4,Megaptera novaeangliae,Humpback whale,92201,14900,15.841,0.0,19.5,train
9220100C,0,Megaptera novaeangliae,Humpback whale,92201,14900,1.529,0.47,1.85,train
9220100D,0,Megaptera novaeangliae,Humpback whale,92201,14900,2.422,0.0,-8.98,train
9220100E,0,Megaptera novaeangliae,Humpback whale,92201,14900,4.453,0.0,-0.1,train
9220100E,1,Megaptera novaeangliae,Humpback whale,92201,14900,4.453,0.0,-10.17,train
9220100E,2,Megaptera novaeangliae,Humpback whale,92201,14900,4.453,0.0,-21.12,train
9220100F,0,Megaptera novaeangliae,Humpback whale,92201,14900,2.695,0.0,-11.52,train
9220100G,0,Megaptera novaeangliae,Humpback whale,92201,14900,17.99,0.0,6.85,train
9220100G,1,Megaptera novaeangliae,Humpback whale,92201,14900,17.99,0.0,29.36,train
9220100G,2,Megaptera novaeangliae,Humpback whale,92201,14900,17.99,0.0,-13.54,train
9220100G,3,Megaptera novaeangliae,Humpback whale,92201,14900,17.99,0.0,-6.83,train
9220100G,4,Megaptera novaeangliae,Humpback whale,92201,14900,17.99,0.0,17.31,train
9220100I,0,Megaptera novaeangliae,Humpback whale,92201,14900,1.199,0.801,-15.08,train
9220100J,0,Megaptera novaeangliae,Humpback whale,92201,14900,1.79,0.21,-4.56,train
9220100K,0,Megaptera novaeangliae,Humpback whale,92201,14900,1.302,0.698,4.66,train
9220100L,0,Megaptera novaeangliae,Humpback whale,92201,14900,1.723,0.277,14.78,train
9220100M,0,Megaptera novaeangliae,Humpback whale,92201,14900,7.518,0.0,35.44,train
9220100M,1,Megaptera novaeangliae,Humpback whale,92201,14900,7.518,0.0,8.06,train
9220100M,2,Megaptera novaeangliae,Humpback whale,92201,14900,7.518,0.0,24.29,train
9220100M,3,Megaptera novaeangliae,Humpback whale,92201,14900,7.518,0.0,-5.9,train
9220100M,4,Megaptera novaeangliae,Humpback whale,92201,14900,7.518,0.0,-1.73,train
9220100N,0,Megaptera novaeangliae,Humpback whale,92201,14900,2.238,0.0,19.71,train
9220100O,0,Megaptera novaeangliae,Humpback whale,92201,14900,18.595,0.0,31.12,train
9220100O,1,Megaptera novaeangliae,Humpback whale,92201,14900,18.595,0.0,-12.35,train
9220100O,2,Megaptera novaeangliae,Humpback whale,92201,14900,18.595,0.0,0.89,train
9220100O,3,Megaptera novaeangliae,Humpback whale,92201,14900,18.595,0.0,-3.59,train
9220100O,4,Megaptera novaeangliae,Humpback whale,92201,14900,18.595,0.0,-5.93,train
9220100P,0,Megaptera novaeangliae,Humpback whale,92201,14900,1.333,0.666,5.6,train
9220100Q,0,Megaptera novaeangliae,Humpback whale,92201,14900,5.705,0.0,13.39,train
9220100Q,1,Megaptera novaeangliae,Humpback whale,92201,14900,5.705,0.0,5.07,train
9220100Q,2,Megaptera novaeangliae,Humpback whale,92201,14900,5.705,0.0,17.49,train
9220100Q,3,Megaptera novaeangliae,Humpback whale,92201,14900,5.705,0.0,-2.41,train
9220100R,0,Megaptera novaeangliae,Humpback whale,92201,14900,1.76,0.24,2.03,train
9220100S,0,Megaptera novaeangliae,Humpback whale,92201,14900,13.702,0.0,15.96,train
9220100S,1,Megaptera novaeangliae,Humpback whale,92201,14900,13.702,0.0,3.42,train
9220100S,2,Megaptera novaeangliae,Humpback whale,92201,14900,13.702,0.0,8.48,train
9220100S,3,Megaptera novaeangliae,Humpback whale,92201,14900,13.702,0.0,-4.87,train
9220100S,4,Megaptera novaeangliae,Humpback whale,92201,14900,13.702,0.0,18.54,train
9220100T,0,Megaptera novaeangliae,Humpback whale,92201,14900,5.976,0.0,2.23,train
9220100T,1,Megaptera novaeangliae,Humpback whale,92201,14900,5.976,0.0,-3.14,train
9220100T,2,Megaptera novaeangliae,Humpback whale,92201,14900,5.976,0.0,11.96,train
9220100T,3,Megaptera novaeangliae,Humpback whale,92201,14900,5.976,0.0,7.13,train
9220100U,0,Megaptera novaeangliae,Humpback whale,92201,14900,1.8,0.2,3.54,train
9220100V,0,Megaptera novaeangliae,Humpback whale,92201,14900,8.371,0.0,-12.0,train
9220100V,1,Megaptera novaeangliae,Humpback whale,92201,14900,8.371,0.0,8.3,train
9220100V,2,Megaptera novaeangliae,Humpback whale,92201,14900,8.371,0.0,18.13,train
9220100V,3,Megaptera novaeangliae,Humpback whale,92201,14900,8.371,0.0,-17.99,train
9220100V,4,Megaptera novaeangliae,Humpback whale,92201,14900,8.371,0.0,-7.94,train
9220100W,0,Megaptera novaeangliae,Humpback whale,92201,14900,5.498,0.0,2.39,train
9220100W,1,Megaptera novaeangliae,Humpback whale,92201,14900,5.498,0.0,-7.26,train
9220100W,2,Megaptera novaeangliae,Humpback whale,92201,14900,5.498,0.0,33.56,train
9220100W,3,Megaptera novaeangliae,Humpback whale,92201,14900,5.498,0.0,19.2,train
9220100X,0,Megaptera novaeangliae,Humpback whale,92201,14900,67.093,0.0,9.1,train
9220100X,1,Megaptera novaeangliae,Humpback whale,92201,14900,67.093,0.0,32.59,train
9220100X,2,Megaptera novaeangliae,Humpback whale,92201,14900,67.093,0.0,28.57,train
9220100X,3,Megaptera novaeangliae,Humpback whale,92201,14900,67.093,0.0,0.65,train
9220100X,4,Megaptera novaeangliae,Humpback whale,92201,14900,67.093,0.0,6.89,train
9220100Y,0,Megaptera novaeangliae,Humpback whale,92201,14900,4.8,0.0,18.61,train
9220100Y,1,Megaptera novaeangliae,Humpback whale,92201,14900,4.8,0.0,18.63,train
9220100Y,2,Megaptera novaeangliae,Humpback whale,92201,14900,4.8,0.0,-5.67,train
9220100Z,0,Megaptera novaeangliae,Humpback whale,92201,14900,3.178,0.0,17.82,train
9220100Z,1,Megaptera novaeangliae,Humpback whale,92201,14900,3.178,0.0,8.62,train
99001006,0,Eschrichtius robustus,Gray whale,99001,3400,7.529,0.0,-5.77,train
99001006,1,Eschrichtius robustus,Gray whale,99001,3400,7.529,0.0,-21.95,train
99001006,2,Eschrichtius robustus,Gray whale,99001,3400,7.529,0.0,-3.85,train
99001006,3,Eschrichtius robustus,Gray whale,99001,3400,7.529,0.0,-18.05,train
99001006,4,Eschrichtius robustus,Gray whale,99001,3400,7.529,0.0,18.4,train
99001007,0,Eschrichtius robustus,Gray whale,99001,3400,3.36,0.0,8.04,train
99001007,1,Eschrichtius robustus,Gray whale,99001,3400,3.36,0.0,-13.89,train
99001008,0,Eschrichtius robustus,Gray whale,99001,3400,9.412,0.0,-10.4,train
99001008,1,Eschrichtius robustus,Gray whale,99001,3400,9.412,0.0,-19.79,train
99001008,2,Eschrichtius robustus,Gray whale,99001,3400,9.412,0.0,-37.16,train
99001008,3,Eschrichtius robustus,Gray whale,99001,3400,9.412,0.0,4.57,train
99001008,4,Eschrichtius robustus,Gray whale,99001,3400,9.412,0.0,-18.14,train
99001009,0,Eschrichtius robustus,Gray whale,99001,3400,16.565,0.0,-1.5,train
99001009,1,Eschrichtius robustus,Gray whale,99001,3400,16.565,0.0,-7.6,train
99001009,2,Eschrichtius robustus,Gray whale,99001,3400,16.565,0.0,-7.21,train
99001009,3,Eschrichtius robustus,Gray whale,99001,3400,16.565,0.0,-10.62,train
99001009,4,Eschrichtius robustus,Gray whale,99001,3400,16.565,0.0,-12.81,train
9900100A,0,Eschrichtius robustus,Gray whale,99001,3400,20.35,0.0,21.94,train
9900100A,1,Eschrichtius robustus,Gray whale,99001,3400,20.35,0.0,19.24,train
9900100A,2,Eschrichtius robustus,Gray whale,99001,3400,20.35,0.0,-5.45,train
9900100A,3,Eschrichtius robustus,Gray whale,99001,3400,20.35,0.0,-6.37,train
9900100A,4,Eschrichtius robustus,Gray whale,99001,3400,20.35,0.0,32.56,train
99002001,0,Eschrichtius robustus,Gray whale,99002,3400,3.388,0.0,-1.55,train
99002001,1,Eschrichtius robustus,Gray whale,99002,3400,3.388,0.0,-12.68,train
99002002,0,Eschrichtius robustus,Gray whale,99002,3400,2.023,0.0,0.34,train
99002004,0,Eschrichtius robustus,Gray whale,99002,3400,1.506,0.494,-5.87,train
99002005,0,Eschrichtius robustus,Gray whale,99002,3400,3.388,0.0,-14.46,train
99002005,1,Eschrichtius robustus,Gray whale,99002,3400,3.388,0.0,-8.77,train
99002006,0,Eschrichtius robustus,Gray whale,99002,3400,1.694,0.305,28.09,train
99002007,0,Eschrichtius robustus,Gray whale,99002,3400,3.953,0.0,20.85,train
99002007,1,Eschrichtius robustus,Gray whale,99002,3400,3.953,0.0,26.13,train
99002008,0,Eschrichtius robustus,Gray whale,99002,3400,3.953,0.0,19.5,train
99002008,1,Eschrichtius robustus,Gray whale,99002,3400,3.953,0.0,4.34,train
99002009,0,Eschrichtius robustus,Gray whale,99002,3400,3.012,0.0,-5.38,train
99002009,1,Eschrichtius robustus,Gray whale,99002,3400,3.012,0.0,31.81,train
9900200A,0,Eschrichtius robustus,Gray whale,99002,3400,7.341,0.0,4.52,train
9900200A,1,Eschrichtius robustus,Gray whale,99002,3400,7.341,0.0,5.73,train
9900200A,2,Eschrichtius robustus,Gray whale,99002,3400,7.341,0.0,9.21,train
9900200A,3,Eschrichtius robustus,Gray whale,99002,3400,7.341,0.0,-0.09,train
9900200A,4,Eschrichtius robustus,Gray whale,99002,3400,7.341,0.0,11.31,train
9900200B,0,Eschrichtius robustus,Gray whale,99002,3400,3.576,0.0,5.36,train
9900200B,1,Eschrichtius robustus,Gray whale,99002,3400,3.576,0.0,15.19,train
